SampleID,Cancertype,Sampletype,ImTHscore
TCGA-OR-A5J1-01A-11R-A29S-07,acc,tumor,2.802276256
TCGA-OR-A5J2-01A-11R-A29S-07,acc,tumor,2.658089103
TCGA-OR-A5J3-01A-11R-A29S-07,acc,tumor,2.359216967
TCGA-OR-A5J5-01A-11R-A29S-07,acc,tumor,2.513098742
TCGA-OR-A5J6-01A-31R-A29S-07,acc,tumor,2.179644107
TCGA-OR-A5J7-01A-11R-A29S-07,acc,tumor,2.654224155
TCGA-OR-A5J8-01A-11R-A29S-07,acc,tumor,1.649387638
TCGA-OR-A5J9-01A-11R-A29S-07,acc,tumor,2.848247607
TCGA-OR-A5JA-01A-11R-A29S-07,acc,tumor,1.856015275
TCGA-OR-A5JB-01A-11R-A29S-07,acc,tumor,2.000216617
TCGA-OR-A5JC-01A-11R-A29S-07,acc,tumor,2.281215419
TCGA-OR-A5JD-01A-11R-A29S-07,acc,tumor,2.650979423
TCGA-OR-A5JE-01A-11R-A29S-07,acc,tumor,2.791529211
TCGA-OR-A5JF-01A-11R-A29S-07,acc,tumor,2.668323111
TCGA-OR-A5JG-01A-11R-A29S-07,acc,tumor,2.130775955
TCGA-OR-A5JI-01A-11R-A29S-07,acc,tumor,2.506307749
TCGA-OR-A5JJ-01A-11R-A29S-07,acc,tumor,2.915177646
TCGA-OR-A5JK-01A-11R-A29S-07,acc,tumor,2.342661557
TCGA-OR-A5JL-01A-11R-A29S-07,acc,tumor,2.617602296
TCGA-OR-A5JM-01A-11R-A29S-07,acc,tumor,2.564488816
TCGA-OR-A5JO-01A-11R-A29S-07,acc,tumor,2.304415175
TCGA-OR-A5JP-01A-11R-A29S-07,acc,tumor,1.782174119
TCGA-OR-A5JQ-01A-11R-A29S-07,acc,tumor,2.537690466
TCGA-OR-A5JR-01A-11R-A29S-07,acc,tumor,2.219072368
TCGA-OR-A5JS-01A-11R-A29S-07,acc,tumor,3.040161766
TCGA-OR-A5JT-01A-11R-A29S-07,acc,tumor,2.447147654
TCGA-OR-A5JV-01A-11R-A29S-07,acc,tumor,1.973289753
TCGA-OR-A5JW-01A-11R-A29S-07,acc,tumor,2.376673775
TCGA-OR-A5JX-01A-11R-A29S-07,acc,tumor,3.085678235
TCGA-OR-A5JY-01A-31R-A29S-07,acc,tumor,2.716004126
TCGA-OR-A5JZ-01A-11R-A29S-07,acc,tumor,2.21187142
TCGA-OR-A5K0-01A-11R-A29S-07,acc,tumor,2.820837345
TCGA-OR-A5K1-01A-11R-A29S-07,acc,tumor,2.675790145
TCGA-OR-A5K2-01A-11R-A29S-07,acc,tumor,2.425891769
TCGA-OR-A5K3-01A-11R-A29S-07,acc,tumor,2.671716991
TCGA-OR-A5K4-01A-11R-A29S-07,acc,tumor,2.909049723
TCGA-OR-A5K5-01A-11R-A29S-07,acc,tumor,2.653803485
TCGA-OR-A5K6-01A-11R-A29S-07,acc,tumor,2.973070929
TCGA-OR-A5K8-01A-11R-A29S-07,acc,tumor,2.378361523
TCGA-OR-A5K9-01A-11R-A29S-07,acc,tumor,2.577205852
TCGA-OR-A5KO-01A-11R-A29S-07,acc,tumor,2.329545307
TCGA-OR-A5KT-01A-11R-A29S-07,acc,tumor,2.722216027
TCGA-OR-A5KU-01A-11R-A29S-07,acc,tumor,2.674624218
TCGA-OR-A5KV-01A-11R-A29S-07,acc,tumor,2.584495346
TCGA-OR-A5KW-01A-11R-A29S-07,acc,tumor,3.3085339
TCGA-OR-A5KX-01A-11R-A29S-07,acc,tumor,2.38106545
TCGA-OR-A5KY-01A-11R-A29S-07,acc,tumor,2.137786586
TCGA-OR-A5KZ-01A-11R-A29S-07,acc,tumor,2.252497071
TCGA-OR-A5L3-01A-11R-A29S-07,acc,tumor,2.568993203
TCGA-OR-A5L4-01A-11R-A29S-07,acc,tumor,2.640826919
TCGA-OR-A5L5-01A-11R-A29S-07,acc,tumor,2.675418167
TCGA-OR-A5L6-01A-11R-A29S-07,acc,tumor,2.365651452
TCGA-OR-A5L8-01A-11R-A29S-07,acc,tumor,2.251530166
TCGA-OR-A5L9-01A-11R-A29S-07,acc,tumor,2.574715149
TCGA-OR-A5LA-01A-11R-A29S-07,acc,tumor,2.421650982
TCGA-OR-A5LB-01A-11R-A29S-07,acc,tumor,2.30454003
TCGA-OR-A5LC-01A-11R-A29S-07,acc,tumor,2.448439653
TCGA-OR-A5LD-01A-11R-A29S-07,acc,tumor,2.852490524
TCGA-OR-A5LE-01A-11R-A29S-07,acc,tumor,2.572393283
TCGA-OR-A5LG-01A-11R-A29S-07,acc,tumor,2.180717532
TCGA-OR-A5LH-01A-11R-A29S-07,acc,tumor,2.732081955
TCGA-OR-A5LJ-01A-11R-A29S-07,acc,tumor,2.689593663
TCGA-OR-A5LK-01A-11R-A29S-07,acc,tumor,2.181940343
TCGA-OR-A5LL-01A-11R-A29S-07,acc,tumor,2.309105097
TCGA-OR-A5LM-01A-11R-A29S-07,acc,tumor,1.970411395
TCGA-OR-A5LN-01A-11R-A29S-07,acc,tumor,2.406387623
TCGA-OR-A5LO-01A-11R-A29S-07,acc,tumor,2.771568953
TCGA-OR-A5LP-01A-11R-A29S-07,acc,tumor,2.426087769
TCGA-OR-A5LR-01A-11R-A29S-07,acc,tumor,2.389301706
TCGA-OR-A5LS-01A-11R-A29S-07,acc,tumor,2.498301964
TCGA-OR-A5LT-01A-11R-A29S-07,acc,tumor,2.310653305
TCGA-OU-A5PI-01A-12R-A29S-07,acc,tumor,1.931055426
TCGA-P6-A5OF-01A-11R-A29S-07,acc,tumor,2.287406019
TCGA-P6-A5OG-01A-22R-A29S-07,acc,tumor,2.01613198
TCGA-PA-A5YG-01A-11R-A29S-07,acc,tumor,2.540899649
TCGA-PK-A5H8-01A-11R-A29S-07,acc,tumor,2.284687724
TCGA-PK-A5H9-01A-11R-A29S-07,acc,tumor,2.972299683
TCGA-PK-A5HA-01A-11R-A29S-07,acc,tumor,2.066528264
TCGA-PK-A5HB-01A-11R-A29S-07,acc,tumor,2.545656636
TCGA-2F-A9KO-01A-11R-A38B-07,blca,tumor,2.727334473
TCGA-2F-A9KP-01A-11R-A38B-07,blca,tumor,2.98878335
TCGA-2F-A9KQ-01A-11R-A38B-07,blca,tumor,2.810213288
TCGA-2F-A9KR-01A-11R-A38B-07,blca,tumor,2.965495837
TCGA-2F-A9KT-01A-11R-A38B-07,blca,tumor,2.577496096
TCGA-2F-A9KW-01A-11R-A38B-07,blca,tumor,2.831086895
TCGA-4Z-AA7M-01A-11R-A39I-07,blca,tumor,2.283039295
TCGA-4Z-AA7N-01A-11R-A39I-07,blca,tumor,2.269264281
TCGA-4Z-AA7O-01A-31R-A39I-07,blca,tumor,2.800858179
TCGA-4Z-AA7Q-01A-11R-A39I-07,blca,tumor,2.979347282
TCGA-4Z-AA7R-01A-11R-A39I-07,blca,tumor,2.875361327
TCGA-4Z-AA7S-01A-11R-A39I-07,blca,tumor,2.935161012
TCGA-4Z-AA7W-01A-11R-A39I-07,blca,tumor,2.652245207
TCGA-4Z-AA7Y-01A-11R-A39I-07,blca,tumor,3.098911904
TCGA-4Z-AA80-01A-11R-A39I-07,blca,tumor,3.246056215
TCGA-4Z-AA81-01A-11R-A39I-07,blca,tumor,2.67781904
TCGA-4Z-AA82-01A-11R-A39I-07,blca,tumor,2.581126044
TCGA-4Z-AA83-01A-11R-A39I-07,blca,tumor,2.769283826
TCGA-4Z-AA84-01A-11R-A39I-07,blca,tumor,2.918550347
TCGA-4Z-AA86-01A-11R-A39I-07,blca,tumor,1.627534436
TCGA-4Z-AA87-01A-11R-A39I-07,blca,tumor,2.60051024
TCGA-4Z-AA89-01A-11R-A39I-07,blca,tumor,2.572218728
TCGA-5N-A9KI-01A-31R-A42T-07,blca,tumor,2.61932166
TCGA-5N-A9KM-01A-11R-A42T-07,blca,tumor,2.440320691
TCGA-BL-A0C8-01A-11R-A10U-07,blca,tumor,2.168367964
TCGA-BL-A13I-01A-11R-A13Y-07,blca,tumor,1.672818515
TCGA-BL-A13J-01A-11R-A10U-07,blca,tumor,2.15545425
TCGA-BL-A3JM-01A-12R-A21D-07,blca,tumor,1.729478038
TCGA-BL-A5ZZ-01A-31R-A30C-07,blca,tumor,1.314372425
TCGA-BT-A0S7-01A-11R-A10U-07,blca,tumor,2.245967225
TCGA-BT-A0YX-01A-11R-A10U-07,blca,tumor,2.713144525
TCGA-BT-A20J-01A-11R-A14Y-07,blca,tumor,2.52111901
TCGA-BT-A20N-01A-11R-A14Y-07,blca,tumor,2.317365536
TCGA-BT-A20O-01A-21R-A14Y-07,blca,tumor,2.381056839
TCGA-BT-A20P-01A-11R-A14Y-07,blca,tumor,2.478275667
TCGA-BT-A20Q-01A-11R-A14Y-07,blca,tumor,3.028187194
TCGA-BT-A20R-01A-12R-A16R-07,blca,tumor,1.530263875
TCGA-BT-A20T-01A-11R-A14Y-07,blca,tumor,2.872022662
TCGA-BT-A20U-01A-11R-A14Y-07,blca,tumor,2.089117305
TCGA-BT-A20V-01A-11R-A14Y-07,blca,tumor,2.630122202
TCGA-BT-A20W-01A-21R-A14Y-07,blca,tumor,3.012462856
TCGA-BT-A20X-01A-11R-A16R-07,blca,tumor,2.85719676
TCGA-BT-A2LA-01A-11R-A18C-07,blca,tumor,2.471624998
TCGA-BT-A2LB-01A-11R-A18C-07,blca,tumor,2.968701678
TCGA-BT-A2LD-01A-12R-A20F-07,blca,tumor,2.519181996
TCGA-BT-A3PH-01A-11R-A220-07,blca,tumor,2.693593057
TCGA-BT-A3PJ-01A-21R-A220-07,blca,tumor,2.185034816
TCGA-BT-A3PK-01A-21R-A220-07,blca,tumor,2.352755503
TCGA-BT-A42C-01A-11R-A23N-07,blca,tumor,3.226545455
TCGA-BT-A42E-01A-11R-A23W-07,blca,tumor,2.354493119
TCGA-BT-A42F-01A-11R-A23W-07,blca,tumor,2.236552515
TCGA-C4-A0EZ-01A-21R-A24X-07,blca,tumor,2.50212788
TCGA-C4-A0F0-01A-12R-A10U-07,blca,tumor,2.539404547
TCGA-C4-A0F1-01A-11R-A034-07,blca,tumor,2.322253221
TCGA-C4-A0F6-01A-11R-A10U-07,blca,tumor,2.886791153
TCGA-C4-A0F7-01A-11R-A084-07,blca,tumor,2.533489429
TCGA-CF-A1HR-01A-11R-A13Y-07,blca,tumor,3.196006713
TCGA-CF-A1HS-01A-11R-A13Y-07,blca,tumor,1.921355554
TCGA-CF-A27C-01A-11R-A16R-07,blca,tumor,3.296412388
TCGA-CF-A3MF-01A-12R-A21D-07,blca,tumor,2.704842823
TCGA-CF-A3MG-01A-11R-A20F-07,blca,tumor,2.253803703
TCGA-CF-A3MH-01A-11R-A20F-07,blca,tumor,2.473331773
TCGA-CF-A3MI-01A-11R-A20F-07,blca,tumor,3.014008563
TCGA-CF-A47S-01A-11R-A23W-07,blca,tumor,3.196913232
TCGA-CF-A47T-01A-11R-A23W-07,blca,tumor,2.896467456
TCGA-CF-A47V-01A-11R-A23W-07,blca,tumor,2.904027886
TCGA-CF-A47W-01A-11R-A23W-07,blca,tumor,2.864205233
TCGA-CF-A47X-01A-31R-A23W-07,blca,tumor,3.121038527
TCGA-CF-A47Y-01A-11R-A23W-07,blca,tumor,3.192863487
TCGA-CF-A5U8-01A-11R-A28M-07,blca,tumor,3.05174079
TCGA-CF-A5UA-01A-11R-A28M-07,blca,tumor,2.755381567
TCGA-CF-A7I0-01A-22R-A352-07,blca,tumor,2.983781061
TCGA-CF-A8HX-01A-11R-A36F-07,blca,tumor,2.544609346
TCGA-CF-A8HY-01A-11R-A36F-07,blca,tumor,2.852598988
TCGA-CF-A9FF-01A-11R-A38B-07,blca,tumor,2.794256968
TCGA-CF-A9FH-01A-11R-A38B-07,blca,tumor,2.614198428
TCGA-CF-A9FL-01A-11R-A38B-07,blca,tumor,2.587927914
TCGA-CF-A9FM-01A-11R-A38B-07,blca,tumor,2.728836866
TCGA-CU-A0YN-01A-21R-A10U-07,blca,tumor,2.718134094
TCGA-CU-A0YO-01A-11R-A10U-07,blca,tumor,2.962677344
TCGA-CU-A0YR-01A-12R-A10U-07,blca,tumor,2.052274033
TCGA-CU-A3KJ-01A-11R-A21D-07,blca,tumor,2.502971963
TCGA-CU-A3QU-01A-11R-A22U-07,blca,tumor,2.560803274
TCGA-CU-A3YL-01A-11R-A22U-07,blca,tumor,3.157755429
TCGA-CU-A5W6-01A-11R-A28M-07,blca,tumor,2.782665111
TCGA-CU-A72E-01A-12R-A33J-07,blca,tumor,2.200577907
TCGA-DK-A1A3-01A-11R-A13Y-07,blca,tumor,2.734495782
TCGA-DK-A1A5-01A-11R-A13Y-07,blca,tumor,2.707926706
TCGA-DK-A1A6-01A-11R-A13Y-07,blca,tumor,2.910280315
TCGA-DK-A1A7-01A-11R-A13Y-07,blca,tumor,2.915609741
TCGA-DK-A1AA-01A-11R-A13Y-07,blca,tumor,2.76855219
TCGA-DK-A1AB-01A-11R-A13Y-07,blca,tumor,2.319999277
TCGA-DK-A1AC-01A-11R-A13Y-07,blca,tumor,2.654353116
TCGA-DK-A1AD-01A-11R-A13Y-07,blca,tumor,2.740491952
TCGA-DK-A1AE-01A-11R-A13Y-07,blca,tumor,2.866018029
TCGA-DK-A1AF-01A-11R-A13Y-07,blca,tumor,2.245930925
TCGA-DK-A1AG-01A-11R-A13Y-07,blca,tumor,3.246805836
TCGA-DK-A2HX-01A-12R-A18C-07,blca,tumor,2.776529777
TCGA-DK-A2I1-01A-11R-A180-07,blca,tumor,2.741933635
TCGA-DK-A2I2-01A-11R-A180-07,blca,tumor,2.131212076
TCGA-DK-A2I4-01A-11R-A21D-07,blca,tumor,2.530554059
TCGA-DK-A2I6-01A-12R-A18C-07,blca,tumor,2.547095697
TCGA-DK-A3IK-01A-32R-A21D-07,blca,tumor,2.680801536
TCGA-DK-A3IL-01A-11R-A20F-07,blca,tumor,2.574095915
TCGA-DK-A3IM-01A-11R-A20F-07,blca,tumor,2.232053239
TCGA-DK-A3IN-01A-11R-A20F-07,blca,tumor,2.057739903
TCGA-DK-A3IQ-01A-31R-A32Y-07,blca,tumor,2.435439616
TCGA-DK-A3IS-01A-21R-A21D-07,blca,tumor,2.860384766
TCGA-DK-A3IT-01A-31R-A20F-07,blca,tumor,3.200239406
TCGA-DK-A3IU-01A-11R-A20F-07,blca,tumor,2.325741062
TCGA-DK-A3IV-01A-22R-A21D-07,blca,tumor,2.90926739
TCGA-DK-A3WW-01A-22R-A23N-07,blca,tumor,2.525122308
TCGA-DK-A3WX-01A-22R-A22U-07,blca,tumor,2.574541113
TCGA-DK-A3WY-01A-11R-A22U-07,blca,tumor,2.195597433
TCGA-DK-A3X1-01A-12R-A22U-07,blca,tumor,2.608160394
TCGA-DK-A3X2-01A-11R-A22U-07,blca,tumor,2.252277031
TCGA-DK-A6AV-01A-12R-A30C-07,blca,tumor,3.038436533
TCGA-DK-A6AW-01A-11R-A30C-07,blca,tumor,2.864975482
TCGA-DK-A6B0-01A-11R-A31N-07,blca,tumor,2.737693579
TCGA-DK-A6B1-01A-12R-A30C-07,blca,tumor,3.096433324
TCGA-DK-A6B2-01A-11R-A30C-07,blca,tumor,2.768293838
TCGA-DK-A6B5-01A-11R-A31N-07,blca,tumor,2.679592209
TCGA-DK-A6B6-01A-11R-A30C-07,blca,tumor,3.171355885
TCGA-DK-AA6L-01A-11R-A39I-07,blca,tumor,2.376075631
TCGA-DK-AA6M-01A-11R-A39I-07,blca,tumor,2.734840674
TCGA-DK-AA6P-01A-11R-A39I-07,blca,tumor,2.864204772
TCGA-DK-AA6Q-01A-11R-A39I-07,blca,tumor,2.740701343
TCGA-DK-AA6R-01A-11R-A42T-07,blca,tumor,2.688295207
TCGA-DK-AA6S-01A-21R-A39I-07,blca,tumor,2.208529241
TCGA-DK-AA6T-01A-11R-A39I-07,blca,tumor,1.208823636
TCGA-DK-AA6U-01A-11R-A39I-07,blca,tumor,3.277756586
TCGA-DK-AA6W-01A-12R-A39I-07,blca,tumor,2.491551177
TCGA-DK-AA6X-01A-12R-A42T-07,blca,tumor,2.780953236
TCGA-DK-AA71-01A-31R-A39I-07,blca,tumor,2.47028275
TCGA-DK-AA74-01A-11R-A39I-07,blca,tumor,2.244364727
TCGA-DK-AA75-01A-11R-A39I-07,blca,tumor,2.922252093
TCGA-DK-AA76-01A-11R-A39I-07,blca,tumor,2.900929664
TCGA-DK-AA77-01A-11R-A39I-07,blca,tumor,2.906323473
TCGA-E5-A2PC-01A-11R-A206-07,blca,tumor,2.92318255
TCGA-E5-A4TZ-01A-11R-A31N-07,blca,tumor,2.731228546
TCGA-E5-A4U1-01A-11R-A31N-07,blca,tumor,2.977163503
TCGA-E7-A3X6-01A-12R-A22U-07,blca,tumor,2.822953169
TCGA-E7-A3Y1-01A-11R-A22U-07,blca,tumor,3.084398759
TCGA-E7-A4IJ-01A-31R-A26T-07,blca,tumor,2.965356577
TCGA-E7-A4XJ-01A-11R-A26T-07,blca,tumor,2.945183885
TCGA-E7-A519-01A-11R-A26T-07,blca,tumor,3.119577895
TCGA-E7-A541-01A-11R-A26T-07,blca,tumor,2.862799081
TCGA-E7-A5KE-01A-11R-A28M-07,blca,tumor,3.272283593
TCGA-E7-A5KF-01A-11R-A28M-07,blca,tumor,2.310664307
TCGA-E7-A677-01A-11R-A30C-07,blca,tumor,3.018080344
TCGA-E7-A678-01A-11R-A30C-07,blca,tumor,2.752062212
TCGA-E7-A6MD-01A-41R-A352-07,blca,tumor,2.762667723
TCGA-E7-A6ME-01A-22R-A32O-07,blca,tumor,2.605224079
TCGA-E7-A6MF-01A-12R-A32O-07,blca,tumor,2.949771457
TCGA-E7-A7DU-01A-11R-A32O-07,blca,tumor,3.256828405
TCGA-E7-A7DV-01A-11R-A33J-07,blca,tumor,1.257585024
TCGA-E7-A7PW-01A-11R-A352-07,blca,tumor,3.128700398
TCGA-E7-A7XN-01A-11R-A352-07,blca,tumor,2.699650725
TCGA-E7-A85H-01A-11R-A352-07,blca,tumor,2.874113616
TCGA-E7-A8O7-01A-11R-A36F-07,blca,tumor,3.203823501
TCGA-E7-A8O8-01A-11R-A36F-07,blca,tumor,2.500584793
TCGA-E7-A97P-01A-11R-A38B-07,blca,tumor,2.52575763
TCGA-E7-A97Q-01A-11R-A38B-07,blca,tumor,2.65645303
TCGA-FD-A3B3-01A-12R-A206-07,blca,tumor,2.205264369
TCGA-FD-A3B4-01A-12R-A206-07,blca,tumor,2.378961672
TCGA-FD-A3B5-01A-11R-A20F-07,blca,tumor,2.061905159
TCGA-FD-A3B6-01A-21R-A20F-07,blca,tumor,2.382905409
TCGA-FD-A3B7-01A-31R-A20F-07,blca,tumor,2.023476176
TCGA-FD-A3B8-01A-31R-A20F-07,blca,tumor,2.242516819
TCGA-FD-A3N5-01A-11R-A21D-07,blca,tumor,2.465124982
TCGA-FD-A3N6-01A-11R-A21D-07,blca,tumor,2.366136836
TCGA-FD-A3NA-01A-11R-A21D-07,blca,tumor,2.665236519
TCGA-FD-A3SJ-01A-12R-A22U-07,blca,tumor,2.884572312
TCGA-FD-A3SL-01A-21R-A22U-07,blca,tumor,2.070093416
TCGA-FD-A3SM-01A-11R-A22U-07,blca,tumor,1.490900968
TCGA-FD-A3SN-01A-12R-A22U-07,blca,tumor,2.458323619
TCGA-FD-A3SO-01A-11R-A22U-07,blca,tumor,2.371866502
TCGA-FD-A3SP-01A-31R-A22U-07,blca,tumor,1.781102826
TCGA-FD-A3SQ-01A-21R-A22U-07,blca,tumor,2.250983762
TCGA-FD-A3SR-01A-11R-A22U-07,blca,tumor,2.719222423
TCGA-FD-A3SS-01A-12R-A22U-07,blca,tumor,2.637575867
TCGA-FD-A43N-01A-11R-A23W-07,blca,tumor,2.799072597
TCGA-FD-A43P-01A-31R-A23W-07,blca,tumor,3.002573766
TCGA-FD-A43S-01A-21R-A23W-07,blca,tumor,2.986691964
TCGA-FD-A43U-01A-11R-A23W-07,blca,tumor,1.743514089
TCGA-FD-A43X-01A-11R-A23W-07,blca,tumor,2.881735695
TCGA-FD-A43Y-01A-21R-A26T-07,blca,tumor,2.317467927
TCGA-FD-A5BR-01A-11R-A26T-07,blca,tumor,2.898934402
TCGA-FD-A5BS-01A-21R-A26T-07,blca,tumor,2.703319304
TCGA-FD-A5BT-01A-11R-A26T-07,blca,tumor,2.41057609
TCGA-FD-A5BU-01A-31R-A26T-07,blca,tumor,2.773121258
TCGA-FD-A5BV-01A-11R-A26T-07,blca,tumor,2.77960231
TCGA-FD-A5BX-01A-11R-A26T-07,blca,tumor,1.448483419
TCGA-FD-A5BY-01A-31R-A28M-07,blca,tumor,2.119919378
TCGA-FD-A5BZ-01A-11R-A28M-07,blca,tumor,1.696985728
TCGA-FD-A5C0-01A-11R-A28M-07,blca,tumor,2.721016783
TCGA-FD-A5C1-01A-11R-A28M-07,blca,tumor,2.28420728
TCGA-FD-A62N-01A-11R-A30C-07,blca,tumor,2.575224887
TCGA-FD-A62O-01A-11R-A30C-07,blca,tumor,2.981076331
TCGA-FD-A62P-01A-32R-A30C-07,blca,tumor,2.139517487
TCGA-FD-A62S-01A-11R-A30C-07,blca,tumor,2.365242268
TCGA-FD-A6TA-01A-12R-A33J-07,blca,tumor,2.757520467
TCGA-FD-A6TB-01A-12R-A33J-07,blca,tumor,2.458467183
TCGA-FD-A6TC-01A-21R-A33J-07,blca,tumor,1.742665033
TCGA-FD-A6TD-01A-51R-A33J-07,blca,tumor,2.337876872
TCGA-FD-A6TE-01A-12R-A33J-07,blca,tumor,2.742110301
TCGA-FD-A6TF-01A-52R-A32O-07,blca,tumor,2.335159062
TCGA-FD-A6TG-01A-11R-A32O-07,blca,tumor,2.693178118
TCGA-FD-A6TH-01A-11R-A32O-07,blca,tumor,1.948119053
TCGA-FD-A6TI-01A-11R-A32O-07,blca,tumor,2.776100552
TCGA-FD-A6TK-01A-42R-A33J-07,blca,tumor,2.492931978
TCGA-FJ-A3Z7-01A-12R-A23N-07,blca,tumor,3.032034598
TCGA-FJ-A3Z9-01A-11R-A26T-07,blca,tumor,2.501356733
TCGA-FJ-A3ZE-01A-11R-A23N-07,blca,tumor,2.346210322
TCGA-FJ-A3ZF-01A-11R-A23N-07,blca,tumor,2.686015636
TCGA-FJ-A871-01A-11R-A352-07,blca,tumor,1.966441786
TCGA-FT-A3EE-01A-11R-A206-07,blca,tumor,2.829327357
TCGA-FT-A61P-01A-11R-A30C-07,blca,tumor,2.262084152
TCGA-G2-A2EC-01A-11R-A180-07,blca,tumor,3.047065787
TCGA-G2-A2EF-01A-12R-A18C-07,blca,tumor,2.438133393
TCGA-G2-A2EJ-01A-11R-A180-07,blca,tumor,2.346835239
TCGA-G2-A2EK-01A-22R-A18C-07,blca,tumor,2.984196874
TCGA-G2-A2EL-01A-12R-A18C-07,blca,tumor,2.954642169
TCGA-G2-A2EO-01A-11R-A180-07,blca,tumor,2.587142992
TCGA-G2-A2ES-01A-11R-A180-07,blca,tumor,2.263426831
TCGA-G2-A3IB-01A-11R-A20F-07,blca,tumor,2.200136351
TCGA-G2-A3IE-01A-11R-A20F-07,blca,tumor,2.957413144
TCGA-G2-A3VY-01A-11R-A22U-07,blca,tumor,2.215085425
TCGA-G2-AA3B-01A-11R-A39I-07,blca,tumor,2.796910016
TCGA-G2-AA3C-01A-21R-A39I-07,blca,tumor,1.956833327
TCGA-G2-AA3D-01A-11R-A39I-07,blca,tumor,2.581291155
TCGA-G2-AA3F-01A-12R-A42T-07,blca,tumor,2.534822117
TCGA-GC-A3BM-01A-11R-A22U-07,blca,tumor,2.553148849
TCGA-GC-A3I6-01A-11R-A20F-07,blca,tumor,2.537638188
TCGA-GC-A3OO-01A-11R-A22U-07,blca,tumor,1.950406017
TCGA-GC-A3RB-01A-12R-A220-07,blca,tumor,2.753023523
TCGA-GC-A3RC-01A-11R-A22U-07,blca,tumor,1.825353617
TCGA-GC-A3RD-01A-12R-A22U-07,blca,tumor,1.699517823
TCGA-GC-A3WC-01A-31R-A22U-07,blca,tumor,2.629632941
TCGA-GC-A3YS-01A-11R-A23N-07,blca,tumor,2.293337415
TCGA-GC-A4ZW-01A-11R-A26T-07,blca,tumor,3.028748355
TCGA-GC-A6I1-01A-12R-A31N-07,blca,tumor,2.33827335
TCGA-GC-A6I3-01A-11R-A31N-07,blca,tumor,2.57623122
TCGA-GD-A2C5-01A-12R-A180-07,blca,tumor,2.770439365
TCGA-GD-A3OP-01A-21R-A220-07,blca,tumor,2.70131193
TCGA-GD-A3OQ-01A-32R-A220-07,blca,tumor,2.429390475
TCGA-GD-A3OS-01A-12R-A220-07,blca,tumor,2.557512309
TCGA-GD-A6C6-01A-21R-A31N-07,blca,tumor,2.588776258
TCGA-GD-A76B-01A-11R-A32O-07,blca,tumor,3.138904874
TCGA-GU-A42P-01A-11R-A23W-07,blca,tumor,3.156972256
TCGA-GU-A42Q-01A-11R-A23W-07,blca,tumor,1.966394264
TCGA-GU-A42R-01A-11R-A23N-07,blca,tumor,2.78751359
TCGA-GU-A762-01A-11R-A33J-07,blca,tumor,2.396609906
TCGA-GU-A763-01A-11R-A32O-07,blca,tumor,2.744585482
TCGA-GU-A764-01A-11R-A352-07,blca,tumor,2.405132144
TCGA-GU-A766-01A-11R-A32O-07,blca,tumor,2.844724751
TCGA-GU-A767-01A-11R-A32O-07,blca,tumor,3.04103859
TCGA-GU-AATO-01A-11R-A39I-07,blca,tumor,2.628630795
TCGA-GU-AATP-01A-11R-A39I-07,blca,tumor,2.087328343
TCGA-GU-AATQ-01A-11R-A39I-07,blca,tumor,1.905360313
TCGA-GV-A3JV-01A-11R-A220-07,blca,tumor,2.982718905
TCGA-GV-A3JW-01A-11R-A20F-07,blca,tumor,2.361142003
TCGA-GV-A3JX-01A-11R-A20F-07,blca,tumor,2.318161407
TCGA-GV-A3JZ-01A-11R-A21D-07,blca,tumor,2.052425675
TCGA-GV-A3QF-01A-31R-A22U-07,blca,tumor,3.04788881
TCGA-GV-A3QG-01A-11R-A220-07,blca,tumor,2.022407301
TCGA-GV-A3QH-01A-11R-A220-07,blca,tumor,3.311792234
TCGA-GV-A3QI-01A-11R-A220-07,blca,tumor,2.024984555
TCGA-GV-A3QK-01B-11R-A23N-07,blca,tumor,2.895983911
TCGA-GV-A40E-01A-12R-A23N-07,blca,tumor,2.586363786
TCGA-GV-A40G-01A-11R-A23N-07,blca,tumor,2.868899723
TCGA-GV-A6ZA-01A-12R-A33J-07,blca,tumor,2.94018165
TCGA-H4-A2HO-01A-11R-A180-07,blca,tumor,2.636800391
TCGA-H4-A2HQ-01A-11R-A180-07,blca,tumor,2.900376441
TCGA-HQ-A2OE-01A-11R-A206-07,blca,tumor,3.069376222
TCGA-HQ-A2OF-01A-11R-A26T-07,blca,tumor,2.483092744
TCGA-HQ-A5ND-01A-11R-A26T-07,blca,tumor,2.367775864
TCGA-HQ-A5NE-01A-12R-A28M-07,blca,tumor,2.365090376
TCGA-K4-A3WS-01A-11R-A22U-07,blca,tumor,2.883495852
TCGA-K4-A3WU-01B-11R-A23N-07,blca,tumor,2.503136913
TCGA-K4-A3WV-01A-11R-A22U-07,blca,tumor,2.120956979
TCGA-K4-A4AB-01B-12R-A28M-07,blca,tumor,2.487095515
TCGA-K4-A4AC-01A-21R-A26T-07,blca,tumor,1.966489428
TCGA-K4-A54R-01A-11R-A26T-07,blca,tumor,2.642150495
TCGA-K4-A5RH-01A-11R-A30C-07,blca,tumor,2.347774405
TCGA-K4-A5RI-01A-11R-A28M-07,blca,tumor,2.800621306
TCGA-K4-A5RJ-01A-11R-A28M-07,blca,tumor,2.014095787
TCGA-K4-A6FZ-01A-11R-A31N-07,blca,tumor,2.341882274
TCGA-K4-A6MB-01A-11R-A31N-07,blca,tumor,1.89747229
TCGA-K4-A83P-01A-11R-A352-07,blca,tumor,2.436735211
TCGA-K4-AAQO-01A-11R-A38B-07,blca,tumor,2.557623286
TCGA-KQ-A41N-01A-11R-A33J-07,blca,tumor,3.299083811
TCGA-KQ-A41O-01A-12R-A352-07,blca,tumor,3.1484499
TCGA-KQ-A41P-01A-12R-A33J-07,blca,tumor,1.753965162
TCGA-KQ-A41Q-01A-11R-A33J-07,blca,tumor,3.056474012
TCGA-KQ-A41R-01A-21R-A352-07,blca,tumor,2.931598065
TCGA-KQ-A41S-01A-12R-A33J-07,blca,tumor,2.5873331
TCGA-LC-A66R-01A-41R-A30C-07,blca,tumor,2.902241831
TCGA-LT-A5Z6-01A-11R-A28M-07,blca,tumor,2.599340032
TCGA-LT-A8JT-01A-11R-A36F-07,blca,tumor,2.936336733
TCGA-MV-A51V-01A-11R-A26T-07,blca,tumor,2.744290041
TCGA-PQ-A6FI-01A-11R-A31N-07,blca,tumor,2.889854225
TCGA-PQ-A6FN-01A-11R-A31N-07,blca,tumor,2.263972756
TCGA-R3-A69X-01A-22R-A30C-07,blca,tumor,2.739287952
TCGA-S5-A6DX-01A-11R-A31N-07,blca,tumor,2.633209465
TCGA-S5-AA26-01A-11R-A38B-07,blca,tumor,2.422765035
TCGA-SY-A9G0-01A-12R-A38B-07,blca,tumor,2.370453825
TCGA-SY-A9G5-01A-11R-A38B-07,blca,tumor,2.90073978
TCGA-UY-A78K-01A-11R-A33J-07,blca,tumor,2.667973112
TCGA-UY-A78L-01A-12R-A33J-07,blca,tumor,1.855039593
TCGA-UY-A78M-01A-21R-A352-07,blca,tumor,1.850305869
TCGA-UY-A78N-01A-12R-A33J-07,blca,tumor,3.290236904
TCGA-UY-A78O-01A-12R-A33J-07,blca,tumor,2.468902809
TCGA-UY-A78P-01A-12R-A36F-07,blca,tumor,1.426906148
TCGA-UY-A8OB-01A-12R-A42T-07,blca,tumor,2.843467505
TCGA-UY-A8OC-01A-11R-A36F-07,blca,tumor,1.334155844
TCGA-UY-A8OD-01A-11R-A36F-07,blca,tumor,2.255216632
TCGA-UY-A9PA-01A-11R-A38B-07,blca,tumor,2.946492585
TCGA-UY-A9PB-01A-11R-A38B-07,blca,tumor,2.19131078
TCGA-UY-A9PD-01A-11R-A38B-07,blca,tumor,1.905501963
TCGA-UY-A9PE-01A-11R-A38B-07,blca,tumor,2.799555868
TCGA-UY-A9PF-01A-11R-A38B-07,blca,tumor,2.947636113
TCGA-UY-A9PH-01A-11R-A38B-07,blca,tumor,2.676185632
TCGA-XF-A8HB-01A-11R-A36F-07,blca,tumor,2.857312104
TCGA-XF-A8HC-01A-11R-A36F-07,blca,tumor,3.101373997
TCGA-XF-A8HD-01A-11R-A36F-07,blca,tumor,2.793879923
TCGA-XF-A8HE-01A-11R-A36F-07,blca,tumor,2.90056433
TCGA-XF-A8HF-01A-11R-A36F-07,blca,tumor,2.092660344
TCGA-XF-A8HG-01A-11R-A36F-07,blca,tumor,2.399293573
TCGA-XF-A8HH-01A-11R-A38B-07,blca,tumor,2.767990302
TCGA-XF-A8HI-01A-11R-A38B-07,blca,tumor,3.090706129
TCGA-XF-A9SH-01A-11R-A39I-07,blca,tumor,2.986244323
TCGA-XF-A9SI-01A-11R-A39I-07,blca,tumor,2.597349173
TCGA-XF-A9SJ-01A-11R-A39I-07,blca,tumor,1.785584781
TCGA-XF-A9SK-01A-11R-A42T-07,blca,tumor,2.852500627
TCGA-XF-A9SL-01A-11R-A39I-07,blca,tumor,2.796844668
TCGA-XF-A9SM-01A-11R-A42T-07,blca,tumor,2.44802281
TCGA-XF-A9SP-01A-11R-A39I-07,blca,tumor,2.707200322
TCGA-XF-A9ST-01A-11R-A42T-07,blca,tumor,2.423289787
TCGA-XF-A9SU-01A-31R-A39I-07,blca,tumor,2.508090789
TCGA-XF-A9SV-01A-21R-A42T-07,blca,tumor,1.911662782
TCGA-XF-A9SW-01A-11R-A42T-07,blca,tumor,2.494389763
TCGA-XF-A9SX-01A-21R-A39I-07,blca,tumor,2.073465334
TCGA-XF-A9SY-01A-21R-A42T-07,blca,tumor,1.795587103
TCGA-XF-A9SZ-01A-11R-A39I-07,blca,tumor,1.507409817
TCGA-XF-A9T0-01A-11R-A39I-07,blca,tumor,2.46996072
TCGA-XF-A9T2-01A-11R-A42T-07,blca,tumor,1.9850965
TCGA-XF-A9T3-01A-11R-A42T-07,blca,tumor,2.222698683
TCGA-XF-A9T4-01A-11R-A39I-07,blca,tumor,2.47807782
TCGA-XF-A9T5-01A-11R-A42T-07,blca,tumor,2.399530885
TCGA-XF-A9T6-01A-11R-A42T-07,blca,tumor,3.025729116
TCGA-XF-A9T8-01A-11R-A39I-07,blca,tumor,2.455096905
TCGA-XF-AAME-01A-12R-A42T-07,blca,tumor,2.375274736
TCGA-XF-AAMG-01A-11R-A42T-07,blca,tumor,2.724115005
TCGA-XF-AAMH-01A-11R-A42T-07,blca,tumor,2.519230624
TCGA-XF-AAMJ-01A-11R-A42T-07,blca,tumor,2.63360803
TCGA-XF-AAML-01A-11R-A42T-07,blca,tumor,3.288072543
TCGA-XF-AAMQ-01A-11R-A42T-07,blca,tumor,2.825385075
TCGA-XF-AAMR-01A-31R-A42T-07,blca,tumor,2.441605049
TCGA-XF-AAMT-01A-11R-A42T-07,blca,tumor,1.888164694
TCGA-XF-AAMW-01A-11R-A42T-07,blca,tumor,2.335318725
TCGA-XF-AAMX-01A-11R-A42T-07,blca,tumor,2.328386114
TCGA-XF-AAMY-01A-11R-A42T-07,blca,tumor,2.052718512
TCGA-XF-AAMZ-01A-11R-A42T-07,blca,tumor,3.033352096
TCGA-XF-AAN0-01A-11R-A42T-07,blca,tumor,2.80233988
TCGA-XF-AAN1-01A-31R-A42T-07,blca,tumor,2.826320709
TCGA-XF-AAN2-01A-11R-A42T-07,blca,tumor,2.744283836
TCGA-XF-AAN3-01A-11R-A42T-07,blca,tumor,2.805060363
TCGA-XF-AAN4-01A-11R-A42T-07,blca,tumor,2.255103061
TCGA-XF-AAN5-01A-11R-A42T-07,blca,tumor,2.458777216
TCGA-XF-AAN7-01A-11R-A42T-07,blca,tumor,2.117626449
TCGA-XF-AAN8-01A-11R-A42T-07,blca,tumor,2.244023993
TCGA-YC-A89H-01A-11R-A36F-07,blca,tumor,1.672807698
TCGA-YC-A8S6-01A-31R-A38B-07,blca,tumor,2.86300761
TCGA-YC-A9TC-01A-22R-A39I-07,blca,tumor,2.805263405
TCGA-YF-AA3L-01A-11R-A38B-07,blca,tumor,2.938130939
TCGA-YF-AA3M-01A-11R-A42T-07,blca,tumor,2.796640758
TCGA-ZF-A9R0-01A-11R-A38B-07,blca,tumor,1.791117431
TCGA-ZF-A9R1-01A-11R-A39I-07,blca,tumor,2.974522765
TCGA-ZF-A9R2-01A-11R-A39I-07,blca,tumor,2.976134616
TCGA-ZF-A9R3-01A-11R-A38B-07,blca,tumor,3.054754618
TCGA-ZF-A9R4-01A-11R-A38B-07,blca,tumor,3.010983856
TCGA-ZF-A9R5-01A-12R-A42T-07,blca,tumor,3.209422995
TCGA-ZF-A9R7-01A-11R-A38B-07,blca,tumor,2.630083727
TCGA-ZF-A9R9-01A-11R-A38B-07,blca,tumor,2.783431331
TCGA-ZF-A9RC-01A-11R-A38B-07,blca,tumor,2.180670445
TCGA-ZF-A9RD-01A-11R-A42T-07,blca,tumor,2.618514062
TCGA-ZF-A9RE-01A-11R-A38B-07,blca,tumor,2.698822294
TCGA-ZF-A9RF-01A-11R-A38B-07,blca,tumor,2.290950375
TCGA-ZF-A9RL-01A-11R-A38B-07,blca,tumor,2.591139909
TCGA-ZF-A9RM-01A-11R-A38B-07,blca,tumor,2.332125789
TCGA-ZF-A9RN-01A-11R-A42T-07,blca,tumor,2.682486353
TCGA-ZF-AA4N-01A-11R-A38B-07,blca,tumor,2.733664819
TCGA-ZF-AA4R-01A-11R-A38B-07,blca,tumor,2.749588801
TCGA-ZF-AA4T-01A-11R-A38B-07,blca,tumor,2.952624724
TCGA-ZF-AA4U-01A-11R-A38B-07,blca,tumor,3.009290634
TCGA-ZF-AA4V-01A-11R-A38B-07,blca,tumor,2.613229416
TCGA-ZF-AA4W-01A-12R-A38B-07,blca,tumor,2.902380524
TCGA-ZF-AA4X-01A-11R-A38B-07,blca,tumor,2.997045282
TCGA-ZF-AA51-01A-21R-A39I-07,blca,tumor,2.760693389
TCGA-ZF-AA52-01A-12R-A39I-07,blca,tumor,1.521597379
TCGA-ZF-AA53-01A-11R-A39I-07,blca,tumor,2.220993182
TCGA-ZF-AA54-01A-11R-A39I-07,blca,tumor,1.42496222
TCGA-ZF-AA56-01A-31R-A39I-07,blca,tumor,3.127462004
TCGA-ZF-AA58-01A-12R-A42T-07,blca,tumor,1.492658406
TCGA-ZF-AA5H-01A-11R-A39I-07,blca,tumor,1.997252283
TCGA-ZF-AA5N-01A-11R-A42T-07,blca,tumor,2.625171124
TCGA-ZF-AA5P-01A-11R-A39I-07,blca,tumor,2.822009435
TCGA-3C-AAAU-01A-11R-A41B-07,brca,tumor,2.355950923
TCGA-3C-AALI-01A-11R-A41B-07,brca,tumor,2.259583334
TCGA-3C-AALJ-01A-31R-A41B-07,brca,tumor,2.07185563
TCGA-3C-AALK-01A-11R-A41B-07,brca,tumor,2.86838177
TCGA-4H-AAAK-01A-12R-A41B-07,brca,tumor,2.448278755
TCGA-5L-AAT0-01A-12R-A41B-07,brca,tumor,2.74466929
TCGA-5L-AAT1-01A-12R-A41B-07,brca,tumor,2.655385154
TCGA-5T-A9QA-01A-11R-A41B-07,brca,tumor,1.868293816
TCGA-A1-A0SB-01A-11R-A144-07,brca,tumor,2.650685129
TCGA-A1-A0SD-01A-11R-A115-07,brca,tumor,2.244872807
TCGA-A1-A0SE-01A-11R-A084-07,brca,tumor,2.908759278
TCGA-A1-A0SF-01A-11R-A144-07,brca,tumor,2.92006508
TCGA-A1-A0SG-01A-11R-A144-07,brca,tumor,2.554110927
TCGA-A1-A0SH-01A-11R-A084-07,brca,tumor,1.993512232
TCGA-A1-A0SI-01A-11R-A144-07,brca,tumor,2.444305454
TCGA-A1-A0SJ-01A-11R-A084-07,brca,tumor,2.647449455
TCGA-A1-A0SK-01A-12R-A084-07,brca,tumor,2.103006035
TCGA-A1-A0SM-01A-11R-A084-07,brca,tumor,2.175310246
TCGA-A1-A0SN-01A-11R-A144-07,brca,tumor,2.563591232
TCGA-A1-A0SO-01A-22R-A084-07,brca,tumor,2.320344897
TCGA-A1-A0SP-01A-11R-A084-07,brca,tumor,2.469978065
TCGA-A1-A0SQ-01A-21R-A144-07,brca,tumor,2.800757678
TCGA-A2-A04N-01A-11R-A115-07,brca,tumor,2.246401856
TCGA-A2-A04P-01A-31R-A034-07,brca,tumor,2.804233418
TCGA-A2-A04Q-01A-21R-A034-07,brca,tumor,2.641959523
TCGA-A2-A04R-01A-41R-A109-07,brca,tumor,2.072467899
TCGA-A2-A04T-01A-21R-A034-07,brca,tumor,2.572818945
TCGA-A2-A04U-01A-11R-A115-07,brca,tumor,2.027405957
TCGA-A2-A04V-01A-21R-A034-07,brca,tumor,1.827245253
TCGA-A2-A04W-01A-31R-A115-07,brca,tumor,1.902268063
TCGA-A2-A04X-01A-21R-A034-07,brca,tumor,2.94368394
TCGA-A2-A04Y-01A-21R-A034-07,brca,tumor,2.151727087
TCGA-A2-A0CK-01A-11R-A22K-07,brca,tumor,2.370973711
TCGA-A2-A0CL-01A-11R-A115-07,brca,tumor,2.64324491
TCGA-A2-A0CM-01A-31R-A034-07,brca,tumor,2.549106102
TCGA-A2-A0CO-01A-13R-A22K-07,brca,tumor,2.570540843
TCGA-A2-A0CP-01A-11R-A034-07,brca,tumor,2.551948008
TCGA-A2-A0CQ-01A-21R-A034-07,brca,tumor,2.36769081
TCGA-A2-A0CR-01A-11R-A22K-07,brca,tumor,2.780431985
TCGA-A2-A0CS-01A-11R-A115-07,brca,tumor,2.743056769
TCGA-A2-A0CT-01A-31R-A056-07,brca,tumor,2.214505622
TCGA-A2-A0CU-01A-12R-A034-07,brca,tumor,2.632812485
TCGA-A2-A0CV-01A-31R-A115-07,brca,tumor,2.67714738
TCGA-A2-A0CW-01A-21R-A115-07,brca,tumor,2.657049356
TCGA-A2-A0CX-01A-21R-A00Z-07,brca,tumor,2.107506869
TCGA-A2-A0CY-01A-12R-A034-07,brca,tumor,1.954555957
TCGA-A2-A0CZ-01A-11R-A034-07,brca,tumor,1.98916574
TCGA-A2-A0D0-01A-11R-A00Z-07,brca,tumor,2.211411882
TCGA-A2-A0D1-01A-11R-A034-07,brca,tumor,2.171282125
TCGA-A2-A0D2-01A-21R-A034-07,brca,tumor,2.44595524
TCGA-A2-A0D3-01A-11R-A115-07,brca,tumor,2.882031337
TCGA-A2-A0D4-01A-11R-A00Z-07,brca,tumor,2.468518472
TCGA-A2-A0EM-01A-11R-A034-07,brca,tumor,2.538528757
TCGA-A2-A0EN-01A-13R-A084-07,brca,tumor,2.739612235
TCGA-A2-A0EO-01A-11R-A034-07,brca,tumor,2.410725142
TCGA-A2-A0EP-01A-52R-A22U-07,brca,tumor,2.167666837
TCGA-A2-A0EQ-01A-11R-A034-07,brca,tumor,2.632008828
TCGA-A2-A0ER-01A-21R-A034-07,brca,tumor,2.507884992
TCGA-A2-A0ES-01A-11R-A115-07,brca,tumor,2.301419463
TCGA-A2-A0ET-01A-31R-A034-07,brca,tumor,2.67530861
TCGA-A2-A0EU-01A-22R-A056-07,brca,tumor,2.536331762
TCGA-A2-A0EV-01A-11R-A034-07,brca,tumor,2.173878168
TCGA-A2-A0EW-01A-21R-A115-07,brca,tumor,2.712040444
TCGA-A2-A0EX-01A-21R-A034-07,brca,tumor,2.502002014
TCGA-A2-A0EY-01A-11R-A034-07,brca,tumor,2.720280815
TCGA-A2-A0ST-01A-12R-A084-07,brca,tumor,2.811378635
TCGA-A2-A0SU-01A-11R-A084-07,brca,tumor,2.693518248
TCGA-A2-A0SV-01A-11R-A084-07,brca,tumor,1.67552624
TCGA-A2-A0SW-01A-11R-A084-07,brca,tumor,2.833384024
TCGA-A2-A0SX-01A-12R-A084-07,brca,tumor,2.079719643
TCGA-A2-A0SY-01A-31R-A084-07,brca,tumor,2.751479748
TCGA-A2-A0T0-01A-22R-A084-07,brca,tumor,2.078142088
TCGA-A2-A0T1-01A-21R-A084-07,brca,tumor,2.441983567
TCGA-A2-A0T2-01A-11R-A084-07,brca,tumor,2.57231043
TCGA-A2-A0T3-01A-21R-A115-07,brca,tumor,1.841699362
TCGA-A2-A0T4-01A-31R-A084-07,brca,tumor,2.225228554
TCGA-A2-A0T5-01A-21R-A084-07,brca,tumor,2.388128157
TCGA-A2-A0T6-01A-11R-A084-07,brca,tumor,2.435780535
TCGA-A2-A0T7-01A-21R-A084-07,brca,tumor,2.285212416
TCGA-A2-A0YC-01A-11R-A109-07,brca,tumor,2.816136834
TCGA-A2-A0YD-01A-11R-A109-07,brca,tumor,2.268154627
TCGA-A2-A0YE-01A-11R-A109-07,brca,tumor,2.77664575
TCGA-A2-A0YF-01A-21R-A109-07,brca,tumor,1.918073374
TCGA-A2-A0YG-01A-21R-A109-07,brca,tumor,2.12592128
TCGA-A2-A0YH-01A-11R-A109-07,brca,tumor,2.341883016
TCGA-A2-A0YI-01A-31R-A10J-07,brca,tumor,2.215349741
TCGA-A2-A0YJ-01A-11R-A109-07,brca,tumor,1.758686728
TCGA-A2-A0YK-01A-22R-A109-07,brca,tumor,2.610858556
TCGA-A2-A0YL-01A-21R-A109-07,brca,tumor,2.733239712
TCGA-A2-A0YM-01A-11R-A109-07,brca,tumor,1.615737494
TCGA-A2-A0YT-01A-11R-A109-07,brca,tumor,2.86776075
TCGA-A2-A1FV-01A-11R-A13Q-07,brca,tumor,2.281787017
TCGA-A2-A1FW-01A-11R-A13Q-07,brca,tumor,2.331182948
TCGA-A2-A1FX-01A-11R-A13Q-07,brca,tumor,2.390407273
TCGA-A2-A1FZ-01A-51R-A14D-07,brca,tumor,2.261807562
TCGA-A2-A1G0-01A-11R-A13Q-07,brca,tumor,2.941126239
TCGA-A2-A1G1-01A-21R-A13Q-07,brca,tumor,2.228213956
TCGA-A2-A1G4-01A-11R-A13Q-07,brca,tumor,2.696973678
TCGA-A2-A1G6-01A-11R-A13Q-07,brca,tumor,2.837611624
TCGA-A2-A259-01A-11R-A16F-07,brca,tumor,2.747081447
TCGA-A2-A25A-01A-12R-A16F-07,brca,tumor,2.448551052
TCGA-A2-A25B-01A-11R-A169-07,brca,tumor,2.083627064
TCGA-A2-A25C-01A-11R-A169-07,brca,tumor,2.616482952
TCGA-A2-A25D-01A-12R-A16F-07,brca,tumor,2.897718451
TCGA-A2-A25E-01A-11R-A169-07,brca,tumor,2.407756523
TCGA-A2-A25F-01A-11R-A169-07,brca,tumor,2.325733472
TCGA-A2-A3KC-01A-11R-A213-07,brca,tumor,2.241229009
TCGA-A2-A3KD-01A-12R-A213-07,brca,tumor,2.620282453
TCGA-A2-A3XS-01A-11R-A22U-07,brca,tumor,2.883920324
TCGA-A2-A3XT-01A-11R-A22U-07,brca,tumor,1.324435899
TCGA-A2-A3XU-01A-12R-A22U-07,brca,tumor,2.248949734
TCGA-A2-A3XV-01A-21R-A239-07,brca,tumor,1.845062542
TCGA-A2-A3XW-01A-11R-A239-07,brca,tumor,2.465531508
TCGA-A2-A3XX-01A-21R-A239-07,brca,tumor,2.141534722
TCGA-A2-A3XY-01A-11R-A239-07,brca,tumor,1.829441546
TCGA-A2-A3XZ-01A-42R-A239-07,brca,tumor,2.609338651
TCGA-A2-A3Y0-01A-11R-A239-07,brca,tumor,2.474640384
TCGA-A2-A4RW-01A-21R-A266-07,brca,tumor,2.742445677
TCGA-A2-A4RX-01A-11R-A266-07,brca,tumor,2.34806933
TCGA-A2-A4RY-01A-31R-A266-07,brca,tumor,2.708339855
TCGA-A2-A4S0-01A-21R-A266-07,brca,tumor,2.4746366
TCGA-A2-A4S1-01A-21R-A266-07,brca,tumor,1.047178359
TCGA-A2-A4S2-01A-12R-A266-07,brca,tumor,2.472947885
TCGA-A2-A4S3-01A-21R-A266-07,brca,tumor,2.072798631
TCGA-A7-A0CD-01A-11R-A00Z-07,brca,tumor,2.527572504
TCGA-A7-A0CE-01A-11R-A00Z-07,brca,tumor,1.999584604
TCGA-A7-A0CG-01A-12R-A056-07,brca,tumor,2.625636911
TCGA-A7-A0CH-01A-21R-A00Z-07,brca,tumor,2.336907501
TCGA-A7-A0CJ-01A-21R-A00Z-07,brca,tumor,2.500244779
TCGA-A7-A0D9-01A-31R-A056-07,brca,tumor,2.040415433
TCGA-A7-A0DA-01A-31R-A115-07,brca,tumor,1.469930777
TCGA-A7-A0DB-01A-11R-A00Z-07,brca,tumor,1.67267658
TCGA-A7-A13D-01A-13R-A12P-07,brca,tumor,1.012087406
TCGA-A7-A13E-01A-11R-A12P-07,brca,tumor,2.0798737
TCGA-A7-A13F-01A-11R-A12P-07,brca,tumor,2.41300351
TCGA-A7-A13G-01A-11R-A13Q-07,brca,tumor,2.61648241
TCGA-A7-A13H-01A-11R-A22K-07,brca,tumor,1.34887814
TCGA-A7-A26E-01A-11R-A169-07,brca,tumor,2.415495128
TCGA-A7-A26F-01A-21R-A169-07,brca,tumor,2.566000738
TCGA-A7-A26G-01A-21R-A169-07,brca,tumor,2.361653361
TCGA-A7-A26H-01A-11R-A169-07,brca,tumor,1.860872443
TCGA-A7-A26I-01A-11R-A169-07,brca,tumor,2.183906491
TCGA-A7-A26J-01A-11R-A169-07,brca,tumor,2.049670043
TCGA-A7-A2KD-01A-31R-A21T-07,brca,tumor,2.268145353
TCGA-A7-A3IY-01A-21R-A21T-07,brca,tumor,1.178077999
TCGA-A7-A3IZ-01A-11R-A213-07,brca,tumor,2.184004324
TCGA-A7-A3J0-01A-11R-A213-07,brca,tumor,2.303179485
TCGA-A7-A3J1-01A-11R-A213-07,brca,tumor,2.742133591
TCGA-A7-A3RF-01A-11R-A22K-07,brca,tumor,2.014933476
TCGA-A7-A425-01A-11R-A24H-07,brca,tumor,2.378241186
TCGA-A7-A426-01A-22R-A24H-07,brca,tumor,2.719261603
TCGA-A7-A4SA-01A-11R-A266-07,brca,tumor,2.779401576
TCGA-A7-A4SB-01A-21R-A266-07,brca,tumor,2.618533186
TCGA-A7-A4SC-01A-12R-A266-07,brca,tumor,2.703200599
TCGA-A7-A4SD-01A-11R-A266-07,brca,tumor,2.643915141
TCGA-A7-A4SE-01A-11R-A266-07,brca,tumor,1.927117451
TCGA-A7-A4SF-01A-11R-A266-07,brca,tumor,2.402875458
TCGA-A7-A56D-01A-11R-A27Q-07,brca,tumor,1.962793702
TCGA-A7-A5ZV-01A-11R-A28M-07,brca,tumor,2.189607065
TCGA-A7-A5ZW-01A-12R-A29R-07,brca,tumor,2.222497876
TCGA-A7-A5ZX-01A-12R-A29R-07,brca,tumor,2.351133229
TCGA-A7-A6VV-01A-22R-A33J-07,brca,tumor,1.602288466
TCGA-A7-A6VW-01A-21R-A33J-07,brca,tumor,2.680922621
TCGA-A7-A6VX-01A-12R-A33J-07,brca,tumor,2.250680507
TCGA-A7-A6VY-01A-12R-A33J-07,brca,tumor,1.817527266
TCGA-A8-A06N-01A-11R-A00Z-07,brca,tumor,2.490374109
TCGA-A8-A06O-01A-11R-A00Z-07,brca,tumor,2.23771314
TCGA-A8-A06P-01A-11R-A00Z-07,brca,tumor,2.265750664
TCGA-A8-A06Q-01A-11R-A034-07,brca,tumor,2.173732539
TCGA-A8-A06R-01A-11R-A00Z-07,brca,tumor,2.102364646
TCGA-A8-A06T-01A-11R-A00Z-07,brca,tumor,2.642646477
TCGA-A8-A06U-01A-11R-A00Z-07,brca,tumor,2.628635482
TCGA-A8-A06X-01A-21R-A00Z-07,brca,tumor,2.125886566
TCGA-A8-A06Y-01A-21R-A00Z-07,brca,tumor,2.394383573
TCGA-A8-A06Z-01A-11R-A00Z-07,brca,tumor,2.035195167
TCGA-A8-A075-01A-11R-A084-07,brca,tumor,1.992377855
TCGA-A8-A076-01A-21R-A00Z-07,brca,tumor,2.095750566
TCGA-A8-A079-01A-21R-A00Z-07,brca,tumor,2.193411634
TCGA-A8-A07B-01A-11R-A00Z-07,brca,tumor,2.031484317
TCGA-A8-A07C-01A-11R-A034-07,brca,tumor,2.333226829
TCGA-A8-A07E-01A-11R-A034-07,brca,tumor,2.459528447
TCGA-A8-A07F-01A-11R-A00Z-07,brca,tumor,2.230965057
TCGA-A8-A07G-01A-11R-A034-07,brca,tumor,2.395244574
TCGA-A8-A07I-01A-11R-A00Z-07,brca,tumor,1.616593
TCGA-A8-A07J-01A-11R-A00Z-07,brca,tumor,1.757993119
TCGA-A8-A07L-01A-11R-A00Z-07,brca,tumor,2.454536496
TCGA-A8-A07O-01A-11R-A00Z-07,brca,tumor,1.415952361
TCGA-A8-A07P-01A-11R-A00Z-07,brca,tumor,2.377247645
TCGA-A8-A07R-01A-21R-A034-07,brca,tumor,2.585042004
TCGA-A8-A07S-01A-11R-A034-07,brca,tumor,2.305432078
TCGA-A8-A07U-01A-11R-A034-07,brca,tumor,2.749212387
TCGA-A8-A07W-01A-11R-A00Z-07,brca,tumor,1.555412526
TCGA-A8-A07Z-01A-11R-A00Z-07,brca,tumor,2.880410469
TCGA-A8-A081-01A-11R-A00Z-07,brca,tumor,2.188927069
TCGA-A8-A082-01A-11R-A00Z-07,brca,tumor,2.042466523
TCGA-A8-A083-01A-21R-A00Z-07,brca,tumor,2.453314381
TCGA-A8-A084-01A-21R-A00Z-07,brca,tumor,2.065168436
TCGA-A8-A085-01A-11R-A00Z-07,brca,tumor,1.769980382
TCGA-A8-A086-01A-11R-A00Z-07,brca,tumor,1.931490132
TCGA-A8-A08A-01A-11R-A32Y-07,brca,tumor,1.833995657
TCGA-A8-A08B-01A-11R-A00Z-07,brca,tumor,2.812599209
TCGA-A8-A08C-01A-11R-A00Z-07,brca,tumor,2.720343191
TCGA-A8-A08F-01A-11R-A00Z-07,brca,tumor,1.420381907
TCGA-A8-A08G-01A-11R-A00Z-07,brca,tumor,2.356466984
TCGA-A8-A08H-01A-21R-A00Z-07,brca,tumor,1.759258914
TCGA-A8-A08I-01A-11R-A00Z-07,brca,tumor,1.887820536
TCGA-A8-A08J-01A-11R-A00Z-07,brca,tumor,1.78346549
TCGA-A8-A08L-01A-11R-A00Z-07,brca,tumor,2.578432888
TCGA-A8-A08O-01A-21R-A056-07,brca,tumor,2.789235115
TCGA-A8-A08P-01A-11R-A00Z-07,brca,tumor,2.165652441
TCGA-A8-A08R-01A-11R-A034-07,brca,tumor,1.93837385
TCGA-A8-A08S-01A-11R-A034-07,brca,tumor,1.981803762
TCGA-A8-A08T-01A-21R-A00Z-07,brca,tumor,1.929647706
TCGA-A8-A08X-01A-21R-A00Z-07,brca,tumor,2.51831628
TCGA-A8-A08Z-01A-21R-A00Z-07,brca,tumor,1.687588144
TCGA-A8-A090-01A-11R-A00Z-07,brca,tumor,1.528141608
TCGA-A8-A091-01A-11R-A00Z-07,brca,tumor,2.340788782
TCGA-A8-A092-01A-11R-A00Z-07,brca,tumor,2.485866173
TCGA-A8-A093-01A-11R-A00Z-07,brca,tumor,2.190501007
TCGA-A8-A094-01A-11R-A00Z-07,brca,tumor,2.188610946
TCGA-A8-A095-01A-11R-A00Z-07,brca,tumor,2.329109568
TCGA-A8-A096-01A-11R-A00Z-07,brca,tumor,2.506548581
TCGA-A8-A097-01A-11R-A034-07,brca,tumor,1.651650866
TCGA-A8-A099-01A-11R-A00Z-07,brca,tumor,2.550134756
TCGA-A8-A09A-01A-11R-A00Z-07,brca,tumor,2.717219367
TCGA-A8-A09B-01A-11R-A00Z-07,brca,tumor,2.603394012
TCGA-A8-A09C-01A-11R-A00Z-07,brca,tumor,2.205460871
TCGA-A8-A09D-01A-11R-A00Z-07,brca,tumor,1.599394086
TCGA-A8-A09E-01A-11R-A00Z-07,brca,tumor,2.199354795
TCGA-A8-A09G-01A-21R-A00Z-07,brca,tumor,2.831005983
TCGA-A8-A09I-01A-22R-A034-07,brca,tumor,2.928738947
TCGA-A8-A09K-01A-11R-A00Z-07,brca,tumor,2.861753483
TCGA-A8-A09M-01A-11R-A00Z-07,brca,tumor,2.915345646
TCGA-A8-A09N-01A-11R-A00Z-07,brca,tumor,2.737682801
TCGA-A8-A09Q-01A-11R-A00Z-07,brca,tumor,2.387025515
TCGA-A8-A09R-01A-11R-A00Z-07,brca,tumor,1.811529414
TCGA-A8-A09T-01A-11R-A00Z-07,brca,tumor,2.285873138
TCGA-A8-A09V-01A-11R-A034-07,brca,tumor,2.536915084
TCGA-A8-A09W-01A-11R-A00Z-07,brca,tumor,2.507604441
TCGA-A8-A09X-01A-11R-A00Z-07,brca,tumor,2.723245791
TCGA-A8-A09Z-01A-11R-A00Z-07,brca,tumor,2.851816535
TCGA-A8-A0A1-01A-11R-A00Z-07,brca,tumor,1.339982158
TCGA-A8-A0A2-01A-11R-A034-07,brca,tumor,2.854269856
TCGA-A8-A0A4-01A-11R-A00Z-07,brca,tumor,2.629143267
TCGA-A8-A0A6-01A-12R-A056-07,brca,tumor,2.647646105
TCGA-A8-A0A7-01A-11R-A00Z-07,brca,tumor,2.64069341
TCGA-A8-A0A9-01A-11R-A00Z-07,brca,tumor,1.914340327
TCGA-A8-A0AB-01A-11R-A034-07,brca,tumor,2.402481107
TCGA-A8-A0AD-01A-11R-A056-07,brca,tumor,2.114108246
TCGA-AC-A23C-01A-12R-A169-07,brca,tumor,2.596624428
TCGA-AC-A23E-01A-11R-A157-07,brca,tumor,1.444750656
TCGA-AC-A23G-01A-11R-A213-07,brca,tumor,1.224900314
TCGA-AC-A23H-01A-11R-A157-07,brca,tumor,2.085391978
TCGA-AC-A2B8-01A-11R-A17B-07,brca,tumor,2.29972337
TCGA-AC-A2BK-01A-11R-A21T-07,brca,tumor,2.672026536
TCGA-AC-A2BM-01A-11R-A21T-07,brca,tumor,2.619919456
TCGA-AC-A2FB-01A-11R-A17B-07,brca,tumor,2.446555774
TCGA-AC-A2FE-01A-11R-A19W-07,brca,tumor,2.872383001
TCGA-AC-A2FF-01A-11R-A17B-07,brca,tumor,2.834920042
TCGA-AC-A2FG-01A-11R-A17B-07,brca,tumor,2.715710793
TCGA-AC-A2FK-01A-12R-A180-07,brca,tumor,2.515932369
TCGA-AC-A2FM-01A-11R-A19W-07,brca,tumor,2.639854501
TCGA-AC-A2FO-01A-11R-A180-07,brca,tumor,2.599954518
TCGA-AC-A2QH-01A-11R-A18M-07,brca,tumor,1.504233714
TCGA-AC-A2QI-01A-12R-A19W-07,brca,tumor,2.174843281
TCGA-AC-A2QJ-01A-12R-A19W-07,brca,tumor,1.293498503
TCGA-AC-A3BB-01A-21R-A19W-07,brca,tumor,2.706925923
TCGA-AC-A3EH-01A-22R-A22K-07,brca,tumor,1.786379631
TCGA-AC-A3HN-01A-11R-A213-07,brca,tumor,2.209285433
TCGA-AC-A3OD-01A-11R-A21T-07,brca,tumor,2.284345386
TCGA-AC-A3QP-01A-11R-A22U-07,brca,tumor,2.522062311
TCGA-AC-A3QQ-01A-11R-A22K-07,brca,tumor,2.797884718
TCGA-AC-A3TM-01A-11R-A22K-07,brca,tumor,2.530195225
TCGA-AC-A3TN-01A-11R-A22K-07,brca,tumor,2.515177375
TCGA-AC-A3W5-01A-11R-A22K-07,brca,tumor,2.092933807
TCGA-AC-A3W6-01A-12R-A22K-07,brca,tumor,2.603060662
TCGA-AC-A3W7-01A-11R-A22K-07,brca,tumor,2.504550383
TCGA-AC-A3YI-01A-21R-A239-07,brca,tumor,1.627206806
TCGA-AC-A3YJ-01A-11R-A22U-07,brca,tumor,1.677935144
TCGA-AC-A4ZE-01A-11R-A41B-07,brca,tumor,2.5435384
TCGA-AC-A5EH-01A-11R-A28M-07,brca,tumor,1.412957181
TCGA-AC-A5XS-01A-11R-A29R-07,brca,tumor,2.492741873
TCGA-AC-A5XU-01A-11R-A28M-07,brca,tumor,2.240655753
TCGA-AC-A62V-01A-11R-A31O-07,brca,tumor,1.818846927
TCGA-AC-A62X-01A-11R-A29R-07,brca,tumor,2.632533098
TCGA-AC-A62Y-01A-11R-A29R-07,brca,tumor,1.153548078
TCGA-AC-A6IV-01A-12R-A33J-07,brca,tumor,2.241725178
TCGA-AC-A6IW-01A-12R-A33J-07,brca,tumor,2.163663977
TCGA-AC-A6IX-06A-11R-A32P-07,brca,tumor,2.678728282
TCGA-AC-A6IX-01A-12R-A32P-07,brca,tumor,2.724367439
TCGA-AC-A6NO-01A-12R-A33J-07,brca,tumor,2.392226658
TCGA-AC-A7VB-01A-11R-A352-07,brca,tumor,2.489444117
TCGA-AC-A7VC-01A-11R-A352-07,brca,tumor,1.903182787
TCGA-AC-A8OP-01A-11R-A36F-07,brca,tumor,2.230291385
TCGA-AC-A8OQ-01A-11R-A41B-07,brca,tumor,2.715502047
TCGA-AC-A8OR-01A-21R-A41B-07,brca,tumor,1.984251192
TCGA-AC-A8OS-01A-12R-A41B-07,brca,tumor,2.852958369
TCGA-AN-A03X-01A-21R-A00Z-07,brca,tumor,2.287812386
TCGA-AN-A03Y-01A-21R-A00Z-07,brca,tumor,2.60787126
TCGA-AN-A041-01A-11R-A034-07,brca,tumor,1.783390542
TCGA-AN-A046-01A-21R-A034-07,brca,tumor,2.850590614
TCGA-AN-A049-01A-21R-A00Z-07,brca,tumor,2.213600972
TCGA-AN-A04A-01A-21R-A034-07,brca,tumor,2.211366093
TCGA-AN-A04C-01A-21R-A034-07,brca,tumor,2.480795778
TCGA-AN-A04D-01A-21R-A034-07,brca,tumor,2.206757446
TCGA-AN-A0AJ-01A-11R-A00Z-07,brca,tumor,2.194934841
TCGA-AN-A0AK-01A-21R-A00Z-07,brca,tumor,2.194739947
TCGA-AN-A0AL-01A-11R-A00Z-07,brca,tumor,2.652202962
TCGA-AN-A0AM-01A-11R-A034-07,brca,tumor,2.471345204
TCGA-AN-A0AR-01A-11R-A00Z-07,brca,tumor,2.548101911
TCGA-AN-A0AS-01A-11R-A00Z-07,brca,tumor,1.848291061
TCGA-AN-A0AT-01A-11R-A034-07,brca,tumor,2.166029212
TCGA-AN-A0FD-01A-11R-A034-07,brca,tumor,2.037465887
TCGA-AN-A0FF-01A-11R-A034-07,brca,tumor,1.903950763
TCGA-AN-A0FJ-01A-11R-A00Z-07,brca,tumor,2.164485791
TCGA-AN-A0FK-01A-11R-A034-07,brca,tumor,1.952951772
TCGA-AN-A0FL-01A-11R-A034-07,brca,tumor,2.012240226
TCGA-AN-A0FN-01A-11R-A034-07,brca,tumor,2.772949293
TCGA-AN-A0FS-01A-11R-A034-07,brca,tumor,2.33526227
TCGA-AN-A0FT-01A-11R-A034-07,brca,tumor,2.213941081
TCGA-AN-A0FV-01A-11R-A00Z-07,brca,tumor,1.701058393
TCGA-AN-A0FW-01A-11R-A034-07,brca,tumor,2.601782985
TCGA-AN-A0FX-01A-11R-A034-07,brca,tumor,2.018640404
TCGA-AN-A0FY-01A-11R-A034-07,brca,tumor,1.997765112
TCGA-AN-A0FZ-01A-11R-A034-07,brca,tumor,1.588412158
TCGA-AN-A0G0-01A-11R-A034-07,brca,tumor,2.092282454
TCGA-AN-A0XL-01A-11R-A10J-07,brca,tumor,2.289997255
TCGA-AN-A0XN-01A-21R-A109-07,brca,tumor,1.43451286
TCGA-AN-A0XO-01A-11R-A109-07,brca,tumor,2.092159708
TCGA-AN-A0XP-01A-11R-A109-07,brca,tumor,2.247596599
TCGA-AN-A0XR-01A-11R-A109-07,brca,tumor,2.344009376
TCGA-AN-A0XS-01A-22R-A109-07,brca,tumor,2.826548483
TCGA-AN-A0XT-01A-11R-A109-07,brca,tumor,2.551252147
TCGA-AN-A0XU-01A-11R-A109-07,brca,tumor,1.928975979
TCGA-AN-A0XV-01A-11R-A109-07,brca,tumor,2.60268552
TCGA-AN-A0XW-01A-11R-A109-07,brca,tumor,2.493576159
TCGA-AO-A03L-01A-41R-A056-07,brca,tumor,2.846852513
TCGA-AO-A03M-01B-11R-A10J-07,brca,tumor,2.719146075
TCGA-AO-A03N-01B-11R-A10J-07,brca,tumor,1.63472975
TCGA-AO-A03O-01A-11R-A00Z-07,brca,tumor,2.462276825
TCGA-AO-A03P-01A-11R-A00Z-07,brca,tumor,2.175228598
TCGA-AO-A03R-01A-21R-A034-07,brca,tumor,2.55590668
TCGA-AO-A03T-01A-21R-A034-07,brca,tumor,2.41076909
TCGA-AO-A03U-01B-21R-A10J-07,brca,tumor,2.360848338
TCGA-AO-A03V-01A-11R-A115-07,brca,tumor,2.587023042
TCGA-AO-A0J2-01A-11R-A034-07,brca,tumor,2.760252361
TCGA-AO-A0J3-01A-11R-A034-07,brca,tumor,2.675073133
TCGA-AO-A0J4-01A-11R-A034-07,brca,tumor,2.276372823
TCGA-AO-A0J5-01A-11R-A034-07,brca,tumor,2.419403309
TCGA-AO-A0J6-01A-11R-A034-07,brca,tumor,2.749454701
TCGA-AO-A0J7-01A-11R-A034-07,brca,tumor,2.232482261
TCGA-AO-A0J8-01A-21R-A034-07,brca,tumor,1.86967843
TCGA-AO-A0J9-01A-11R-A034-07,brca,tumor,2.131088664
TCGA-AO-A0JA-01A-11R-A056-07,brca,tumor,2.405500827
TCGA-AO-A0JB-01A-11R-A32Y-07,brca,tumor,2.691351594
TCGA-AO-A0JC-01A-11R-A056-07,brca,tumor,2.390549932
TCGA-AO-A0JD-01A-11R-A056-07,brca,tumor,2.679610796
TCGA-AO-A0JE-01A-11R-A056-07,brca,tumor,2.963085424
TCGA-AO-A0JF-01A-11R-A056-07,brca,tumor,2.40681575
TCGA-AO-A0JG-01A-31R-A084-07,brca,tumor,2.751177424
TCGA-AO-A0JI-01A-21R-A056-07,brca,tumor,2.192166922
TCGA-AO-A0JJ-01A-11R-A056-07,brca,tumor,2.683393954
TCGA-AO-A0JL-01A-11R-A056-07,brca,tumor,1.926708386
TCGA-AO-A0JM-01A-21R-A056-07,brca,tumor,1.762926557
TCGA-AO-A124-01A-11R-A10J-07,brca,tumor,2.811591066
TCGA-AO-A125-01A-11R-A10J-07,brca,tumor,2.150688009
TCGA-AO-A126-01A-11R-A10J-07,brca,tumor,2.65242329
TCGA-AO-A128-01A-11R-A10J-07,brca,tumor,2.4209798
TCGA-AO-A129-01A-21R-A10J-07,brca,tumor,2.539645223
TCGA-AO-A12A-01A-21R-A115-07,brca,tumor,2.682770969
TCGA-AO-A12B-01A-11R-A10J-07,brca,tumor,2.47568757
TCGA-AO-A12C-01A-11R-A10J-07,brca,tumor,1.755117529
TCGA-AO-A12D-01A-11R-A115-07,brca,tumor,2.702197677
TCGA-AO-A12E-01A-11R-A10J-07,brca,tumor,2.334292303
TCGA-AO-A12F-01A-11R-A115-07,brca,tumor,2.674305253
TCGA-AO-A12G-01A-11R-A10J-07,brca,tumor,2.745508645
TCGA-AO-A12H-01A-11R-A115-07,brca,tumor,2.296092364
TCGA-AO-A1KO-01A-31R-A13Q-07,brca,tumor,2.724143282
TCGA-AO-A1KP-01A-11R-A13Q-07,brca,tumor,2.683876745
TCGA-AO-A1KQ-01A-11R-A13Q-07,brca,tumor,2.277946454
TCGA-AO-A1KR-01A-12R-A144-07,brca,tumor,3.044770487
TCGA-AO-A1KS-01A-11R-A13Q-07,brca,tumor,2.447854973
TCGA-AO-A1KT-01A-11R-A13Q-07,brca,tumor,2.014464749
TCGA-AQ-A04H-01B-11R-A10J-07,brca,tumor,2.054082742
TCGA-AQ-A04J-01A-02R-A034-07,brca,tumor,2.427250533
TCGA-AQ-A04L-01B-21R-A10J-07,brca,tumor,1.471671584
TCGA-AQ-A0Y5-01A-11R-A14M-07,brca,tumor,1.496893771
TCGA-AQ-A1H2-01A-11R-A13Q-07,brca,tumor,2.539950837
TCGA-AQ-A1H3-01A-31R-A13Q-07,brca,tumor,2.734283098
TCGA-AQ-A54N-01A-11R-A266-07,brca,tumor,2.68633964
TCGA-AQ-A54O-01A-11R-A266-07,brca,tumor,1.740891332
TCGA-AQ-A7U7-01A-22R-A352-07,brca,tumor,2.583948795
TCGA-AR-A0TP-01A-11R-A084-07,brca,tumor,1.564240107
TCGA-AR-A0TQ-01A-11R-A084-07,brca,tumor,2.346785939
TCGA-AR-A0TR-01A-11R-A084-07,brca,tumor,3.072392332
TCGA-AR-A0TS-01A-11R-A115-07,brca,tumor,2.460379305
TCGA-AR-A0TT-01A-31R-A084-07,brca,tumor,2.149261318
TCGA-AR-A0TU-01A-31R-A109-07,brca,tumor,2.321826414
TCGA-AR-A0TV-01A-21R-A084-07,brca,tumor,2.277977202
TCGA-AR-A0TW-01A-11R-A084-07,brca,tumor,2.605951829
TCGA-AR-A0TX-01A-11R-A084-07,brca,tumor,2.712880558
TCGA-AR-A0TY-01A-12R-A115-07,brca,tumor,1.650996122
TCGA-AR-A0TZ-01A-12R-A084-07,brca,tumor,2.257837364
TCGA-AR-A0U0-01A-11R-A109-07,brca,tumor,2.424593762
TCGA-AR-A0U2-01A-11R-A109-07,brca,tumor,2.532490192
TCGA-AR-A0U3-01A-11R-A109-07,brca,tumor,2.179710813
TCGA-AR-A0U4-01A-11R-A109-07,brca,tumor,1.334781772
TCGA-AR-A1AH-01A-11R-A12D-07,brca,tumor,2.361783029
TCGA-AR-A1AI-01A-11R-A12P-07,brca,tumor,2.917027453
TCGA-AR-A1AJ-01A-21R-A12P-07,brca,tumor,2.038800467
TCGA-AR-A1AK-01A-21R-A12P-07,brca,tumor,2.449893339
TCGA-AR-A1AL-01A-21R-A12P-07,brca,tumor,2.569541902
TCGA-AR-A1AM-01A-41R-A22K-07,brca,tumor,2.542942472
TCGA-AR-A1AN-01A-11R-A12P-07,brca,tumor,1.588159815
TCGA-AR-A1AO-01A-11R-A12P-07,brca,tumor,1.200687581
TCGA-AR-A1AP-01A-11R-A12P-07,brca,tumor,2.513069911
TCGA-AR-A1AQ-01A-11R-A12P-07,brca,tumor,2.544213631
TCGA-AR-A1AR-01A-31R-A137-07,brca,tumor,1.655922018
TCGA-AR-A1AS-01A-11R-A12P-07,brca,tumor,1.666452207
TCGA-AR-A1AT-01A-11R-A12P-07,brca,tumor,2.41485868
TCGA-AR-A1AU-01A-11R-A12P-07,brca,tumor,2.659155916
TCGA-AR-A1AV-01A-21R-A12P-07,brca,tumor,2.359936871
TCGA-AR-A1AW-01A-21R-A12P-07,brca,tumor,2.534238591
TCGA-AR-A1AX-01A-11R-A12P-07,brca,tumor,2.725222466
TCGA-AR-A1AY-01A-21R-A12P-07,brca,tumor,1.675900235
TCGA-AR-A24H-01A-11R-A169-07,brca,tumor,2.40095559
TCGA-AR-A24K-01A-11R-A169-07,brca,tumor,2.705956743
TCGA-AR-A24L-01A-11R-A169-07,brca,tumor,1.947719597
TCGA-AR-A24M-01A-11R-A169-07,brca,tumor,2.121524742
TCGA-AR-A24N-01A-11R-A169-07,brca,tumor,2.756159627
TCGA-AR-A24O-01A-11R-A169-07,brca,tumor,2.394918498
TCGA-AR-A24P-01A-11R-A169-07,brca,tumor,2.090877838
TCGA-AR-A24Q-01A-12R-A169-07,brca,tumor,1.96210153
TCGA-AR-A24R-01A-11R-A169-07,brca,tumor,2.755929532
TCGA-AR-A24S-01A-11R-A169-07,brca,tumor,2.056015218
TCGA-AR-A24T-01A-11R-A169-07,brca,tumor,2.216140076
TCGA-AR-A24U-01A-11R-A169-07,brca,tumor,2.358679861
TCGA-AR-A24V-01A-21R-A169-07,brca,tumor,1.894692944
TCGA-AR-A24W-01A-11R-A169-07,brca,tumor,2.644028029
TCGA-AR-A24X-01A-11R-A169-07,brca,tumor,2.887033132
TCGA-AR-A24Z-01A-11R-A169-07,brca,tumor,1.773010698
TCGA-AR-A250-01A-31R-A169-07,brca,tumor,1.871472354
TCGA-AR-A251-01A-12R-A169-07,brca,tumor,2.321863106
TCGA-AR-A252-01A-11R-A169-07,brca,tumor,2.758851195
TCGA-AR-A254-01A-21R-A169-07,brca,tumor,2.150162601
TCGA-AR-A255-01A-11R-A169-07,brca,tumor,2.341512402
TCGA-AR-A256-01A-11R-A169-07,brca,tumor,2.093117584
TCGA-AR-A2LE-01A-11R-A180-07,brca,tumor,2.602464808
TCGA-AR-A2LH-01A-31R-A18M-07,brca,tumor,2.797447219
TCGA-AR-A2LJ-01A-12R-A19W-07,brca,tumor,1.753329973
TCGA-AR-A2LK-01A-11R-A180-07,brca,tumor,2.408606578
TCGA-AR-A2LL-01A-11R-A180-07,brca,tumor,2.152878443
TCGA-AR-A2LM-01A-11R-A180-07,brca,tumor,2.592189771
TCGA-AR-A2LN-01A-21R-A18M-07,brca,tumor,2.546858805
TCGA-AR-A2LO-01A-31R-A18M-07,brca,tumor,2.637889996
TCGA-AR-A2LQ-01A-22R-A18M-07,brca,tumor,1.697752284
TCGA-AR-A2LR-01A-12R-A18M-07,brca,tumor,2.092055404
TCGA-AR-A5QM-01A-11R-A27Q-07,brca,tumor,1.886706613
TCGA-AR-A5QN-01A-12R-A28M-07,brca,tumor,2.435691571
TCGA-AR-A5QP-01A-11R-A28M-07,brca,tumor,2.381202533
TCGA-AR-A5QQ-01A-11R-A28M-07,brca,tumor,1.944064204
TCGA-B6-A0I1-01A-11R-A21T-07,brca,tumor,1.780788822
TCGA-B6-A0I2-01A-11R-A034-07,brca,tumor,2.712248879
TCGA-B6-A0I5-01A-11R-A034-07,brca,tumor,2.23634858
TCGA-B6-A0I6-01A-11R-A034-07,brca,tumor,2.382304422
TCGA-B6-A0I8-01A-11R-A034-07,brca,tumor,2.244340582
TCGA-B6-A0I9-01A-11R-A034-07,brca,tumor,2.31877112
TCGA-B6-A0IA-01A-11R-A034-07,brca,tumor,1.695817083
TCGA-B6-A0IB-01A-11R-A034-07,brca,tumor,2.111823612
TCGA-B6-A0IC-01A-11R-A034-07,brca,tumor,2.663887397
TCGA-B6-A0IE-01A-11R-A034-07,brca,tumor,2.453035151
TCGA-B6-A0IG-01A-11R-A034-07,brca,tumor,2.462715567
TCGA-B6-A0IH-01A-11R-A115-07,brca,tumor,3.004783145
TCGA-B6-A0IJ-01A-11R-A034-07,brca,tumor,2.210365161
TCGA-B6-A0IK-01A-12R-A056-07,brca,tumor,2.797434432
TCGA-B6-A0IM-01A-11R-A034-07,brca,tumor,1.936674207
TCGA-B6-A0IN-01A-11R-A034-07,brca,tumor,2.784349944
TCGA-B6-A0IO-01A-11R-A034-07,brca,tumor,2.58460139
TCGA-B6-A0IP-01A-11R-A034-07,brca,tumor,2.850014554
TCGA-B6-A0IQ-01A-11R-A034-07,brca,tumor,2.571912539
TCGA-B6-A0RE-01A-11R-A056-07,brca,tumor,2.507627043
TCGA-B6-A0RG-01A-11R-A056-07,brca,tumor,2.243590885
TCGA-B6-A0RH-01A-21R-A115-07,brca,tumor,2.710264933
TCGA-B6-A0RI-01A-11R-A056-07,brca,tumor,1.848965322
TCGA-B6-A0RL-01A-11R-A084-07,brca,tumor,2.618280799
TCGA-B6-A0RM-01A-11R-A084-07,brca,tumor,2.47885363
TCGA-B6-A0RN-01A-12R-A084-07,brca,tumor,2.931949364
TCGA-B6-A0RO-01A-22R-A084-07,brca,tumor,2.667562324
TCGA-B6-A0RP-01A-21R-A084-07,brca,tumor,2.362259192
TCGA-B6-A0RQ-01A-11R-A115-07,brca,tumor,2.470820144
TCGA-B6-A0RS-01A-11R-A084-07,brca,tumor,2.46388428
TCGA-B6-A0RT-01A-21R-A084-07,brca,tumor,2.815788793
TCGA-B6-A0RU-01A-11R-A084-07,brca,tumor,2.330727372
TCGA-B6-A0RV-01A-11R-A084-07,brca,tumor,2.53020208
TCGA-B6-A0WS-01A-11R-A115-07,brca,tumor,2.573628442
TCGA-B6-A0WT-01A-11R-A109-07,brca,tumor,2.675833513
TCGA-B6-A0WV-01A-11R-A109-07,brca,tumor,2.600013231
TCGA-B6-A0WW-01A-11R-A109-07,brca,tumor,2.326922217
TCGA-B6-A0WX-01A-11R-A109-07,brca,tumor,2.632768816
TCGA-B6-A0WY-01A-11R-A109-07,brca,tumor,2.107171878
TCGA-B6-A0WZ-01A-11R-A109-07,brca,tumor,2.582884489
TCGA-B6-A0X0-01A-21R-A115-07,brca,tumor,2.426503776
TCGA-B6-A0X1-01A-11R-A109-07,brca,tumor,3.169828071
TCGA-B6-A0X4-01A-11R-A109-07,brca,tumor,2.722579258
TCGA-B6-A0X5-01A-21R-A109-07,brca,tumor,2.026572915
TCGA-B6-A0X7-01A-11R-A10J-07,brca,tumor,2.684684311
TCGA-B6-A1KC-01B-11R-A157-07,brca,tumor,2.065092024
TCGA-B6-A1KF-01A-11R-A13Q-07,brca,tumor,1.864923848
TCGA-B6-A1KI-01A-11R-A14M-07,brca,tumor,2.322554881
TCGA-B6-A1KN-01A-11R-A13Q-07,brca,tumor,2.926488854
TCGA-B6-A2IU-01A-32R-A18M-07,brca,tumor,2.801143396
TCGA-B6-A3ZX-01A-11R-A239-07,brca,tumor,2.458974459
TCGA-B6-A400-01A-11R-A239-07,brca,tumor,1.461492557
TCGA-B6-A401-01A-11R-A239-07,brca,tumor,1.728191386
TCGA-B6-A402-01A-11R-A239-07,brca,tumor,1.775784988
TCGA-B6-A408-01A-12R-A24H-07,brca,tumor,2.453984871
TCGA-B6-A409-01A-11R-A24H-07,brca,tumor,2.541096798
TCGA-B6-A40B-01A-11R-A239-07,brca,tumor,2.027994859
TCGA-B6-A40C-01A-11R-A239-07,brca,tumor,2.855718932
TCGA-BH-A0AU-01A-11R-A12P-07,brca,tumor,2.530100956
TCGA-BH-A0AV-01A-31R-A115-07,brca,tumor,1.287250267
TCGA-BH-A0AW-01A-11R-A056-07,brca,tumor,2.56672914
TCGA-BH-A0AY-01A-21R-A00Z-07,brca,tumor,2.212133522
TCGA-BH-A0AZ-01A-21R-A12P-07,brca,tumor,2.18531886
TCGA-BH-A0B0-01A-21R-A115-07,brca,tumor,2.692672634
TCGA-BH-A0B1-01A-12R-A056-07,brca,tumor,2.535974823
TCGA-BH-A0B3-01A-11R-A056-07,brca,tumor,2.492853968
TCGA-BH-A0B4-01A-11R-A00Z-07,brca,tumor,2.385671261
TCGA-BH-A0B5-01A-11R-A12P-07,brca,tumor,2.27660776
TCGA-BH-A0B6-01A-11R-A19W-07,brca,tumor,2.792479887
TCGA-BH-A0B7-01A-12R-A115-07,brca,tumor,2.193839327
TCGA-BH-A0B8-01A-21R-A056-07,brca,tumor,2.494903253
TCGA-BH-A0B9-01A-11R-A056-07,brca,tumor,2.614009054
TCGA-BH-A0BA-01A-11R-A056-07,brca,tumor,2.860527602
TCGA-BH-A0BC-01A-22R-A084-07,brca,tumor,1.977038343
TCGA-BH-A0BD-01A-11R-A034-07,brca,tumor,2.814794818
TCGA-BH-A0BF-01A-21R-A12P-07,brca,tumor,2.754363018
TCGA-BH-A0BG-01A-11R-A115-07,brca,tumor,2.640842639
TCGA-BH-A0BJ-01A-11R-A056-07,brca,tumor,2.299220824
TCGA-BH-A0BL-01A-11R-A115-07,brca,tumor,2.378617284
TCGA-BH-A0BM-01A-11R-A056-07,brca,tumor,2.882733882
TCGA-BH-A0BO-01A-23R-A12D-07,brca,tumor,2.744777384
TCGA-BH-A0BP-01A-11R-A115-07,brca,tumor,1.606176778
TCGA-BH-A0BQ-01A-21R-A115-07,brca,tumor,2.521296432
TCGA-BH-A0BR-01A-21R-A115-07,brca,tumor,1.862152182
TCGA-BH-A0BS-01A-11R-A12P-07,brca,tumor,2.511707561
TCGA-BH-A0BT-01A-11R-A12P-07,brca,tumor,2.867182875
TCGA-BH-A0BV-01A-11R-A00Z-07,brca,tumor,2.232874539
TCGA-BH-A0BW-01A-11R-A115-07,brca,tumor,2.147496398
TCGA-BH-A0BZ-01A-31R-A12P-07,brca,tumor,2.56100434
TCGA-BH-A0C0-01A-21R-A056-07,brca,tumor,2.580138861
TCGA-BH-A0C1-01B-11R-A12D-07,brca,tumor,2.643756599
TCGA-BH-A0C3-01A-21R-A12P-07,brca,tumor,2.56017167
TCGA-BH-A0C7-01B-11R-A115-07,brca,tumor,2.402792816
TCGA-BH-A0DD-01A-31R-A12P-07,brca,tumor,2.139934359
TCGA-BH-A0DE-01A-11R-A115-07,brca,tumor,2.121563855
TCGA-BH-A0DG-01A-21R-A12P-07,brca,tumor,2.468643664
TCGA-BH-A0DH-01A-11R-A084-07,brca,tumor,2.102218005
TCGA-BH-A0DI-01A-21R-A12P-07,brca,tumor,1.919420666
TCGA-BH-A0DK-01A-21R-A056-07,brca,tumor,2.581281691
TCGA-BH-A0DL-01A-11R-A115-07,brca,tumor,1.941609917
TCGA-BH-A0DO-01B-11R-A12D-07,brca,tumor,2.255820477
TCGA-BH-A0DP-01A-21R-A056-07,brca,tumor,2.405958789
TCGA-BH-A0DQ-01A-11R-A084-07,brca,tumor,1.720053674
TCGA-BH-A0DS-01A-11R-A056-07,brca,tumor,1.916982574
TCGA-BH-A0DT-01A-21R-A12D-07,brca,tumor,2.704805041
TCGA-BH-A0DV-01A-21R-A12P-07,brca,tumor,2.322504175
TCGA-BH-A0DX-01A-11R-A115-07,brca,tumor,1.329029935
TCGA-BH-A0DZ-01A-11R-A00Z-07,brca,tumor,2.014578611
TCGA-BH-A0E0-01A-11R-A056-07,brca,tumor,2.815685794
TCGA-BH-A0E1-01A-11R-A056-07,brca,tumor,1.726669282
TCGA-BH-A0E2-01A-11R-A056-07,brca,tumor,2.172284741
TCGA-BH-A0E6-01A-11R-A034-07,brca,tumor,2.519908223
TCGA-BH-A0E7-01A-11R-A034-07,brca,tumor,2.193135847
TCGA-BH-A0E9-01B-11R-A115-07,brca,tumor,2.655088945
TCGA-BH-A0EA-01A-11R-A115-07,brca,tumor,1.925189189
TCGA-BH-A0EB-01A-11R-A034-07,brca,tumor,2.861008832
TCGA-BH-A0EE-01A-11R-A034-07,brca,tumor,2.830689579
TCGA-BH-A0EI-01A-11R-A115-07,brca,tumor,2.072567424
TCGA-BH-A0GY-01A-11R-A056-07,brca,tumor,2.021170102
TCGA-BH-A0GZ-01A-11R-A056-07,brca,tumor,2.622104204
TCGA-BH-A0H0-01A-11R-A056-07,brca,tumor,2.731136462
TCGA-BH-A0H3-01A-11R-A12P-07,brca,tumor,2.238320036
TCGA-BH-A0H5-01A-21R-A115-07,brca,tumor,2.653506003
TCGA-BH-A0H6-01A-21R-A056-07,brca,tumor,1.920347857
TCGA-BH-A0H7-01A-13R-A056-07,brca,tumor,2.244396778
TCGA-BH-A0H9-01A-11R-A056-07,brca,tumor,2.000950831
TCGA-BH-A0HA-01A-11R-A12P-07,brca,tumor,2.777160719
TCGA-BH-A0HB-01A-11R-A056-07,brca,tumor,2.362376002
TCGA-BH-A0HF-01A-11R-A056-07,brca,tumor,1.50258949
TCGA-BH-A0HI-01A-11R-A084-07,brca,tumor,1.710138088
TCGA-BH-A0HK-01A-11R-A056-07,brca,tumor,2.81596145
TCGA-BH-A0HL-01A-11R-A10U-07,brca,tumor,2.182390307
TCGA-BH-A0HN-01A-11R-A10U-07,brca,tumor,2.730448985
TCGA-BH-A0HO-01A-11R-A034-07,brca,tumor,2.019870675
TCGA-BH-A0HP-01A-12R-A084-07,brca,tumor,2.399446294
TCGA-BH-A0HQ-01A-11R-A034-07,brca,tumor,1.714265023
TCGA-BH-A0HU-01A-11R-A034-07,brca,tumor,2.808472757
TCGA-BH-A0HW-01A-11R-A034-07,brca,tumor,2.287119729
TCGA-BH-A0HX-01A-21R-A056-07,brca,tumor,1.715184402
TCGA-BH-A0HY-01A-11R-A056-07,brca,tumor,2.444369595
TCGA-BH-A0RX-01A-21R-A084-07,brca,tumor,2.626166304
TCGA-BH-A0W3-01A-11R-A109-07,brca,tumor,2.516633561
TCGA-BH-A0W4-01A-11R-A109-07,brca,tumor,1.820902778
TCGA-BH-A0W5-01A-11R-A109-07,brca,tumor,2.314607192
TCGA-BH-A0W7-01A-11R-A115-07,brca,tumor,2.347714492
TCGA-BH-A0WA-01A-11R-A109-07,brca,tumor,1.943652302
TCGA-BH-A18F-01A-11R-A12D-07,brca,tumor,2.557046681
TCGA-BH-A18G-01A-11R-A12D-07,brca,tumor,2.744927522
TCGA-BH-A18H-01A-11R-A12D-07,brca,tumor,2.41585786
TCGA-BH-A18I-01A-11R-A12D-07,brca,tumor,2.668167762
TCGA-BH-A18J-01A-11R-A12D-07,brca,tumor,2.004747843
TCGA-BH-A18K-01A-11R-A12D-07,brca,tumor,2.025416562
TCGA-BH-A18L-01A-32R-A12D-07,brca,tumor,2.280480891
TCGA-BH-A18M-01A-11R-A12D-07,brca,tumor,2.31971716
TCGA-BH-A18N-01A-11R-A12D-07,brca,tumor,2.040421744
TCGA-BH-A18P-01A-11R-A12D-07,brca,tumor,2.339638734
TCGA-BH-A18Q-01A-12R-A12D-07,brca,tumor,2.841737299
TCGA-BH-A18R-01A-11R-A12D-07,brca,tumor,2.753798246
TCGA-BH-A18S-01A-11R-A12D-07,brca,tumor,2.628771514
TCGA-BH-A18T-01A-11R-A12D-07,brca,tumor,2.180747941
TCGA-BH-A18U-01A-21R-A12D-07,brca,tumor,2.163302021
TCGA-BH-A18V-06A-11R-A213-07,brca,tumor,2.663304072
TCGA-BH-A18V-01A-11R-A12D-07,brca,tumor,1.552179254
TCGA-BH-A1EN-01A-11R-A13Q-07,brca,tumor,2.2066995
TCGA-BH-A1EO-01A-11R-A137-07,brca,tumor,1.839577679
TCGA-BH-A1ES-06A-12R-A24H-07,brca,tumor,2.565898195
TCGA-BH-A1ES-01A-11R-A137-07,brca,tumor,2.176821808
TCGA-BH-A1ET-01A-11R-A137-07,brca,tumor,2.645369362
TCGA-BH-A1EU-01A-11R-A137-07,brca,tumor,2.239239225
TCGA-BH-A1EV-01A-11R-A137-07,brca,tumor,2.08224946
TCGA-BH-A1EW-01A-11R-A137-07,brca,tumor,2.724936627
TCGA-BH-A1EX-01A-11R-A13Q-07,brca,tumor,1.805199021
TCGA-BH-A1EY-01A-11R-A13Q-07,brca,tumor,2.300744537
TCGA-BH-A1F0-01A-11R-A137-07,brca,tumor,2.428117918
TCGA-BH-A1F2-01A-31R-A13Q-07,brca,tumor,2.103075294
TCGA-BH-A1F5-01A-12R-A13Q-07,brca,tumor,2.571404311
TCGA-BH-A1F6-01A-11R-A13Q-07,brca,tumor,2.105850421
TCGA-BH-A1F8-01A-11R-A13Q-07,brca,tumor,2.797206952
TCGA-BH-A1FB-01A-11R-A13Q-07,brca,tumor,2.722587699
TCGA-BH-A1FC-01A-11R-A13Q-07,brca,tumor,2.927441212
TCGA-BH-A1FD-01A-11R-A13Q-07,brca,tumor,2.125919678
TCGA-BH-A1FE-06A-11R-A213-07,brca,tumor,2.153383915
TCGA-BH-A1FE-01A-11R-A13Q-07,brca,tumor,2.745720827
TCGA-BH-A1FG-01A-11R-A13Q-07,brca,tumor,2.50347613
TCGA-BH-A1FH-01A-12R-A13Q-07,brca,tumor,2.355678009
TCGA-BH-A1FJ-01A-11R-A13Q-07,brca,tumor,2.422356298
TCGA-BH-A1FL-01A-11R-A13Q-07,brca,tumor,2.707953719
TCGA-BH-A1FM-01A-11R-A13Q-07,brca,tumor,1.923183612
TCGA-BH-A1FN-01A-11R-A13Q-07,brca,tumor,1.820896835
TCGA-BH-A1FR-01A-11R-A13Q-07,brca,tumor,1.9473873
TCGA-BH-A1FU-01A-11R-A14D-07,brca,tumor,2.150864236
TCGA-BH-A201-01A-11R-A14M-07,brca,tumor,2.082173569
TCGA-BH-A202-01A-11R-A14M-07,brca,tumor,2.529988449
TCGA-BH-A203-01A-12R-A169-07,brca,tumor,2.520920274
TCGA-BH-A204-01A-11R-A157-07,brca,tumor,2.378071074
TCGA-BH-A208-01A-11R-A157-07,brca,tumor,2.663139162
TCGA-BH-A209-01A-11R-A157-07,brca,tumor,2.7137286
TCGA-BH-A28O-01A-11R-A22K-07,brca,tumor,2.818996764
TCGA-BH-A28Q-01A-11R-A16F-07,brca,tumor,2.390183972
TCGA-BH-A2L8-01A-11R-A18M-07,brca,tumor,2.5874947
TCGA-BH-A42T-01A-11R-A24H-07,brca,tumor,2.682318323
TCGA-BH-A42U-01A-12R-A24H-07,brca,tumor,2.364275156
TCGA-BH-A42V-01A-11R-A24H-07,brca,tumor,2.501232902
TCGA-BH-A5IZ-01A-11R-A27Q-07,brca,tumor,2.011476056
TCGA-BH-A5J0-01A-11R-A27Q-07,brca,tumor,2.193058478
TCGA-BH-A6R8-01A-21R-A33J-07,brca,tumor,2.22248334
TCGA-BH-A6R9-01A-21R-A32P-07,brca,tumor,1.545312631
TCGA-BH-A8FY-01A-11R-A36F-07,brca,tumor,2.629514218
TCGA-BH-A8FZ-01A-11R-A352-07,brca,tumor,2.620325793
TCGA-BH-A8G0-01A-11R-A352-07,brca,tumor,1.715925392
TCGA-BH-AB28-01A-31R-A41B-07,brca,tumor,2.514338758
TCGA-C8-A12K-01A-21R-A115-07,brca,tumor,2.11083361
TCGA-C8-A12L-01A-11R-A115-07,brca,tumor,2.512109913
TCGA-C8-A12M-01A-11R-A115-07,brca,tumor,3.004235012
TCGA-C8-A12N-01A-11R-A115-07,brca,tumor,2.799702013
TCGA-C8-A12O-01A-11R-A115-07,brca,tumor,2.095817997
TCGA-C8-A12P-01A-11R-A115-07,brca,tumor,2.168541323
TCGA-C8-A12Q-01A-11R-A115-07,brca,tumor,1.691316118
TCGA-C8-A12T-01A-11R-A115-07,brca,tumor,2.622389469
TCGA-C8-A12U-01A-11R-A115-07,brca,tumor,2.93000933
TCGA-C8-A12V-01A-11R-A115-07,brca,tumor,2.598942719
TCGA-C8-A12W-01A-11R-A115-07,brca,tumor,2.007215211
TCGA-C8-A12X-01A-11R-A115-07,brca,tumor,2.308295694
TCGA-C8-A12Y-01A-11R-A12D-07,brca,tumor,2.795123745
TCGA-C8-A12Z-01A-11R-A115-07,brca,tumor,1.85085981
TCGA-C8-A130-01A-31R-A115-07,brca,tumor,2.699695196
TCGA-C8-A131-01A-11R-A115-07,brca,tumor,1.597642909
TCGA-C8-A132-01A-31R-A115-07,brca,tumor,2.545669073
TCGA-C8-A133-01A-32R-A12D-07,brca,tumor,2.258294007
TCGA-C8-A134-01A-11R-A115-07,brca,tumor,1.554428453
TCGA-C8-A135-01A-11R-A115-07,brca,tumor,2.474818439
TCGA-C8-A137-01A-11R-A115-07,brca,tumor,2.164530956
TCGA-C8-A138-01A-11R-A115-07,brca,tumor,2.572462665
TCGA-C8-A1HE-01A-11R-A13Q-07,brca,tumor,2.466376371
TCGA-C8-A1HF-01A-11R-A137-07,brca,tumor,2.599765911
TCGA-C8-A1HG-01A-11R-A137-07,brca,tumor,2.84925503
TCGA-C8-A1HI-01A-11R-A137-07,brca,tumor,2.221494269
TCGA-C8-A1HJ-01A-11R-A13Q-07,brca,tumor,2.79875116
TCGA-C8-A1HK-01A-21R-A13Q-07,brca,tumor,2.714256359
TCGA-C8-A1HL-01A-11R-A137-07,brca,tumor,1.662401639
TCGA-C8-A1HM-01A-12R-A137-07,brca,tumor,2.773794433
TCGA-C8-A1HN-01A-11R-A137-07,brca,tumor,1.552628125
TCGA-C8-A1HO-01A-11R-A13Q-07,brca,tumor,2.402818821
TCGA-C8-A26V-01A-11R-A16F-07,brca,tumor,2.517169237
TCGA-C8-A26W-01A-11R-A16F-07,brca,tumor,2.631608062
TCGA-C8-A26X-01A-31R-A16F-07,brca,tumor,2.067751624
TCGA-C8-A26Y-01A-11R-A16F-07,brca,tumor,1.658916998
TCGA-C8-A26Z-01A-11R-A16F-07,brca,tumor,2.454908828
TCGA-C8-A273-01A-11R-A16F-07,brca,tumor,2.00919061
TCGA-C8-A274-01A-11R-A16F-07,brca,tumor,2.538852143
TCGA-C8-A275-01A-21R-A16F-07,brca,tumor,2.231120124
TCGA-C8-A278-01A-11R-A169-07,brca,tumor,2.483381657
TCGA-C8-A27A-01A-11R-A169-07,brca,tumor,2.121541783
TCGA-C8-A27B-01A-11R-A169-07,brca,tumor,1.748870999
TCGA-C8-A3M7-01A-12R-A21T-07,brca,tumor,2.741330322
TCGA-C8-A3M8-01A-11R-A213-07,brca,tumor,2.004820244
TCGA-C8-A8HP-01A-11R-A36F-07,brca,tumor,2.37524544
TCGA-C8-A8HQ-01A-11R-A36F-07,brca,tumor,2.199559718
TCGA-C8-A8HR-01A-11R-A36F-07,brca,tumor,2.159450699
TCGA-D8-A13Y-01A-11R-A115-07,brca,tumor,2.599934538
TCGA-D8-A13Z-01A-11R-A115-07,brca,tumor,1.822417426
TCGA-D8-A140-01A-11R-A115-07,brca,tumor,2.617848218
TCGA-D8-A141-01A-11R-A115-07,brca,tumor,2.524278272
TCGA-D8-A142-01A-11R-A115-07,brca,tumor,2.127375931
TCGA-D8-A143-01A-11R-A115-07,brca,tumor,2.498032423
TCGA-D8-A145-01A-11R-A115-07,brca,tumor,2.534723392
TCGA-D8-A146-01A-31R-A115-07,brca,tumor,1.926733891
TCGA-D8-A147-01A-11R-A115-07,brca,tumor,2.103830066
TCGA-D8-A1J8-01A-11R-A13Q-07,brca,tumor,2.503253157
TCGA-D8-A1J9-01A-11R-A13Q-07,brca,tumor,2.283935065
TCGA-D8-A1JA-01A-11R-A13Q-07,brca,tumor,2.702622452
TCGA-D8-A1JB-01A-11R-A13Q-07,brca,tumor,2.716034331
TCGA-D8-A1JC-01A-11R-A13Q-07,brca,tumor,1.819407638
TCGA-D8-A1JD-01A-11R-A13Q-07,brca,tumor,2.752474555
TCGA-D8-A1JE-01A-11R-A13Q-07,brca,tumor,1.9904473
TCGA-D8-A1JF-01A-11R-A13Q-07,brca,tumor,2.670766742
TCGA-D8-A1JG-01B-11R-A13Q-07,brca,tumor,2.324266543
TCGA-D8-A1JH-01A-11R-A13Q-07,brca,tumor,2.348408721
TCGA-D8-A1JI-01A-11R-A13Q-07,brca,tumor,2.564861936
TCGA-D8-A1JJ-01A-31R-A14M-07,brca,tumor,2.020167601
TCGA-D8-A1JK-01A-11R-A13Q-07,brca,tumor,2.1691759
TCGA-D8-A1JL-01A-11R-A13Q-07,brca,tumor,2.06520146
TCGA-D8-A1JM-01A-11R-A13Q-07,brca,tumor,2.779790194
TCGA-D8-A1JN-01A-11R-A13Q-07,brca,tumor,2.810566043
TCGA-D8-A1JP-01A-11R-A13Q-07,brca,tumor,2.187958751
TCGA-D8-A1JS-01A-11R-A13Q-07,brca,tumor,2.18364488
TCGA-D8-A1JT-01A-31R-A13Q-07,brca,tumor,1.756581201
TCGA-D8-A1JU-01A-11R-A13Q-07,brca,tumor,2.137380574
TCGA-D8-A1X5-01A-11R-A14D-07,brca,tumor,2.458048606
TCGA-D8-A1X6-01A-11R-A14M-07,brca,tumor,1.974415788
TCGA-D8-A1X7-01A-11R-A14M-07,brca,tumor,1.867594179
TCGA-D8-A1X8-01A-11R-A14M-07,brca,tumor,2.119730403
TCGA-D8-A1X9-01A-12R-A157-07,brca,tumor,2.337138909
TCGA-D8-A1XA-01A-11R-A14D-07,brca,tumor,2.318858527
TCGA-D8-A1XB-01A-11R-A14D-07,brca,tumor,2.253767393
TCGA-D8-A1XC-01A-11R-A14D-07,brca,tumor,2.508382981
TCGA-D8-A1XD-01A-11R-A14D-07,brca,tumor,2.485591153
TCGA-D8-A1XF-01A-11R-A14D-07,brca,tumor,2.112535479
TCGA-D8-A1XG-01A-11R-A14D-07,brca,tumor,2.4573016
TCGA-D8-A1XJ-01A-11R-A14M-07,brca,tumor,1.89354918
TCGA-D8-A1XK-01A-21R-A14M-07,brca,tumor,1.853466613
TCGA-D8-A1XL-01A-11R-A14M-07,brca,tumor,2.805794527
TCGA-D8-A1XM-01A-21R-A14M-07,brca,tumor,2.440384198
TCGA-D8-A1XO-01A-11R-A14M-07,brca,tumor,2.650049405
TCGA-D8-A1XQ-01A-11R-A14M-07,brca,tumor,1.968931923
TCGA-D8-A1XR-01A-11R-A14M-07,brca,tumor,1.908540013
TCGA-D8-A1XS-01A-11R-A14M-07,brca,tumor,2.510703117
TCGA-D8-A1XT-01A-11R-A14M-07,brca,tumor,1.392614169
TCGA-D8-A1XU-01A-11R-A14M-07,brca,tumor,2.611315668
TCGA-D8-A1XV-01A-11R-A14M-07,brca,tumor,2.534752912
TCGA-D8-A1XW-01A-11R-A14M-07,brca,tumor,1.88650723
TCGA-D8-A1XY-01A-11R-A14M-07,brca,tumor,2.454890577
TCGA-D8-A1XZ-01A-11R-A14M-07,brca,tumor,2.409024628
TCGA-D8-A1Y0-01A-11R-A14M-07,brca,tumor,2.537739293
TCGA-D8-A1Y1-01A-21R-A14M-07,brca,tumor,1.92208263
TCGA-D8-A1Y2-01A-11R-A157-07,brca,tumor,1.503752546
TCGA-D8-A1Y3-01A-11R-A157-07,brca,tumor,1.860263817
TCGA-D8-A27E-01A-11R-A16F-07,brca,tumor,2.658316162
TCGA-D8-A27F-01A-11R-A16F-07,brca,tumor,1.52907515
TCGA-D8-A27G-01A-11R-A16F-07,brca,tumor,2.633757512
TCGA-D8-A27H-01A-11R-A16F-07,brca,tumor,2.229451179
TCGA-D8-A27I-01A-11R-A16F-07,brca,tumor,2.662531212
TCGA-D8-A27K-01A-11R-A16F-07,brca,tumor,2.571883907
TCGA-D8-A27L-01A-11R-A16F-07,brca,tumor,2.272761263
TCGA-D8-A27M-01A-11R-A16F-07,brca,tumor,2.759564368
TCGA-D8-A27N-01A-11R-A16F-07,brca,tumor,1.775655703
TCGA-D8-A27P-01A-11R-A16F-07,brca,tumor,2.078759891
TCGA-D8-A27R-01A-11R-A16F-07,brca,tumor,2.521057613
TCGA-D8-A27T-01A-11R-A16F-07,brca,tumor,2.67606382
TCGA-D8-A27V-01A-12R-A17B-07,brca,tumor,2.423156817
TCGA-D8-A27W-01A-11R-A16F-07,brca,tumor,2.421791249
TCGA-D8-A3Z5-01A-41R-A24H-07,brca,tumor,3.05934103
TCGA-D8-A3Z6-01A-11R-A239-07,brca,tumor,2.3846851
TCGA-D8-A4Z1-01A-21R-A266-07,brca,tumor,2.915182838
TCGA-D8-A73U-01A-11R-A33J-07,brca,tumor,2.717306
TCGA-D8-A73W-01A-22R-A352-07,brca,tumor,1.517549761
TCGA-D8-A73X-01A-11R-A32P-07,brca,tumor,1.822083183
TCGA-E2-A105-01A-11R-A10J-07,brca,tumor,1.984089092
TCGA-E2-A106-01A-11R-A10J-07,brca,tumor,2.39407563
TCGA-E2-A107-01A-11R-A10J-07,brca,tumor,2.787051306
TCGA-E2-A108-01A-13R-A10J-07,brca,tumor,2.606265176
TCGA-E2-A109-01A-11R-A10J-07,brca,tumor,2.370382969
TCGA-E2-A10A-01A-21R-A115-07,brca,tumor,1.60537218
TCGA-E2-A10B-01A-11R-A10J-07,brca,tumor,2.6653789
TCGA-E2-A10C-01A-21R-A10J-07,brca,tumor,2.446662969
TCGA-E2-A10E-01A-21R-A10J-07,brca,tumor,2.544838691
TCGA-E2-A10F-01A-11R-A10J-07,brca,tumor,2.316421323
TCGA-E2-A14N-01A-31R-A137-07,brca,tumor,2.320308291
TCGA-E2-A14O-01A-31R-A115-07,brca,tumor,1.697915613
TCGA-E2-A14P-01A-31R-A12D-07,brca,tumor,2.444262427
TCGA-E2-A14Q-01A-11R-A12D-07,brca,tumor,2.687268533
TCGA-E2-A14R-01A-11R-A115-07,brca,tumor,2.001160772
TCGA-E2-A14S-01A-11R-A12D-07,brca,tumor,1.690218488
TCGA-E2-A14T-01A-11R-A115-07,brca,tumor,1.019932298
TCGA-E2-A14U-01A-11R-A22K-07,brca,tumor,2.311415996
TCGA-E2-A14V-01A-11R-A12D-07,brca,tumor,2.648727564
TCGA-E2-A14W-01A-11R-A12D-07,brca,tumor,2.109264773
TCGA-E2-A14X-01A-11R-A115-07,brca,tumor,2.595053844
TCGA-E2-A14Y-01A-21R-A12D-07,brca,tumor,2.349785347
TCGA-E2-A14Z-01A-11R-A115-07,brca,tumor,2.819175756
TCGA-E2-A150-01A-11R-A12D-07,brca,tumor,1.754878644
TCGA-E2-A152-01A-11R-A12D-07,brca,tumor,1.647404002
TCGA-E2-A153-01A-12R-A12D-07,brca,tumor,1.859383486
TCGA-E2-A154-01A-11R-A115-07,brca,tumor,2.518203738
TCGA-E2-A155-01A-11R-A12D-07,brca,tumor,2.508624862
TCGA-E2-A156-01A-11R-A12D-07,brca,tumor,2.232976888
TCGA-E2-A158-01A-11R-A12D-07,brca,tumor,2.640464247
TCGA-E2-A159-01A-11R-A115-07,brca,tumor,2.392640599
TCGA-E2-A15A-06A-11R-A12D-07,brca,tumor,2.696810811
TCGA-E2-A15A-01A-11R-A12D-07,brca,tumor,2.382835678
TCGA-E2-A15C-01A-31R-A12D-07,brca,tumor,2.595916007
TCGA-E2-A15D-01A-11R-A115-07,brca,tumor,2.53471659
TCGA-E2-A15E-06A-11R-A12D-07,brca,tumor,2.486734829
TCGA-E2-A15E-01A-11R-A12D-07,brca,tumor,2.482273499
TCGA-E2-A15F-01A-11R-A115-07,brca,tumor,2.496428877
TCGA-E2-A15G-01A-11R-A12D-07,brca,tumor,2.549914428
TCGA-E2-A15H-01A-11R-A12D-07,brca,tumor,2.478439269
TCGA-E2-A15I-01A-21R-A137-07,brca,tumor,2.497899095
TCGA-E2-A15J-01A-11R-A12P-07,brca,tumor,2.631007502
TCGA-E2-A15K-06A-11R-A12P-07,brca,tumor,2.460170167
TCGA-E2-A15K-01A-11R-A12P-07,brca,tumor,2.560498579
TCGA-E2-A15L-01A-11R-A12D-07,brca,tumor,2.033973668
TCGA-E2-A15M-01A-11R-A12D-07,brca,tumor,2.26566876
TCGA-E2-A15O-01A-11R-A115-07,brca,tumor,2.254988758
TCGA-E2-A15P-01A-11R-A115-07,brca,tumor,2.558828064
TCGA-E2-A15R-01A-11R-A115-07,brca,tumor,2.801594721
TCGA-E2-A15S-01A-11R-A115-07,brca,tumor,1.995340985
TCGA-E2-A15T-01A-11R-A115-07,brca,tumor,2.256524251
TCGA-E2-A1AZ-01A-11R-A12P-07,brca,tumor,2.610081418
TCGA-E2-A1B0-01A-11R-A12P-07,brca,tumor,2.344312358
TCGA-E2-A1B1-01A-21R-A12P-07,brca,tumor,2.066851586
TCGA-E2-A1B4-01A-11R-A12P-07,brca,tumor,2.817270201
TCGA-E2-A1B5-01A-21R-A12P-07,brca,tumor,3.05133539
TCGA-E2-A1B6-01A-31R-A12P-07,brca,tumor,2.583050874
TCGA-E2-A1BC-01A-11R-A12P-07,brca,tumor,2.61107023
TCGA-E2-A1BD-01A-11R-A12P-07,brca,tumor,2.479053983
TCGA-E2-A1IE-01A-11R-A13Q-07,brca,tumor,2.365067749
TCGA-E2-A1IF-01A-11R-A144-07,brca,tumor,1.869757756
TCGA-E2-A1IG-01A-11R-A144-07,brca,tumor,2.022629765
TCGA-E2-A1IH-01A-11R-A13Q-07,brca,tumor,2.367485834
TCGA-E2-A1II-01A-11R-A144-07,brca,tumor,2.793053083
TCGA-E2-A1IJ-01A-11R-A144-07,brca,tumor,2.676327235
TCGA-E2-A1IK-01A-11R-A144-07,brca,tumor,2.486939941
TCGA-E2-A1IL-01A-11R-A14D-07,brca,tumor,2.095681914
TCGA-E2-A1IN-01A-11R-A13Q-07,brca,tumor,2.281955614
TCGA-E2-A1IO-01A-11R-A144-07,brca,tumor,2.738213735
TCGA-E2-A1IU-01A-11R-A14D-07,brca,tumor,2.638786927
TCGA-E2-A1L6-01A-11R-A13Q-07,brca,tumor,1.920577633
TCGA-E2-A1L7-01A-11R-A144-07,brca,tumor,2.51836221
TCGA-E2-A1L8-01A-11R-A13Q-07,brca,tumor,2.767301911
TCGA-E2-A1L9-01A-11R-A13Q-07,brca,tumor,1.478430538
TCGA-E2-A1LA-01A-11R-A144-07,brca,tumor,2.333122836
TCGA-E2-A1LB-01A-11R-A144-07,brca,tumor,2.699508191
TCGA-E2-A1LE-01A-12R-A19W-07,brca,tumor,2.175207531
TCGA-E2-A1LG-01A-21R-A14M-07,brca,tumor,2.729887413
TCGA-E2-A1LH-01A-11R-A14D-07,brca,tumor,2.392369972
TCGA-E2-A1LI-01A-12R-A157-07,brca,tumor,2.190041115
TCGA-E2-A1LK-01A-21R-A14D-07,brca,tumor,1.416445831
TCGA-E2-A1LL-01A-11R-A144-07,brca,tumor,2.24777604
TCGA-E2-A1LS-01A-12R-A157-07,brca,tumor,2.604703603
TCGA-E2-A2P5-01A-11R-A19W-07,brca,tumor,2.890908815
TCGA-E2-A2P6-01A-11R-A19W-07,brca,tumor,2.391875393
TCGA-E2-A3DX-01A-21R-A213-07,brca,tumor,2.61090211
TCGA-E2-A56Z-01A-12R-A29R-07,brca,tumor,2.102709075
TCGA-E2-A570-01A-11R-A29R-07,brca,tumor,2.322753454
TCGA-E2-A572-01A-13R-A31O-07,brca,tumor,2.948357358
TCGA-E2-A573-01A-11R-A29R-07,brca,tumor,2.129486618
TCGA-E2-A574-01A-11R-A29R-07,brca,tumor,2.112654451
TCGA-E2-A576-01A-11R-A31O-07,brca,tumor,2.906755204
TCGA-E2-A9RU-01A-11R-A41B-07,brca,tumor,1.381809585
TCGA-E9-A1N3-01A-12R-A157-07,brca,tumor,2.415190323
TCGA-E9-A1N4-01A-11R-A14M-07,brca,tumor,1.830325802
TCGA-E9-A1N5-01A-11R-A14D-07,brca,tumor,2.253326973
TCGA-E9-A1N6-01A-11R-A144-07,brca,tumor,1.385581288
TCGA-E9-A1N8-01A-11R-A144-07,brca,tumor,1.944275117
TCGA-E9-A1N9-01A-11R-A14D-07,brca,tumor,2.364264606
TCGA-E9-A1NA-01A-11R-A144-07,brca,tumor,2.348010168
TCGA-E9-A1NC-01A-21R-A26B-07,brca,tumor,1.884256186
TCGA-E9-A1ND-01A-11R-A144-07,brca,tumor,2.628780586
TCGA-E9-A1NE-01A-21R-A14M-07,brca,tumor,2.515492074
TCGA-E9-A1NF-01A-11R-A14D-07,brca,tumor,1.419442698
TCGA-E9-A1NG-01A-21R-A14M-07,brca,tumor,1.555545338
TCGA-E9-A1NH-01A-11R-A14D-07,brca,tumor,2.460906658
TCGA-E9-A1NI-01A-11R-A14D-07,brca,tumor,1.575729748
TCGA-E9-A1QZ-01A-21R-A169-07,brca,tumor,2.668906639
TCGA-E9-A1R0-01A-22R-A16F-07,brca,tumor,2.945705155
TCGA-E9-A1R2-01A-11R-A14D-07,brca,tumor,2.650932259
TCGA-E9-A1R3-01A-31R-A14M-07,brca,tumor,2.530238747
TCGA-E9-A1R4-01A-21R-A14D-07,brca,tumor,2.379398999
TCGA-E9-A1R5-01A-11R-A14M-07,brca,tumor,1.818628785
TCGA-E9-A1R6-01A-11R-A14D-07,brca,tumor,1.820871974
TCGA-E9-A1R7-01A-11R-A14M-07,brca,tumor,2.54057237
TCGA-E9-A1RA-01A-11R-A14D-07,brca,tumor,2.208681425
TCGA-E9-A1RB-01A-11R-A157-07,brca,tumor,1.749581271
TCGA-E9-A1RC-01A-11R-A157-07,brca,tumor,2.023308703
TCGA-E9-A1RD-01A-11R-A157-07,brca,tumor,2.237095241
TCGA-E9-A1RE-01A-11R-A157-07,brca,tumor,2.432492854
TCGA-E9-A1RF-01A-11R-A157-07,brca,tumor,2.529160153
TCGA-E9-A1RG-01A-11R-A14D-07,brca,tumor,2.702791344
TCGA-E9-A1RH-01A-21R-A169-07,brca,tumor,2.181815559
TCGA-E9-A1RI-01A-11R-A169-07,brca,tumor,2.1558372
TCGA-E9-A226-01A-21R-A157-07,brca,tumor,2.061493433
TCGA-E9-A227-01A-11R-A157-07,brca,tumor,2.817018158
TCGA-E9-A228-01A-31R-A157-07,brca,tumor,1.730478609
TCGA-E9-A229-01A-31R-A157-07,brca,tumor,2.543258731
TCGA-E9-A22A-01A-11R-A157-07,brca,tumor,2.40301141
TCGA-E9-A22B-01A-11R-A157-07,brca,tumor,2.51603561
TCGA-E9-A22D-01A-11R-A157-07,brca,tumor,2.842374206
TCGA-E9-A22E-01A-11R-A157-07,brca,tumor,2.132243881
TCGA-E9-A22G-01A-11R-A157-07,brca,tumor,2.373243415
TCGA-E9-A22H-01A-11R-A157-07,brca,tumor,2.4800025
TCGA-E9-A243-01A-21R-A169-07,brca,tumor,2.537639765
TCGA-E9-A244-01A-11R-A169-07,brca,tumor,2.049334312
TCGA-E9-A245-01A-22R-A16F-07,brca,tumor,2.46613626
TCGA-E9-A247-01A-11R-A169-07,brca,tumor,2.603635744
TCGA-E9-A248-01A-11R-A169-07,brca,tumor,2.639012471
TCGA-E9-A249-01A-11R-A169-07,brca,tumor,2.245866267
TCGA-E9-A24A-01A-11R-A169-07,brca,tumor,1.892284986
TCGA-E9-A295-01A-11R-A16F-07,brca,tumor,2.625245734
TCGA-E9-A2JS-01A-11R-A180-07,brca,tumor,2.334848358
TCGA-E9-A2JT-01A-22R-A18M-07,brca,tumor,2.166104635
TCGA-E9-A3HO-01A-11R-A213-07,brca,tumor,2.753124142
TCGA-E9-A3Q9-01A-11R-A21T-07,brca,tumor,2.598044048
TCGA-E9-A3QA-01A-61R-A22K-07,brca,tumor,2.501352908
TCGA-E9-A3X8-01A-31R-A22U-07,brca,tumor,2.872289733
TCGA-E9-A54X-01A-11R-A266-07,brca,tumor,2.199268534
TCGA-E9-A54Y-01A-11R-A466-07,brca,tumor,2.414826682
TCGA-E9-A5FK-01A-11R-A27Q-07,brca,tumor,2.763531258
TCGA-E9-A5FL-01A-11R-A27Q-07,brca,tumor,1.783240611
TCGA-E9-A5UO-01A-11R-A28M-07,brca,tumor,2.027869446
TCGA-E9-A5UP-01A-11R-A28M-07,brca,tumor,2.190210654
TCGA-E9-A6HE-01A-11R-A31O-07,brca,tumor,2.212185263
TCGA-EW-A1IW-01A-11R-A13Q-07,brca,tumor,2.600959368
TCGA-EW-A1IX-01A-12R-A144-07,brca,tumor,2.715158412
TCGA-EW-A1IY-01A-11R-A13Q-07,brca,tumor,2.845895631
TCGA-EW-A1IZ-01A-11R-A13Q-07,brca,tumor,2.622030676
TCGA-EW-A1J1-01A-11R-A13Q-07,brca,tumor,2.459464444
TCGA-EW-A1J2-01A-21R-A13Q-07,brca,tumor,2.26585639
TCGA-EW-A1J3-01A-11R-A13Q-07,brca,tumor,2.606045518
TCGA-EW-A1J5-01A-11R-A13Q-07,brca,tumor,2.76168897
TCGA-EW-A1J6-01A-11R-A13Q-07,brca,tumor,2.472129427
TCGA-EW-A1OV-01A-11R-A144-07,brca,tumor,2.532634383
TCGA-EW-A1OW-01A-21R-A144-07,brca,tumor,1.989695134
TCGA-EW-A1OX-01A-11R-A144-07,brca,tumor,2.124775064
TCGA-EW-A1OY-01A-11R-A144-07,brca,tumor,2.354075115
TCGA-EW-A1OZ-01A-11R-A144-07,brca,tumor,1.978673053
TCGA-EW-A1P0-01A-11R-A144-07,brca,tumor,2.270608408
TCGA-EW-A1P1-01A-31R-A14D-07,brca,tumor,1.960555288
TCGA-EW-A1P3-01A-11R-A144-07,brca,tumor,2.650075629
TCGA-EW-A1P4-01A-21R-A144-07,brca,tumor,2.801926132
TCGA-EW-A1P5-01A-11R-A144-07,brca,tumor,1.97756017
TCGA-EW-A1P6-01A-11R-A144-07,brca,tumor,2.54742647
TCGA-EW-A1P7-01A-21R-A144-07,brca,tumor,2.251681202
TCGA-EW-A1P8-01A-11R-A144-07,brca,tumor,2.175122638
TCGA-EW-A1PA-01A-11R-A144-07,brca,tumor,2.508569633
TCGA-EW-A1PB-01A-11R-A144-07,brca,tumor,1.903230886
TCGA-EW-A1PC-01B-11R-A21T-07,brca,tumor,2.655324116
TCGA-EW-A1PD-01A-11R-A144-07,brca,tumor,1.84019145
TCGA-EW-A1PE-01A-11R-A144-07,brca,tumor,2.523753789
TCGA-EW-A1PF-01A-11R-A144-07,brca,tumor,1.975658539
TCGA-EW-A1PG-01A-11R-A144-07,brca,tumor,2.846255506
TCGA-EW-A1PH-01A-11R-A14M-07,brca,tumor,2.54820101
TCGA-EW-A2FR-01A-11R-A21T-07,brca,tumor,1.707677259
TCGA-EW-A2FS-01A-11R-A17B-07,brca,tumor,2.556265941
TCGA-EW-A2FV-01A-11R-A17B-07,brca,tumor,2.330490278
TCGA-EW-A2FW-01A-11R-A17B-07,brca,tumor,2.136982183
TCGA-EW-A3E8-01B-11R-A24H-07,brca,tumor,2.753416282
TCGA-EW-A3U0-01A-11R-A22K-07,brca,tumor,2.621005806
TCGA-EW-A423-01A-11R-A24H-07,brca,tumor,2.021959268
TCGA-EW-A424-01A-11R-A24H-07,brca,tumor,2.724812214
TCGA-EW-A6S9-01A-22R-A33J-07,brca,tumor,1.822749639
TCGA-EW-A6SA-01A-21R-A32P-07,brca,tumor,2.590493403
TCGA-EW-A6SB-01A-12R-A32P-07,brca,tumor,2.855111311
TCGA-EW-A6SC-01A-12R-A32P-07,brca,tumor,2.594164472
TCGA-EW-A6SD-01A-12R-A33J-07,brca,tumor,2.620897689
TCGA-GI-A2C8-01A-11R-A16F-07,brca,tumor,1.639179466
TCGA-GI-A2C9-01A-11R-A21T-07,brca,tumor,1.924724941
TCGA-GM-A2D9-01A-11R-A18M-07,brca,tumor,1.766542307
TCGA-GM-A2DA-01A-11R-A18M-07,brca,tumor,2.988909008
TCGA-GM-A2DB-01A-31R-A18M-07,brca,tumor,2.114923739
TCGA-GM-A2DC-01A-11R-A18M-07,brca,tumor,2.834460248
TCGA-GM-A2DD-01A-11R-A180-07,brca,tumor,2.401740668
TCGA-GM-A2DF-01A-11R-A180-07,brca,tumor,2.15644918
TCGA-GM-A2DH-01A-11R-A180-07,brca,tumor,2.897247956
TCGA-GM-A2DI-01A-31R-A18M-07,brca,tumor,2.116407742
TCGA-GM-A2DK-01A-21R-A180-07,brca,tumor,1.584738307
TCGA-GM-A2DL-01A-11R-A18M-07,brca,tumor,1.8967103
TCGA-GM-A2DM-01A-11R-A180-07,brca,tumor,2.438663871
TCGA-GM-A2DN-01A-11R-A180-07,brca,tumor,2.443653127
TCGA-GM-A2DO-01A-11R-A18M-07,brca,tumor,2.605195595
TCGA-GM-A3NW-01A-21R-A22K-07,brca,tumor,2.465471235
TCGA-GM-A3NY-01A-11R-A21T-07,brca,tumor,2.663839031
TCGA-GM-A3XG-01A-31R-A24H-07,brca,tumor,1.861336037
TCGA-GM-A3XL-01A-11R-A22U-07,brca,tumor,2.467508409
TCGA-GM-A3XN-01A-12R-A22U-07,brca,tumor,2.232105001
TCGA-GM-A4E0-01A-12R-A266-07,brca,tumor,2.554404084
TCGA-GM-A5PV-01A-11R-A28M-07,brca,tumor,2.457149792
TCGA-GM-A5PX-01A-12R-A28M-07,brca,tumor,2.442081989
TCGA-HN-A2NL-01A-11R-A18M-07,brca,tumor,2.387059344
TCGA-HN-A2OB-01A-21R-A27Q-07,brca,tumor,2.661171969
TCGA-JL-A3YW-01A-12R-A239-07,brca,tumor,1.637332801
TCGA-JL-A3YX-01A-11R-A22U-07,brca,tumor,2.562984643
TCGA-LD-A66U-01A-11R-A31O-07,brca,tumor,2.775204928
TCGA-LD-A74U-01A-13R-A33J-07,brca,tumor,1.441319517
TCGA-LD-A7W5-01A-22R-A352-07,brca,tumor,2.759729843
TCGA-LD-A7W6-01A-81R-A352-07,brca,tumor,2.994203472
TCGA-LD-A9QF-01A-32R-A41B-07,brca,tumor,1.868694838
TCGA-LL-A440-01A-11R-A24H-07,brca,tumor,1.399134912
TCGA-LL-A441-01A-11R-A24H-07,brca,tumor,2.393143778
TCGA-LL-A442-01A-11R-A24H-07,brca,tumor,2.076509199
TCGA-LL-A50Y-01A-11R-A266-07,brca,tumor,2.614410787
TCGA-LL-A5YL-01A-12R-A29R-07,brca,tumor,2.71416699
TCGA-LL-A5YM-01A-11R-A28M-07,brca,tumor,1.93000702
TCGA-LL-A5YN-01A-11R-A28M-07,brca,tumor,2.558104197
TCGA-LL-A5YO-01A-21R-A28M-07,brca,tumor,2.603547189
TCGA-LL-A5YP-01A-21R-A28M-07,brca,tumor,2.23424916
TCGA-LL-A6FP-01A-11R-A31O-07,brca,tumor,2.506035692
TCGA-LL-A6FQ-01A-11R-A31O-07,brca,tumor,1.512562683
TCGA-LL-A6FR-01A-12R-A31O-07,brca,tumor,1.317324882
TCGA-LL-A73Y-01A-11R-A33J-07,brca,tumor,2.172909164
TCGA-LL-A73Z-01A-11R-A32P-07,brca,tumor,2.420439934
TCGA-LL-A740-01A-21R-A32P-07,brca,tumor,1.984304958
TCGA-LL-A7SZ-01A-32R-A352-07,brca,tumor,2.482372636
TCGA-LL-A7T0-01A-31R-A352-07,brca,tumor,2.026496932
TCGA-LL-A8F5-01A-11R-A36F-07,brca,tumor,2.048276524
TCGA-LL-A9Q3-01A-11R-A41B-07,brca,tumor,2.712950487
TCGA-LQ-A4E4-01A-11R-A266-07,brca,tumor,2.435363117
TCGA-MS-A51U-01A-31R-A266-07,brca,tumor,2.564096032
TCGA-OK-A5Q2-01A-11R-A27Q-07,brca,tumor,2.702601331
TCGA-OL-A5D6-01A-21R-A27Q-07,brca,tumor,2.592025691
TCGA-OL-A5D7-01A-11R-A27Q-07,brca,tumor,2.708015304
TCGA-OL-A5D8-01A-11R-A27Q-07,brca,tumor,2.188222177
TCGA-OL-A5DA-01A-11R-A27Q-07,brca,tumor,2.625917979
TCGA-OL-A5RU-01A-11R-A28M-07,brca,tumor,2.645849072
TCGA-OL-A5RV-01A-12R-A28M-07,brca,tumor,2.634942923
TCGA-OL-A5RW-01A-11R-A28M-07,brca,tumor,2.287897727
TCGA-OL-A5RX-01A-11R-A28M-07,brca,tumor,2.842773435
TCGA-OL-A5RY-01A-21R-A28M-07,brca,tumor,2.397743826
TCGA-OL-A5RZ-01A-11R-A28M-07,brca,tumor,2.186989259
TCGA-OL-A5S0-01A-11R-A28M-07,brca,tumor,1.498023585
TCGA-OL-A66H-01A-11R-A29R-07,brca,tumor,2.188065835
TCGA-OL-A66I-01A-21R-A29R-07,brca,tumor,2.480716914
TCGA-OL-A66J-01A-11R-A29R-07,brca,tumor,1.582085407
TCGA-OL-A66K-01A-11R-A29R-07,brca,tumor,2.397516373
TCGA-OL-A66L-01A-12R-A31O-07,brca,tumor,2.71435818
TCGA-OL-A66N-01A-12R-A31O-07,brca,tumor,2.888576787
TCGA-OL-A66O-01A-11R-A31O-07,brca,tumor,2.878573664
TCGA-OL-A66P-01A-11R-A31O-07,brca,tumor,2.602024898
TCGA-OL-A6VO-01A-12R-A33J-07,brca,tumor,1.307008841
TCGA-OL-A6VQ-01A-12R-A41B-07,brca,tumor,2.632311074
TCGA-OL-A6VR-01A-32R-A33J-07,brca,tumor,2.326701233
TCGA-OL-A97C-01A-32R-A41B-07,brca,tumor,1.462197143
TCGA-PE-A5DC-01A-12R-A27Q-07,brca,tumor,2.271750008
TCGA-PE-A5DD-01A-12R-A27Q-07,brca,tumor,2.450043734
TCGA-PE-A5DE-01A-11R-A27Q-07,brca,tumor,2.82058752
TCGA-PL-A8LV-01A-21R-A41B-07,brca,tumor,2.605873785
TCGA-PL-A8LX-01A-11R-A41B-07,brca,tumor,2.345720514
TCGA-PL-A8LY-01A-11R-A41B-07,brca,tumor,2.730620186
TCGA-PL-A8LZ-01A-31R-A36F-07,brca,tumor,2.294406084
TCGA-S3-A6ZF-01A-32R-A32P-07,brca,tumor,2.419108505
TCGA-S3-A6ZG-01A-22R-A32P-07,brca,tumor,2.714764851
TCGA-S3-A6ZH-01A-22R-A32P-07,brca,tumor,3.147165923
TCGA-S3-AA0Z-01A-11R-A41B-07,brca,tumor,2.131473872
TCGA-S3-AA10-01A-21R-A41B-07,brca,tumor,2.451104257
TCGA-S3-AA11-01A-31R-A41B-07,brca,tumor,2.251693293
TCGA-S3-AA12-01A-11R-A41B-07,brca,tumor,2.878012306
TCGA-S3-AA14-01A-11R-A41B-07,brca,tumor,2.693528139
TCGA-S3-AA15-01A-11R-A41B-07,brca,tumor,2.680368645
TCGA-S3-AA17-01A-11R-A41B-07,brca,tumor,2.49528149
TCGA-UL-AAZ6-01A-11R-A41B-07,brca,tumor,1.580472159
TCGA-UU-A93S-01A-21R-A41B-07,brca,tumor,2.245874897
TCGA-V7-A7HQ-01A-11R-A33J-07,brca,tumor,2.42673066
TCGA-W8-A86G-01A-21R-A36F-07,brca,tumor,2.879609984
TCGA-WT-AB41-01A-11R-A41B-07,brca,tumor,2.798494403
TCGA-WT-AB44-01A-11R-A41B-07,brca,tumor,2.302157397
TCGA-XX-A899-01A-11R-A36F-07,brca,tumor,2.452989714
TCGA-XX-A89A-01A-11R-A36F-07,brca,tumor,2.28838677
TCGA-Z7-A8R5-01A-42R-A41B-07,brca,tumor,2.064814175
TCGA-Z7-A8R6-01A-11R-A41B-07,brca,tumor,2.289188596
TCGA-2W-A8YY-01A-11R-A37O-07,cesc,tumor,2.060604073
TCGA-4J-AA1J-01A-21R-A38B-07,cesc,tumor,2.685560561
TCGA-BI-A0VR-01A-11R-A10U-07,cesc,tumor,2.928345005
TCGA-BI-A0VS-01A-11R-A10U-07,cesc,tumor,2.108745306
TCGA-BI-A20A-01A-11R-A14Y-07,cesc,tumor,2.725860875
TCGA-C5-A0TN-01A-21R-A14Y-07,cesc,tumor,2.236675598
TCGA-C5-A1BE-01B-11R-A13Y-07,cesc,tumor,2.198230133
TCGA-C5-A1BF-01B-11R-A13Y-07,cesc,tumor,2.644048512
TCGA-C5-A1BI-01B-11R-A13Y-07,cesc,tumor,2.825882353
TCGA-C5-A1BJ-01A-11R-A13Y-07,cesc,tumor,3.177234579
TCGA-C5-A1BK-01B-11R-A13Y-07,cesc,tumor,2.978310209
TCGA-C5-A1BL-01A-11R-A13Y-07,cesc,tumor,2.707568829
TCGA-C5-A1BM-01A-11R-A13Y-07,cesc,tumor,2.334422554
TCGA-C5-A1BN-01B-11R-A14Y-07,cesc,tumor,2.267782007
TCGA-C5-A1BQ-01C-11R-A213-07,cesc,tumor,2.626389994
TCGA-C5-A1M5-01A-11R-A13Y-07,cesc,tumor,2.516928842
TCGA-C5-A1M6-01A-11R-A13Y-07,cesc,tumor,2.274543326
TCGA-C5-A1M7-01A-11R-A13Y-07,cesc,tumor,3.178698717
TCGA-C5-A1M8-01A-21R-A13Y-07,cesc,tumor,2.147093108
TCGA-C5-A1M9-01A-11R-A13Y-07,cesc,tumor,2.639997828
TCGA-C5-A1ME-01A-11R-A13Y-07,cesc,tumor,2.973420939
TCGA-C5-A1MF-01A-11R-A13Y-07,cesc,tumor,3.241319119
TCGA-C5-A1MH-01A-11R-A14Y-07,cesc,tumor,1.998625597
TCGA-C5-A1MI-01A-11R-A14Y-07,cesc,tumor,2.765972042
TCGA-C5-A1MJ-01A-11R-A14Y-07,cesc,tumor,1.729034815
TCGA-C5-A1MK-01A-11R-A14Y-07,cesc,tumor,2.551202342
TCGA-C5-A1ML-01A-11R-A14Y-07,cesc,tumor,2.153765721
TCGA-C5-A1MN-01A-11R-A14Y-07,cesc,tumor,2.56893589
TCGA-C5-A1MP-01A-11R-A14Y-07,cesc,tumor,2.419646363
TCGA-C5-A1MQ-01A-11R-A14Y-07,cesc,tumor,2.235169106
TCGA-C5-A2LS-01A-22R-A22U-07,cesc,tumor,3.081654349
TCGA-C5-A2LT-01A-11R-A18M-07,cesc,tumor,2.777751016
TCGA-C5-A2LV-01A-11R-A18M-07,cesc,tumor,1.801696028
TCGA-C5-A2LX-01A-11R-A18M-07,cesc,tumor,2.622745611
TCGA-C5-A2LY-01A-31R-A18M-07,cesc,tumor,2.590525615
TCGA-C5-A2LZ-01A-11R-A213-07,cesc,tumor,2.850480549
TCGA-C5-A2M1-01A-11R-A18M-07,cesc,tumor,2.877082166
TCGA-C5-A2M2-01A-21R-A18M-07,cesc,tumor,3.331332121
TCGA-C5-A3HD-01B-11R-A213-07,cesc,tumor,2.706503171
TCGA-C5-A3HE-01A-21R-A22U-07,cesc,tumor,2.834314482
TCGA-C5-A3HF-01A-11R-A213-07,cesc,tumor,2.727731298
TCGA-C5-A3HL-01A-11R-A213-07,cesc,tumor,2.947547655
TCGA-C5-A7CG-01A-11R-A32P-07,cesc,tumor,2.721508881
TCGA-C5-A7CH-01A-11R-A33Z-07,cesc,tumor,2.010218435
TCGA-C5-A7CJ-01A-11R-A32P-07,cesc,tumor,2.916378844
TCGA-C5-A7CK-01A-11R-A32P-07,cesc,tumor,2.532838268
TCGA-C5-A7CL-01A-11R-A32P-07,cesc,tumor,2.725969555
TCGA-C5-A7CM-01A-11R-A33Z-07,cesc,tumor,2.872925135
TCGA-C5-A7CO-01A-11R-A352-07,cesc,tumor,3.003154046
TCGA-C5-A7UC-01A-11R-A352-07,cesc,tumor,2.421598096
TCGA-C5-A7UE-01A-11R-A33Z-07,cesc,tumor,2.784281962
TCGA-C5-A7UH-01A-11R-A352-07,cesc,tumor,2.183458261
TCGA-C5-A7UI-01A-11R-A36F-07,cesc,tumor,2.83648913
TCGA-C5-A7X3-01A-11R-A352-07,cesc,tumor,2.869125919
TCGA-C5-A7X5-01A-11R-A36F-07,cesc,tumor,2.444028676
TCGA-C5-A7X8-01A-11R-A36F-07,cesc,tumor,2.90222645
TCGA-C5-A7XC-01A-11R-A38B-07,cesc,tumor,2.762384458
TCGA-C5-A8XH-01A-11R-A37O-07,cesc,tumor,2.055142512
TCGA-C5-A8XI-01A-11R-A37O-07,cesc,tumor,2.997057455
TCGA-C5-A8XJ-01A-11R-A37O-07,cesc,tumor,2.87006705
TCGA-C5-A8XK-01A-11R-A37O-07,cesc,tumor,2.157040603
TCGA-C5-A8YQ-01A-11R-A37O-07,cesc,tumor,2.873296017
TCGA-C5-A8YR-01A-12R-A37O-07,cesc,tumor,2.47372125
TCGA-C5-A8YT-01A-11R-A37O-07,cesc,tumor,2.593446968
TCGA-C5-A8ZZ-01A-11R-A37O-07,cesc,tumor,2.171011839
TCGA-C5-A901-01A-11R-A37O-07,cesc,tumor,2.654339072
TCGA-C5-A902-01A-11R-A37O-07,cesc,tumor,2.662298851
TCGA-C5-A905-01A-11R-A37O-07,cesc,tumor,3.173627712
TCGA-C5-A907-01A-11R-A37O-07,cesc,tumor,2.689877505
TCGA-DG-A2KH-01A-21R-A22U-07,cesc,tumor,3.186682241
TCGA-DG-A2KJ-01A-11R-A32Y-07,cesc,tumor,2.893428083
TCGA-DG-A2KK-01A-11R-A180-07,cesc,tumor,2.578368535
TCGA-DG-A2KL-01A-11R-A180-07,cesc,tumor,1.865150519
TCGA-DG-A2KM-01A-11R-A180-07,cesc,tumor,2.273711671
TCGA-DR-A0ZL-01A-11R-A10U-07,cesc,tumor,3.284110565
TCGA-DR-A0ZM-01A-12R-A10U-07,cesc,tumor,2.706470566
TCGA-DS-A0VK-01A-21R-A10U-07,cesc,tumor,2.293626573
TCGA-DS-A0VL-01A-21R-A10U-07,cesc,tumor,2.708337348
TCGA-DS-A0VM-01A-11R-A10U-07,cesc,tumor,2.891952645
TCGA-DS-A0VN-01A-21R-A10U-07,cesc,tumor,2.058059034
TCGA-DS-A1O9-01A-11R-A14Y-07,cesc,tumor,2.091329665
TCGA-DS-A1OA-01A-11R-A14Y-07,cesc,tumor,2.584006144
TCGA-DS-A1OB-01A-11R-A14Y-07,cesc,tumor,1.90920579
TCGA-DS-A1OC-01A-11R-A14Y-07,cesc,tumor,2.579452339
TCGA-DS-A1OD-01A-11R-A14Y-07,cesc,tumor,2.835358785
TCGA-DS-A3LQ-01A-21R-A21T-07,cesc,tumor,1.620388278
TCGA-DS-A5RQ-01A-11R-A28H-07,cesc,tumor,2.590229835
TCGA-DS-A7WF-01A-11R-A352-07,cesc,tumor,2.972537573
TCGA-DS-A7WH-01A-22R-A352-07,cesc,tumor,3.169427703
TCGA-DS-A7WI-01A-12R-A352-07,cesc,tumor,3.026478582
TCGA-EA-A1QS-01A-61R-A22U-07,cesc,tumor,2.565486056
TCGA-EA-A1QT-01A-11R-A14Y-07,cesc,tumor,2.651146674
TCGA-EA-A3HQ-01A-11R-A213-07,cesc,tumor,2.740776982
TCGA-EA-A3HR-01A-11R-A213-07,cesc,tumor,2.868213625
TCGA-EA-A3HS-01A-11R-A213-07,cesc,tumor,2.504941033
TCGA-EA-A3HT-01A-61R-A21T-07,cesc,tumor,2.506655626
TCGA-EA-A3HU-01A-11R-A213-07,cesc,tumor,2.823320606
TCGA-EA-A3QD-01A-32R-A22U-07,cesc,tumor,2.655996166
TCGA-EA-A3QE-01A-21R-A21T-07,cesc,tumor,2.934567065
TCGA-EA-A3Y4-01A-51R-A24H-07,cesc,tumor,2.503998921
TCGA-EA-A410-01A-11R-A32Y-07,cesc,tumor,2.104530662
TCGA-EA-A411-01A-11R-A24H-07,cesc,tumor,2.228336753
TCGA-EA-A439-01A-11R-A24H-07,cesc,tumor,2.925002991
TCGA-EA-A43B-01A-81R-A32Y-07,cesc,tumor,2.853753346
TCGA-EA-A44S-01A-12R-A26T-07,cesc,tumor,2.297032192
TCGA-EA-A4BA-01A-21R-A26T-07,cesc,tumor,2.30686579
TCGA-EA-A50E-01A-21R-A26T-07,cesc,tumor,1.365427852
TCGA-EA-A556-01A-11R-A26T-07,cesc,tumor,2.468508351
TCGA-EA-A5FO-01A-21R-A28H-07,cesc,tumor,3.079390245
TCGA-EA-A5O9-01A-11R-A28H-07,cesc,tumor,2.435172654
TCGA-EA-A5ZD-01A-11R-A28H-07,cesc,tumor,2.746989688
TCGA-EA-A5ZE-01A-11R-A28H-07,cesc,tumor,2.897511675
TCGA-EA-A5ZF-01A-11R-A28H-07,cesc,tumor,2.763129315
TCGA-EA-A6QX-01A-12R-A33Z-07,cesc,tumor,2.998192687
TCGA-EA-A78R-01A-11R-A32P-07,cesc,tumor,2.366690209
TCGA-EA-A97N-01A-11R-A38B-07,cesc,tumor,1.900317554
TCGA-EK-A2GZ-01A-11R-A180-07,cesc,tumor,2.723629362
TCGA-EK-A2H0-01A-11R-A180-07,cesc,tumor,2.680109297
TCGA-EK-A2H1-01A-11R-A180-07,cesc,tumor,1.792932005
TCGA-EK-A2IP-01A-11R-A180-07,cesc,tumor,2.013844649
TCGA-EK-A2IR-01A-11R-A180-07,cesc,tumor,3.033901036
TCGA-EK-A2PG-01A-11R-A18M-07,cesc,tumor,3.026306573
TCGA-EK-A2PI-01A-11R-A18M-07,cesc,tumor,2.956858933
TCGA-EK-A2PK-01A-11R-A18M-07,cesc,tumor,2.847383074
TCGA-EK-A2PL-01A-11R-A18M-07,cesc,tumor,2.5161536
TCGA-EK-A2PM-01A-11R-A18M-07,cesc,tumor,2.40920582
TCGA-EK-A2R7-01A-11R-A18M-07,cesc,tumor,2.84807349
TCGA-EK-A2R8-01A-21R-A18M-07,cesc,tumor,2.81887573
TCGA-EK-A2R9-01A-11R-A18M-07,cesc,tumor,2.659337575
TCGA-EK-A2RA-01A-11R-A18M-07,cesc,tumor,2.707981885
TCGA-EK-A2RB-01A-11R-A18M-07,cesc,tumor,3.1134147
TCGA-EK-A2RC-01A-11R-A18M-07,cesc,tumor,2.821083255
TCGA-EK-A2RE-01A-11R-A18M-07,cesc,tumor,2.482346171
TCGA-EK-A2RJ-01A-11R-A18M-07,cesc,tumor,2.637523804
TCGA-EK-A2RK-01A-11R-A18M-07,cesc,tumor,2.766482074
TCGA-EK-A2RL-01A-11R-A18M-07,cesc,tumor,3.05816786
TCGA-EK-A2RM-01A-21R-A18M-07,cesc,tumor,2.822145682
TCGA-EK-A2RN-01A-12R-A213-07,cesc,tumor,2.904019209
TCGA-EK-A2RO-01A-11R-A18M-07,cesc,tumor,2.275164703
TCGA-EK-A3GJ-01A-21R-A213-07,cesc,tumor,2.602094995
TCGA-EK-A3GK-01A-11R-A213-07,cesc,tumor,3.046993752
TCGA-EK-A3GM-01A-11R-A213-07,cesc,tumor,2.769054366
TCGA-EK-A3GN-01A-11R-A213-07,cesc,tumor,2.799919929
TCGA-EX-A1H5-01A-31R-A13Y-07,cesc,tumor,3.05381331
TCGA-EX-A1H6-01B-11R-A22U-07,cesc,tumor,2.99460728
TCGA-EX-A3L1-01A-11R-A32Y-07,cesc,tumor,2.67897336
TCGA-EX-A449-01A-11R-A32Y-07,cesc,tumor,3.03484487
TCGA-EX-A69L-01A-11R-A32P-07,cesc,tumor,2.766135813
TCGA-EX-A69M-01A-11R-A32P-07,cesc,tumor,2.895723385
TCGA-EX-A8YF-01A-11R-A37O-07,cesc,tumor,2.834371982
TCGA-FU-A23K-01A-11R-A16R-07,cesc,tumor,2.871695203
TCGA-FU-A23L-01A-11R-A16R-07,cesc,tumor,3.000351887
TCGA-FU-A2QG-01A-11R-A18M-07,cesc,tumor,2.912218131
TCGA-FU-A3EO-01A-11R-A213-07,cesc,tumor,3.042305721
TCGA-FU-A3HY-01A-11R-A21T-07,cesc,tumor,2.227174582
TCGA-FU-A3HZ-01A-11R-A213-07,cesc,tumor,2.617423542
TCGA-FU-A3NI-01A-11R-A21T-07,cesc,tumor,2.713594691
TCGA-FU-A3TQ-01A-11R-A22U-07,cesc,tumor,2.691721833
TCGA-FU-A3TX-01A-11R-A22U-07,cesc,tumor,2.750701027
TCGA-FU-A3WB-01A-11R-A22U-07,cesc,tumor,3.203192079
TCGA-FU-A3YQ-01A-11R-A22U-07,cesc,tumor,2.691932285
TCGA-FU-A40J-01A-11R-A24H-07,cesc,tumor,3.286504936
TCGA-FU-A57G-01A-11R-A26T-07,cesc,tumor,2.020359918
TCGA-FU-A5XV-01A-11R-A28H-07,cesc,tumor,2.94551704
TCGA-FU-A770-01A-11R-A33Z-07,cesc,tumor,3.208148202
TCGA-GH-A9DA-01A-21R-A37O-07,cesc,tumor,2.83737529
TCGA-HG-A2PA-01A-11R-A213-07,cesc,tumor,3.024715013
TCGA-HM-A3JJ-01A-21R-A21T-07,cesc,tumor,2.772447069
TCGA-HM-A3JK-01A-11R-A32Y-07,cesc,tumor,2.118426247
TCGA-HM-A4S6-01A-11R-A26T-07,cesc,tumor,2.441906328
TCGA-HM-A6W2-06A-22R-A33Z-07,cesc,tumor,1.675625729
TCGA-HM-A6W2-01A-21R-A33Z-07,cesc,tumor,2.823343098
TCGA-IR-A3L7-01A-21R-A213-07,cesc,tumor,3.140700735
TCGA-IR-A3LA-01A-11R-A22U-07,cesc,tumor,2.784279291
TCGA-IR-A3LB-01A-11R-A24H-07,cesc,tumor,2.463388401
TCGA-IR-A3LC-01A-11R-A213-07,cesc,tumor,2.697185748
TCGA-IR-A3LF-01A-21R-A22U-07,cesc,tumor,2.537930027
TCGA-IR-A3LH-01A-21R-A213-07,cesc,tumor,2.104531273
TCGA-IR-A3LI-01A-11R-A32Y-07,cesc,tumor,3.217929661
TCGA-IR-A3LK-01A-12R-A213-07,cesc,tumor,2.061767125
TCGA-IR-A3LL-01A-11R-A213-07,cesc,tumor,2.479518212
TCGA-JW-A5VG-01A-11R-A28H-07,cesc,tumor,2.550173806
TCGA-JW-A5VH-01A-11R-A28H-07,cesc,tumor,2.861513899
TCGA-JW-A5VI-01A-11R-A28H-07,cesc,tumor,2.52993582
TCGA-JW-A5VJ-01A-11R-A28H-07,cesc,tumor,2.764255612
TCGA-JW-A5VK-01A-11R-A28H-07,cesc,tumor,2.701673275
TCGA-JW-A5VL-01A-11R-A28H-07,cesc,tumor,2.447036261
TCGA-JW-A69B-01A-11R-A32P-07,cesc,tumor,2.290519641
TCGA-JW-A852-01A-11R-A352-07,cesc,tumor,3.137292655
TCGA-JW-AAVH-01A-11R-A38B-07,cesc,tumor,2.924669368
TCGA-JX-A3PZ-01A-11R-A32Y-07,cesc,tumor,2.40146502
TCGA-JX-A3Q0-01A-11R-A32Y-07,cesc,tumor,2.671195261
TCGA-JX-A3Q8-01A-11R-A21T-07,cesc,tumor,2.847461084
TCGA-JX-A5QV-01A-22R-A28H-07,cesc,tumor,2.388173059
TCGA-LP-A4AU-01A-32R-A32Y-07,cesc,tumor,3.053140664
TCGA-LP-A4AV-01A-11R-A32Y-07,cesc,tumor,2.57435159
TCGA-LP-A4AW-01A-11R-A24H-07,cesc,tumor,2.233284198
TCGA-LP-A4AX-01A-12R-A24H-07,cesc,tumor,2.437362825
TCGA-LP-A5U2-01A-11R-A28H-07,cesc,tumor,2.92993559
TCGA-LP-A5U3-01A-11R-A28H-07,cesc,tumor,2.911239303
TCGA-LP-A7HU-01A-11R-A33Z-07,cesc,tumor,2.653055559
TCGA-MA-AA3W-01A-11R-A38B-07,cesc,tumor,2.903112039
TCGA-MA-AA3X-01A-22R-A42S-07,cesc,tumor,1.948373189
TCGA-MA-AA3Y-01A-11R-A38B-07,cesc,tumor,2.276223772
TCGA-MA-AA3Z-01A-11R-A38B-07,cesc,tumor,2.902116586
TCGA-MA-AA41-01A-11R-A38B-07,cesc,tumor,2.115822704
TCGA-MA-AA42-01A-12R-A38B-07,cesc,tumor,2.525313232
TCGA-MA-AA43-01A-11R-A42T-07,cesc,tumor,2.416789464
TCGA-MU-A51Y-01A-11R-A26T-07,cesc,tumor,2.812765935
TCGA-MU-A5YI-01A-11R-A32P-07,cesc,tumor,2.378538051
TCGA-MU-A8JM-01A-11R-A36F-07,cesc,tumor,3.134144594
TCGA-MY-A5BD-01A-11R-A26T-07,cesc,tumor,3.33504733
TCGA-MY-A5BE-01A-21R-A26T-07,cesc,tumor,2.530392568
TCGA-MY-A5BF-01A-11R-A26T-07,cesc,tumor,2.652046367
TCGA-MY-A913-01A-11R-A37O-07,cesc,tumor,2.343562013
TCGA-PN-A8MA-01A-11R-A36F-07,cesc,tumor,2.853991572
TCGA-Q1-A5R1-01A-11R-A28H-07,cesc,tumor,3.101779136
TCGA-Q1-A5R2-01A-11R-A28H-07,cesc,tumor,2.697087395
TCGA-Q1-A5R3-01A-11R-A28H-07,cesc,tumor,2.770049609
TCGA-Q1-A6DT-01A-11R-A32P-07,cesc,tumor,2.138317609
TCGA-Q1-A6DV-01A-11R-A32P-07,cesc,tumor,3.302487339
TCGA-Q1-A6DW-01A-11R-A32P-07,cesc,tumor,2.746697718
TCGA-Q1-A73O-01A-11R-A32P-07,cesc,tumor,2.835177604
TCGA-Q1-A73P-01A-11R-A32P-07,cesc,tumor,3.042095167
TCGA-Q1-A73Q-01A-21R-A32P-07,cesc,tumor,3.007895877
TCGA-Q1-A73R-01A-11R-A33Z-07,cesc,tumor,3.140820906
TCGA-Q1-A73S-01A-11R-A33Z-07,cesc,tumor,2.666588979
TCGA-R2-A69V-01A-11R-A32P-07,cesc,tumor,2.543221027
TCGA-RA-A741-01A-11R-A33Z-07,cesc,tumor,2.95534791
TCGA-UC-A7PD-01A-11R-A352-07,cesc,tumor,2.797167424
TCGA-UC-A7PF-01A-11R-A352-07,cesc,tumor,2.814881006
TCGA-UC-A7PG-06A-11R-A42S-07,cesc,tumor,2.677150253
TCGA-UC-A7PG-01A-11R-A42S-07,cesc,tumor,2.815975141
TCGA-UC-A7PI-01A-11R-A42S-07,cesc,tumor,2.719953632
TCGA-VS-A8EB-01A-11R-A36F-07,cesc,tumor,2.933131072
TCGA-VS-A8EC-01A-11R-A36F-07,cesc,tumor,2.6411676
TCGA-VS-A8EG-01A-11R-A36F-07,cesc,tumor,3.15244176
TCGA-VS-A8EH-01A-11R-A36F-07,cesc,tumor,2.635398112
TCGA-VS-A8EI-01A-11R-A37O-07,cesc,tumor,2.693507795
TCGA-VS-A8EJ-01A-11R-A37O-07,cesc,tumor,2.688671733
TCGA-VS-A8EK-01A-12R-A37O-07,cesc,tumor,3.233817861
TCGA-VS-A8EL-01A-11R-A37O-07,cesc,tumor,2.339287378
TCGA-VS-A8Q8-01A-11R-A37O-07,cesc,tumor,2.676725216
TCGA-VS-A8Q9-01A-12R-A37O-07,cesc,tumor,2.954640984
TCGA-VS-A8QA-01A-11R-A37O-07,cesc,tumor,2.939051471
TCGA-VS-A8QC-01A-11R-A37O-07,cesc,tumor,2.47393033
TCGA-VS-A8QF-01A-21R-A37O-07,cesc,tumor,2.781256451
TCGA-VS-A8QH-01A-11R-A37O-07,cesc,tumor,2.754598325
TCGA-VS-A8QM-01A-11R-A37O-07,cesc,tumor,2.742723577
TCGA-VS-A94W-01A-12R-A37O-07,cesc,tumor,2.753500383
TCGA-VS-A94X-01A-11R-A38B-07,cesc,tumor,2.759077275
TCGA-VS-A94Y-01A-11R-A38B-07,cesc,tumor,2.448952544
TCGA-VS-A94Z-01A-11R-A38B-07,cesc,tumor,2.712630797
TCGA-VS-A950-01A-11R-A42T-07,cesc,tumor,2.369336382
TCGA-VS-A952-01A-11R-A38B-07,cesc,tumor,2.83701593
TCGA-VS-A953-01A-11R-A38B-07,cesc,tumor,2.51830843
TCGA-VS-A954-01A-11R-A38B-07,cesc,tumor,2.705341801
TCGA-VS-A957-01A-11R-A42T-07,cesc,tumor,2.704913625
TCGA-VS-A958-01A-11R-A42T-07,cesc,tumor,2.827395652
TCGA-VS-A959-01A-11R-A42T-07,cesc,tumor,3.117029006
TCGA-VS-A9U5-01A-11R-A42T-07,cesc,tumor,2.881440607
TCGA-VS-A9U6-01A-11R-A42T-07,cesc,tumor,2.905242553
TCGA-VS-A9U7-01A-11R-A42T-07,cesc,tumor,2.708098181
TCGA-VS-A9UB-01A-22R-A42T-07,cesc,tumor,2.387028536
TCGA-VS-A9UC-01A-11R-A42T-07,cesc,tumor,2.878279607
TCGA-VS-A9UD-01A-11R-A42T-07,cesc,tumor,2.450020448
TCGA-VS-A9UH-01A-11R-A42T-07,cesc,tumor,2.11051456
TCGA-VS-A9UI-01A-11R-A42T-07,cesc,tumor,2.803725364
TCGA-VS-A9UJ-01A-11R-A42T-07,cesc,tumor,2.312823246
TCGA-VS-A9UL-01A-11R-A42T-07,cesc,tumor,3.055967583
TCGA-VS-A9UM-01A-11R-A42T-07,cesc,tumor,2.659490992
TCGA-VS-A9UO-01A-11R-A42T-07,cesc,tumor,3.062721955
TCGA-VS-A9UP-01A-11R-A42T-07,cesc,tumor,3.139143499
TCGA-VS-A9UQ-01A-21R-A42T-07,cesc,tumor,3.036998783
TCGA-VS-A9UR-01A-11R-A42T-07,cesc,tumor,2.929632639
TCGA-VS-A9UT-01A-11R-A42T-07,cesc,tumor,2.194781602
TCGA-VS-A9UU-01A-11R-A42T-07,cesc,tumor,3.078438583
TCGA-VS-A9UV-01A-11R-A42T-07,cesc,tumor,3.136132668
TCGA-VS-A9UY-01A-11R-A42T-07,cesc,tumor,2.292972982
TCGA-VS-A9UZ-01A-11R-A42T-07,cesc,tumor,3.045064349
TCGA-VS-A9V0-01A-11R-A42T-07,cesc,tumor,2.986757342
TCGA-VS-A9V1-01A-11R-A42T-07,cesc,tumor,3.116312571
TCGA-VS-A9V2-01A-11R-A42T-07,cesc,tumor,2.734106904
TCGA-VS-A9V3-01A-11R-A42T-07,cesc,tumor,2.99273082
TCGA-VS-A9V4-01A-12R-A42T-07,cesc,tumor,2.578113624
TCGA-VS-A9V5-01A-11R-A42T-07,cesc,tumor,3.272477548
TCGA-VS-AA62-01A-11R-A42T-07,cesc,tumor,2.446034901
TCGA-WL-A834-01A-11R-A352-07,cesc,tumor,2.746700272
TCGA-XS-A8TJ-01A-11R-A36F-07,cesc,tumor,2.75677259
TCGA-ZJ-A8QO-01A-11R-A37O-07,cesc,tumor,2.409402354
TCGA-ZJ-A8QQ-01A-11R-A37O-07,cesc,tumor,2.527396032
TCGA-ZJ-A8QR-01A-11R-A37O-07,cesc,tumor,2.771118809
TCGA-ZJ-AAX4-01A-11R-A42T-07,cesc,tumor,2.260844983
TCGA-ZJ-AAX8-01A-11R-A42T-07,cesc,tumor,2.79390342
TCGA-ZJ-AAXA-01A-11R-A42T-07,cesc,tumor,2.592933592
TCGA-ZJ-AAXB-01A-11R-A42T-07,cesc,tumor,2.680608677
TCGA-ZJ-AAXD-01A-21R-A42T-07,cesc,tumor,3.130278525
TCGA-ZJ-AAXF-01A-31R-A42T-07,cesc,tumor,2.671114043
TCGA-ZJ-AAXI-01A-11R-A42T-07,cesc,tumor,3.045070511
TCGA-ZJ-AAXJ-01A-11R-A42T-07,cesc,tumor,2.551793597
TCGA-ZJ-AAXN-01A-11R-A42T-07,cesc,tumor,2.479455615
TCGA-ZJ-AAXT-01A-11R-A42T-07,cesc,tumor,2.421586434
TCGA-ZJ-AAXU-01A-11R-A42T-07,cesc,tumor,3.01314515
TCGA-ZJ-AB0H-01A-11R-A42T-07,cesc,tumor,2.756482528
TCGA-ZJ-AB0I-01A-11R-A42T-07,cesc,tumor,2.512760097
TCGA-ZX-AA5X-01A-11R-A42T-07,cesc,tumor,2.714360696
TCGA-3X-AAV9-01A-72R-A41I-07,chol,tumor,2.685780994
TCGA-3X-AAVA-01A-11R-A41I-07,chol,tumor,2.613917715
TCGA-3X-AAVB-01A-31R-A41I-07,chol,tumor,2.19474448
TCGA-3X-AAVC-01A-21R-A41I-07,chol,tumor,3.011811713
TCGA-3X-AAVE-01A-11R-A41I-07,chol,tumor,2.760739848
TCGA-4G-AAZO-01A-12R-A41I-07,chol,tumor,2.793403628
TCGA-4G-AAZT-01A-11R-A41I-07,chol,tumor,2.53912482
TCGA-W5-AA2G-01A-11R-A41I-07,chol,tumor,1.82107851
TCGA-W5-AA2H-01A-31R-A41I-07,chol,tumor,2.196987409
TCGA-W5-AA2I-01A-32R-A41I-07,chol,tumor,2.857591123
TCGA-W5-AA2O-01A-11R-A41I-07,chol,tumor,2.126429778
TCGA-W5-AA2Q-01A-11R-A41I-07,chol,tumor,2.363569891
TCGA-W5-AA2R-01A-11R-A41I-07,chol,tumor,2.39787114
TCGA-W5-AA2T-01A-12R-A41I-07,chol,tumor,2.547184992
TCGA-W5-AA2U-01A-11R-A41I-07,chol,tumor,2.254239641
TCGA-W5-AA2W-01A-11R-A41I-07,chol,tumor,2.755703983
TCGA-W5-AA2X-01A-11R-A41I-07,chol,tumor,2.542703141
TCGA-W5-AA2Z-01A-11R-A41I-07,chol,tumor,2.709320062
TCGA-W5-AA30-01A-31R-A41I-07,chol,tumor,2.788837206
TCGA-W5-AA31-01A-11R-A41I-07,chol,tumor,2.054039064
TCGA-W5-AA33-01A-11R-A41I-07,chol,tumor,2.808471671
TCGA-W5-AA34-01A-11R-A41I-07,chol,tumor,2.873482993
TCGA-W5-AA36-01A-11R-A41I-07,chol,tumor,2.242202253
TCGA-W5-AA38-01A-11R-A41I-07,chol,tumor,2.03262723
TCGA-W5-AA39-01A-11R-A41I-07,chol,tumor,2.757427518
TCGA-W6-AA0S-01A-11R-A41I-07,chol,tumor,2.726888536
TCGA-WD-A7RX-01A-12R-A41I-07,chol,tumor,2.821652968
TCGA-YR-A95A-01A-12R-A41I-07,chol,tumor,2.758176729
TCGA-ZD-A8I3-01A-11R-A41I-07,chol,tumor,1.904265583
TCGA-ZH-A8Y1-01A-11R-A41I-07,chol,tumor,1.704909382
TCGA-ZH-A8Y2-01A-11R-A41I-07,chol,tumor,2.593614089
TCGA-ZH-A8Y4-01A-11R-A41I-07,chol,tumor,1.922706946
TCGA-ZH-A8Y5-01A-11R-A41I-07,chol,tumor,2.67118241
TCGA-ZH-A8Y6-01A-11R-A41I-07,chol,tumor,2.349786579
TCGA-ZH-A8Y8-01A-51R-A41I-07,chol,tumor,1.900647635
TCGA-ZU-A8S4-01A-11R-A41I-07,chol,tumor,2.12601962
TCGA-3L-AA1B-01A-11R-A37K-07,coad,tumor,2.899742078
TCGA-4N-A93T-01A-11R-A37K-07,coad,tumor,2.889133424
TCGA-4T-AA8H-01A-11R-A41B-07,coad,tumor,2.894082457
TCGA-5M-AAT4-01A-11R-A41B-07,coad,tumor,2.654472287
TCGA-5M-AAT5-01A-21R-A41B-07,coad,tumor,2.925787336
TCGA-5M-AAT6-01A-11R-A41B-07,coad,tumor,2.184296568
TCGA-5M-AATA-01A-31R-A41B-07,coad,tumor,2.691459591
TCGA-5M-AATE-01A-11R-A41B-07,coad,tumor,2.486111179
TCGA-A6-2675-01A-02R-1723-07,coad,tumor,2.119475163
TCGA-A6-2682-01A-01R-1410-07,coad,tumor,2.001623753
TCGA-A6-2684-01A-01R-1410-07,coad,tumor,1.742561868
TCGA-A6-2685-01A-01R-1410-07,coad,tumor,2.109346428
TCGA-A6-2686-01A-01R-A32Z-07,coad,tumor,2.390295434
TCGA-A6-4105-01A-02R-1774-07,coad,tumor,2.277802156
TCGA-A6-5656-01A-21R-1839-07,coad,tumor,2.053590363
TCGA-A6-5657-01A-01R-A32Z-07,coad,tumor,2.440509981
TCGA-A6-5659-01A-01R-1653-07,coad,tumor,2.360380733
TCGA-A6-5660-01A-01R-1653-07,coad,tumor,2.331176214
TCGA-A6-5661-01A-01R-1653-07,coad,tumor,2.801147084
TCGA-A6-5662-01A-01R-1653-07,coad,tumor,2.246364344
TCGA-A6-5664-01A-21R-1839-07,coad,tumor,2.461109622
TCGA-A6-5665-01A-01R-1653-07,coad,tumor,2.985039829
TCGA-A6-5666-01A-01R-1653-07,coad,tumor,2.191246763
TCGA-A6-5667-01A-21R-1723-07,coad,tumor,2.680533314
TCGA-A6-6137-01A-11R-1774-07,coad,tumor,2.903738919
TCGA-A6-6138-01A-11R-1774-07,coad,tumor,2.336289295
TCGA-A6-6140-01A-11R-1774-07,coad,tumor,3.010952686
TCGA-A6-6141-01A-11R-1774-07,coad,tumor,2.965506443
TCGA-A6-6142-01A-11R-1774-07,coad,tumor,2.362289285
TCGA-A6-6648-01A-11R-1774-07,coad,tumor,2.478982611
TCGA-A6-6649-01A-11R-1774-07,coad,tumor,2.807423951
TCGA-A6-6650-01A-11R-1774-07,coad,tumor,2.496850531
TCGA-A6-6651-01A-21R-1839-07,coad,tumor,1.983636389
TCGA-A6-6652-01A-11R-1774-07,coad,tumor,2.3203509
TCGA-A6-6653-01A-11R-1774-07,coad,tumor,2.014581605
TCGA-A6-6654-01A-21R-1839-07,coad,tumor,1.278514807
TCGA-A6-6780-01A-11R-1839-07,coad,tumor,2.164562834
TCGA-A6-6781-01A-22R-1928-07,coad,tumor,1.690050668
TCGA-A6-6782-01A-11R-1839-07,coad,tumor,2.657904842
TCGA-A6-A565-01A-31R-A28H-07,coad,tumor,2.568118001
TCGA-A6-A566-01A-11R-A28H-07,coad,tumor,1.026664178
TCGA-A6-A567-01A-31R-A28H-07,coad,tumor,2.889825498
TCGA-A6-A56B-01A-31R-A28H-07,coad,tumor,1.966966284
TCGA-A6-A5ZU-01A-11R-A28H-07,coad,tumor,1.935975766
TCGA-AA-3489-01A-21R-1839-07,coad,tumor,2.547553156
TCGA-AA-3492-01A-01R-1410-07,coad,tumor,2.522943128
TCGA-AA-3495-01A-01R-1410-07,coad,tumor,2.880677439
TCGA-AA-3496-01A-21R-1839-07,coad,tumor,2.19628654
TCGA-AA-3502-01A-01R-1410-07,coad,tumor,3.030240285
TCGA-AA-3506-01A-01R-1410-07,coad,tumor,2.528795477
TCGA-AA-3509-01A-01R-1410-07,coad,tumor,2.150355061
TCGA-AA-3511-01A-21R-1839-07,coad,tumor,2.83880463
TCGA-AA-3526-01A-02R-A32Z-07,coad,tumor,2.263072835
TCGA-AA-3655-01A-02R-1723-07,coad,tumor,2.239658657
TCGA-AA-3660-01A-01R-1723-07,coad,tumor,2.875282025
TCGA-AA-3662-01A-01R-1723-07,coad,tumor,2.257944866
TCGA-AA-3663-01A-01R-1723-07,coad,tumor,2.120618495
TCGA-AA-3675-01A-02R-0905-07,coad,tumor,2.48477457
TCGA-AA-3685-01A-02R-A32Z-07,coad,tumor,2.426573288
TCGA-AA-3697-01A-01R-1723-07,coad,tumor,2.631582479
TCGA-AA-3712-01A-21R-1723-07,coad,tumor,2.561906208
TCGA-AA-3713-01A-21R-1723-07,coad,tumor,2.636065657
TCGA-AA-A01P-01A-21R-A083-07,coad,tumor,2.583867349
TCGA-AA-A01X-01A-21R-A083-07,coad,tumor,2.731053867
TCGA-AA-A01Z-01A-11R-A083-07,coad,tumor,2.440922689
TCGA-AA-A02K-01A-03R-A32Y-07,coad,tumor,2.519685287
TCGA-AA-A02Y-01A-43R-A32Y-07,coad,tumor,2.679691267
TCGA-AD-5900-01A-11R-1653-07,coad,tumor,2.531940966
TCGA-AD-6548-01A-11R-1839-07,coad,tumor,2.019004957
TCGA-AD-6888-01A-11R-1928-07,coad,tumor,2.849018901
TCGA-AD-6889-01A-11R-1928-07,coad,tumor,2.555814873
TCGA-AD-6890-01A-11R-1928-07,coad,tumor,2.592138905
TCGA-AD-6895-01A-11R-1928-07,coad,tumor,2.512530087
TCGA-AD-6899-01A-11R-1928-07,coad,tumor,1.810621383
TCGA-AD-6901-01A-11R-1928-07,coad,tumor,1.67909712
TCGA-AD-6963-01A-11R-1928-07,coad,tumor,2.968762992
TCGA-AD-6964-01A-11R-1928-07,coad,tumor,1.788146842
TCGA-AD-6965-01A-11R-1928-07,coad,tumor,2.334114809
TCGA-AD-A5EJ-01A-11R-A28H-07,coad,tumor,2.428550735
TCGA-AD-A5EK-01A-11R-A28H-07,coad,tumor,3.002859406
TCGA-AM-5820-01A-01R-1653-07,coad,tumor,2.065253475
TCGA-AM-5821-01A-01R-1653-07,coad,tumor,2.538148729
TCGA-AU-3779-01A-01R-1723-07,coad,tumor,2.243506117
TCGA-AU-6004-01A-11R-1723-07,coad,tumor,2.272321295
TCGA-AY-5543-01A-01R-1653-07,coad,tumor,2.400007216
TCGA-AY-6196-01A-11R-1723-07,coad,tumor,2.294198971
TCGA-AY-6197-01A-11R-1723-07,coad,tumor,2.39920212
TCGA-AY-6386-01A-21R-1723-07,coad,tumor,2.41562577
TCGA-AY-A54L-01A-11R-A28H-07,coad,tumor,2.503792575
TCGA-AY-A69D-01A-11R-A37K-07,coad,tumor,2.814032457
TCGA-AY-A71X-01A-12R-A37K-07,coad,tumor,2.492358245
TCGA-AY-A8YK-01A-11R-A41B-07,coad,tumor,2.909506173
TCGA-AZ-4313-01A-01R-1410-07,coad,tumor,2.813991953
TCGA-AZ-4315-01A-01R-1410-07,coad,tumor,2.177285107
TCGA-AZ-4323-01A-21R-1839-07,coad,tumor,2.54846374
TCGA-AZ-4614-01A-01R-1410-07,coad,tumor,2.217284263
TCGA-AZ-4615-01A-01R-1410-07,coad,tumor,2.420772553
TCGA-AZ-4616-01A-21R-1839-07,coad,tumor,2.521497931
TCGA-AZ-4682-01B-01R-A32Z-07,coad,tumor,2.36156181
TCGA-AZ-4684-01A-01R-1410-07,coad,tumor,2.832881105
TCGA-AZ-5403-01A-01R-1653-07,coad,tumor,1.975467973
TCGA-AZ-5407-01A-01R-1723-07,coad,tumor,2.722615392
TCGA-AZ-6598-01A-11R-1774-07,coad,tumor,2.304388357
TCGA-AZ-6599-01A-11R-1774-07,coad,tumor,2.931015283
TCGA-AZ-6600-01A-11R-1774-07,coad,tumor,2.356160911
TCGA-AZ-6601-01A-11R-1774-07,coad,tumor,2.109165932
TCGA-AZ-6603-01A-11R-1839-07,coad,tumor,2.462518893
TCGA-AZ-6605-01A-11R-1839-07,coad,tumor,1.935602724
TCGA-AZ-6606-01A-11R-1839-07,coad,tumor,3.026198675
TCGA-AZ-6607-01A-11R-1839-07,coad,tumor,2.322136773
TCGA-AZ-6608-01A-11R-1839-07,coad,tumor,2.517216846
TCGA-CA-5254-01A-21R-1839-07,coad,tumor,2.31754407
TCGA-CA-5255-01A-11R-1839-07,coad,tumor,2.896411609
TCGA-CA-5256-01A-01R-1410-07,coad,tumor,2.513396085
TCGA-CA-5796-01A-01R-1653-07,coad,tumor,2.616341922
TCGA-CA-5797-01A-01R-1653-07,coad,tumor,2.404542692
TCGA-CA-6715-01A-21R-1839-07,coad,tumor,2.635206032
TCGA-CA-6716-01A-11R-1839-07,coad,tumor,2.391699312
TCGA-CA-6717-01A-11R-1839-07,coad,tumor,2.314556553
TCGA-CA-6718-01A-11R-1839-07,coad,tumor,2.321572697
TCGA-CA-6719-01A-11R-1839-07,coad,tumor,1.662283354
TCGA-CK-4947-01B-11R-1653-07,coad,tumor,2.927909095
TCGA-CK-4948-01B-11R-1653-07,coad,tumor,2.321330515
TCGA-CK-4950-01A-01R-1723-07,coad,tumor,2.639027229
TCGA-CK-4951-01A-01R-1410-07,coad,tumor,2.37852771
TCGA-CK-4952-01A-01R-1723-07,coad,tumor,2.385884267
TCGA-CK-5912-01A-11R-1653-07,coad,tumor,2.535940099
TCGA-CK-5913-01A-11R-1653-07,coad,tumor,2.718553619
TCGA-CK-5914-01A-11R-1653-07,coad,tumor,2.288824886
TCGA-CK-5915-01A-11R-1653-07,coad,tumor,2.253085653
TCGA-CK-5916-01A-11R-1653-07,coad,tumor,2.602825222
TCGA-CK-6746-01A-11R-1839-07,coad,tumor,2.329635593
TCGA-CK-6747-01A-11R-1839-07,coad,tumor,2.627745419
TCGA-CK-6748-01A-11R-1839-07,coad,tumor,1.789990501
TCGA-CK-6751-01A-11R-1839-07,coad,tumor,2.48890329
TCGA-CM-4743-01A-01R-1723-07,coad,tumor,2.620405076
TCGA-CM-4744-01A-01R-A32Z-07,coad,tumor,2.95041666
TCGA-CM-4747-01A-01R-1410-07,coad,tumor,2.632938444
TCGA-CM-4751-01A-02R-1839-07,coad,tumor,2.690236841
TCGA-CM-5344-01A-21R-1723-07,coad,tumor,2.056712733
TCGA-CM-5348-01A-21R-1723-07,coad,tumor,1.046988045
TCGA-CM-5349-01A-21R-1723-07,coad,tumor,1.066289903
TCGA-CM-5860-01A-01R-1653-07,coad,tumor,2.043760156
TCGA-CM-5861-01A-01R-1653-07,coad,tumor,2.36336195
TCGA-CM-5862-01A-01R-1653-07,coad,tumor,2.704633687
TCGA-CM-5863-01A-21R-1839-07,coad,tumor,2.441890565
TCGA-CM-5864-01A-01R-1653-07,coad,tumor,2.466834657
TCGA-CM-5868-01A-01R-1653-07,coad,tumor,1.958776653
TCGA-CM-6161-01A-11R-1653-07,coad,tumor,2.47199848
TCGA-CM-6162-01A-11R-1653-07,coad,tumor,2.232818945
TCGA-CM-6163-01A-11R-1653-07,coad,tumor,2.736055343
TCGA-CM-6164-01A-11R-1653-07,coad,tumor,2.113264366
TCGA-CM-6165-01A-11R-1653-07,coad,tumor,1.959832942
TCGA-CM-6166-01A-11R-1653-07,coad,tumor,1.783080995
TCGA-CM-6167-01A-11R-1653-07,coad,tumor,2.447374587
TCGA-CM-6168-01A-11R-1653-07,coad,tumor,2.364921607
TCGA-CM-6169-01A-11R-1653-07,coad,tumor,1.726621642
TCGA-CM-6170-01A-11R-1653-07,coad,tumor,2.27803492
TCGA-CM-6171-01A-11R-1653-07,coad,tumor,2.624320992
TCGA-CM-6172-01A-11R-1653-07,coad,tumor,2.12615407
TCGA-CM-6674-01A-11R-1839-07,coad,tumor,2.252224898
TCGA-CM-6675-01A-11R-1839-07,coad,tumor,2.677532451
TCGA-CM-6676-01A-11R-1839-07,coad,tumor,1.772905821
TCGA-CM-6677-01A-11R-1839-07,coad,tumor,2.842827096
TCGA-CM-6678-01A-11R-1839-07,coad,tumor,2.662577508
TCGA-CM-6679-01A-11R-1839-07,coad,tumor,2.412335852
TCGA-CM-6680-01A-11R-1839-07,coad,tumor,2.207373473
TCGA-D5-5537-01A-21R-1928-07,coad,tumor,2.552187839
TCGA-D5-5538-01A-01R-1653-07,coad,tumor,1.755670104
TCGA-D5-5539-01A-01R-1653-07,coad,tumor,1.574929196
TCGA-D5-5540-01A-01R-1653-07,coad,tumor,2.492929617
TCGA-D5-5541-01A-01R-1653-07,coad,tumor,1.471503064
TCGA-D5-6529-01A-11R-1774-07,coad,tumor,2.729372743
TCGA-D5-6530-01A-11R-1723-07,coad,tumor,2.06545439
TCGA-D5-6531-01A-11R-1723-07,coad,tumor,2.724913097
TCGA-D5-6532-01A-11R-1723-07,coad,tumor,2.765146195
TCGA-D5-6533-01A-11R-1723-07,coad,tumor,2.216267726
TCGA-D5-6534-01A-21R-1928-07,coad,tumor,1.876056644
TCGA-D5-6535-01A-11R-1723-07,coad,tumor,2.296677778
TCGA-D5-6536-01A-11R-1723-07,coad,tumor,2.413624306
TCGA-D5-6537-01A-11R-1723-07,coad,tumor,2.687711816
TCGA-D5-6538-01A-11R-1723-07,coad,tumor,2.642266048
TCGA-D5-6539-01A-11R-1723-07,coad,tumor,2.778608276
TCGA-D5-6540-01A-11R-1723-07,coad,tumor,2.487896899
TCGA-D5-6541-01A-11R-1723-07,coad,tumor,2.382684408
TCGA-D5-6898-01A-11R-1928-07,coad,tumor,2.001946407
TCGA-D5-6920-01A-11R-1928-07,coad,tumor,2.773319784
TCGA-D5-6922-01A-11R-1928-07,coad,tumor,2.148854132
TCGA-D5-6923-01A-11R-A32Z-07,coad,tumor,1.768835917
TCGA-D5-6924-01A-11R-1928-07,coad,tumor,2.07999824
TCGA-D5-6926-01A-11R-1928-07,coad,tumor,2.163178559
TCGA-D5-6927-01A-21R-1928-07,coad,tumor,2.504583924
TCGA-D5-6928-01A-11R-1928-07,coad,tumor,2.654075412
TCGA-D5-6929-01A-31R-1928-07,coad,tumor,2.077500828
TCGA-D5-6930-01A-11R-1928-07,coad,tumor,2.641570376
TCGA-D5-6931-01A-11R-1928-07,coad,tumor,2.631184272
TCGA-D5-6932-01A-11R-1928-07,coad,tumor,1.906944741
TCGA-D5-7000-01A-11R-A32Z-07,coad,tumor,2.417488498
TCGA-DM-A0X9-01A-11R-A155-07,coad,tumor,2.500391935
TCGA-DM-A0XD-01A-12R-A155-07,coad,tumor,2.709225077
TCGA-DM-A0XF-01A-11R-A155-07,coad,tumor,2.605576653
TCGA-DM-A1D0-01A-11R-A155-07,coad,tumor,1.543828994
TCGA-DM-A1D4-01A-21R-A155-07,coad,tumor,2.845141884
TCGA-DM-A1D6-01A-21R-A155-07,coad,tumor,2.744797798
TCGA-DM-A1D7-01A-11R-A155-07,coad,tumor,2.686651908
TCGA-DM-A1D8-01A-11R-A155-07,coad,tumor,2.681174246
TCGA-DM-A1D9-01A-11R-A155-07,coad,tumor,2.716384234
TCGA-DM-A1DA-01A-11R-A155-07,coad,tumor,2.71744946
TCGA-DM-A1DB-01A-11R-A155-07,coad,tumor,2.781712686
TCGA-DM-A1HA-01A-11R-A155-07,coad,tumor,2.727234603
TCGA-DM-A1HB-01A-21R-A180-07,coad,tumor,2.491248387
TCGA-DM-A280-01A-12R-A16W-07,coad,tumor,2.463712967
TCGA-DM-A282-01A-12R-A16W-07,coad,tumor,2.224451615
TCGA-DM-A285-01A-11R-A16W-07,coad,tumor,2.504968883
TCGA-DM-A288-01A-11R-A16W-07,coad,tumor,2.509949861
TCGA-DM-A28A-01A-21R-A32Y-07,coad,tumor,2.212422376
TCGA-DM-A28C-01A-11R-A32Y-07,coad,tumor,2.205462089
TCGA-DM-A28E-01A-11R-A32Y-07,coad,tumor,2.70850519
TCGA-DM-A28F-01A-11R-A32Y-07,coad,tumor,2.964796368
TCGA-DM-A28G-01A-11R-A16W-07,coad,tumor,2.455299139
TCGA-DM-A28H-01A-11R-A16W-07,coad,tumor,2.880290117
TCGA-DM-A28K-01A-21R-A32Y-07,coad,tumor,2.438778125
TCGA-DM-A28M-01A-12R-A16W-07,coad,tumor,2.173834511
TCGA-F4-6459-01A-11R-1774-07,coad,tumor,2.599357383
TCGA-F4-6460-01A-11R-1774-07,coad,tumor,2.201502673
TCGA-F4-6461-01A-11R-1774-07,coad,tumor,2.144275124
TCGA-F4-6463-01A-11R-1723-07,coad,tumor,2.705177876
TCGA-F4-6569-01A-11R-1774-07,coad,tumor,1.534966408
TCGA-F4-6570-01A-11R-1774-07,coad,tumor,1.97463995
TCGA-F4-6703-01A-11R-1839-07,coad,tumor,2.002058652
TCGA-F4-6704-01A-11R-1839-07,coad,tumor,2.077729346
TCGA-F4-6805-01A-11R-1839-07,coad,tumor,2.652649818
TCGA-F4-6806-01A-11R-1839-07,coad,tumor,3.25813914
TCGA-F4-6807-01A-11R-1839-07,coad,tumor,2.337077052
TCGA-F4-6808-01A-11R-1839-07,coad,tumor,2.780539552
TCGA-F4-6809-01A-11R-1839-07,coad,tumor,2.46534145
TCGA-F4-6854-01A-11R-1928-07,coad,tumor,2.369661876
TCGA-F4-6855-01A-11R-1928-07,coad,tumor,2.46111547
TCGA-F4-6856-01A-11R-1928-07,coad,tumor,2.850266575
TCGA-G4-6293-01A-11R-1723-07,coad,tumor,2.762177401
TCGA-G4-6294-01A-11R-1774-07,coad,tumor,2.121136358
TCGA-G4-6295-01A-11R-1723-07,coad,tumor,2.995658429
TCGA-G4-6297-01A-11R-1723-07,coad,tumor,2.078992431
TCGA-G4-6298-01A-11R-1723-07,coad,tumor,2.666322624
TCGA-G4-6299-01A-11R-1774-07,coad,tumor,2.314507613
TCGA-G4-6302-01A-11R-1723-07,coad,tumor,1.869724015
TCGA-G4-6303-01A-11R-1774-07,coad,tumor,2.517794749
TCGA-G4-6304-01A-11R-1928-07,coad,tumor,2.277327513
TCGA-G4-6306-01A-11R-1774-07,coad,tumor,2.897292292
TCGA-G4-6307-01A-11R-1723-07,coad,tumor,2.527665757
TCGA-G4-6309-01A-21R-1839-07,coad,tumor,3.071665347
TCGA-G4-6310-01A-11R-1723-07,coad,tumor,2.225569867
TCGA-G4-6311-01A-11R-1723-07,coad,tumor,2.217736821
TCGA-G4-6314-01A-11R-1723-07,coad,tumor,2.265019288
TCGA-G4-6315-01A-11R-1723-07,coad,tumor,2.967598974
TCGA-G4-6317-01A-11R-1723-07,coad,tumor,2.671600905
TCGA-G4-6317-02A-11R-2066-07,coad,tumor,1.605250217
TCGA-G4-6320-01A-11R-1723-07,coad,tumor,2.982667773
TCGA-G4-6321-01A-11R-1723-07,coad,tumor,2.994845785
TCGA-G4-6322-01A-11R-1723-07,coad,tumor,2.742035159
TCGA-G4-6323-01A-11R-1723-07,coad,tumor,2.519045403
TCGA-G4-6586-01A-11R-1774-07,coad,tumor,2.604965599
TCGA-G4-6588-01A-11R-1774-07,coad,tumor,2.354793065
TCGA-G4-6625-01A-21R-1774-07,coad,tumor,2.417785507
TCGA-G4-6626-01A-11R-1774-07,coad,tumor,2.936522722
TCGA-G4-6627-01A-11R-1774-07,coad,tumor,2.67728169
TCGA-G4-6628-01A-11R-1839-07,coad,tumor,2.734682896
TCGA-NH-A50T-01A-11R-A28H-07,coad,tumor,3.037345625
TCGA-NH-A50U-01A-33R-A37K-07,coad,tumor,1.99378167
TCGA-NH-A50V-01A-11R-A28H-07,coad,tumor,2.675876094
TCGA-NH-A5IV-01A-42R-A37K-07,coad,tumor,2.190587594
TCGA-NH-A6GA-01A-11R-A37K-07,coad,tumor,2.735243195
TCGA-NH-A6GB-01A-11R-A37K-07,coad,tumor,2.681317982
TCGA-NH-A6GC-01A-12R-A41B-07,coad,tumor,2.517003831
TCGA-NH-A8F7-06A-31R-A41B-07,coad,tumor,2.211968945
TCGA-NH-A8F7-01A-11R-A41B-07,coad,tumor,2.374822988
TCGA-NH-A8F8-01A-72R-A41B-07,coad,tumor,2.548706559
TCGA-QG-A5YV-01A-11R-A28H-07,coad,tumor,2.667408763
TCGA-QG-A5YW-01A-11R-A28H-07,coad,tumor,2.594201063
TCGA-QG-A5YX-01A-11R-A28H-07,coad,tumor,2.923763494
TCGA-QG-A5Z1-01A-11R-A28H-07,coad,tumor,1.721226032
TCGA-QG-A5Z2-01A-11R-A28H-07,coad,tumor,3.012543119
TCGA-QL-A97D-01A-12R-A41B-07,coad,tumor,3.109397603
TCGA-RU-A8FL-01A-11R-A37K-07,coad,tumor,3.085866756
TCGA-SS-A7HO-01A-21R-A37K-07,coad,tumor,2.871029608
TCGA-T9-A92H-01A-11R-A37K-07,coad,tumor,2.474004692
TCGA-WS-AB45-01A-11R-A41B-07,coad,tumor,2.053825385
TCGA-FA-8693-01A-11R-2404-07,dlbc,tumor,2.286626659
TCGA-FA-A4BB-01A-11R-A31O-07,dlbc,tumor,2.331307607
TCGA-FA-A4XK-01A-11R-A31O-07,dlbc,tumor,1.764543526
TCGA-FA-A6HN-01A-11R-A31O-07,dlbc,tumor,2.182339686
TCGA-FA-A6HO-01A-11R-A31O-07,dlbc,tumor,2.293290331
TCGA-FA-A7DS-01A-11R-A38C-07,dlbc,tumor,2.462321274
TCGA-FA-A7Q1-01A-11R-A38C-07,dlbc,tumor,1.008030959
TCGA-FA-A82F-01A-11R-A38C-07,dlbc,tumor,2.258841866
TCGA-FA-A86F-01A-11R-A38C-07,dlbc,tumor,2.519608297
TCGA-FF-8041-01A-11R-2213-07,dlbc,tumor,2.284610072
TCGA-FF-8042-01A-11R-2213-07,dlbc,tumor,2.014867464
TCGA-FF-8043-01A-11R-2213-07,dlbc,tumor,2.011823862
TCGA-FF-8046-01A-11R-2213-07,dlbc,tumor,2.533829499
TCGA-FF-8047-01A-11R-2213-07,dlbc,tumor,2.094204466
TCGA-FF-8061-01A-11R-2213-07,dlbc,tumor,1.592438196
TCGA-FF-8062-01A-11R-2213-07,dlbc,tumor,2.419097292
TCGA-FF-A7CQ-01A-11R-A38C-07,dlbc,tumor,2.761231124
TCGA-FF-A7CR-01A-11R-A38C-07,dlbc,tumor,2.326403258
TCGA-FF-A7CW-01A-11R-A38C-07,dlbc,tumor,2.20701253
TCGA-FF-A7CX-01A-12R-A38C-07,dlbc,tumor,1.286721234
TCGA-FM-8000-01A-11R-2213-07,dlbc,tumor,1.764804086
TCGA-G8-6324-01A-11R-2213-07,dlbc,tumor,2.396462127
TCGA-G8-6325-01A-11R-2213-07,dlbc,tumor,2.059139636
TCGA-G8-6326-01A-11R-2213-07,dlbc,tumor,2.285852091
TCGA-G8-6906-01A-11R-2213-07,dlbc,tumor,1.676306007
TCGA-G8-6907-01A-11R-2213-07,dlbc,tumor,1.096447866
TCGA-G8-6909-01A-11R-2213-07,dlbc,tumor,2.649366299
TCGA-G8-6914-01A-11R-2213-07,dlbc,tumor,2.405412948
TCGA-GR-7351-01A-11R-2213-07,dlbc,tumor,1.976824496
TCGA-GR-7353-01A-11R-2213-07,dlbc,tumor,1.85573705
TCGA-GR-A4D4-01A-11R-A31O-07,dlbc,tumor,1.80437715
TCGA-GR-A4D5-01A-11R-A31O-07,dlbc,tumor,2.244767142
TCGA-GR-A4D6-01A-11R-A31O-07,dlbc,tumor,2.101675416
TCGA-GR-A4D9-01B-11R-A31O-07,dlbc,tumor,2.228082014
TCGA-GS-A9TQ-01A-11R-A38C-07,dlbc,tumor,1.871994607
TCGA-GS-A9TT-01A-11R-A38C-07,dlbc,tumor,1.971127749
TCGA-GS-A9TU-01A-11R-A38C-07,dlbc,tumor,2.512130795
TCGA-GS-A9TV-01A-11R-A38C-07,dlbc,tumor,2.34528918
TCGA-GS-A9TW-01A-11R-A38C-07,dlbc,tumor,2.614577447
TCGA-GS-A9TX-01A-11R-A38C-07,dlbc,tumor,2.536520239
TCGA-GS-A9TY-01A-11R-A39D-07,dlbc,tumor,1.615624538
TCGA-GS-A9TZ-01A-11R-A39D-07,dlbc,tumor,2.529660853
TCGA-GS-A9U3-01A-11R-A39D-07,dlbc,tumor,2.310955789
TCGA-GS-A9U4-01A-11R-A39D-07,dlbc,tumor,2.828200694
TCGA-RQ-A68N-01A-11R-A31O-07,dlbc,tumor,2.098716698
TCGA-RQ-A6JB-01A-11R-A31O-07,dlbc,tumor,1.930746879
TCGA-RQ-AAAT-01A-11R-A39D-07,dlbc,tumor,1.684450949
TCGA-VB-A8QN-01A-11R-A38C-07,dlbc,tumor,1.751431207
TCGA-2H-A9GF-01A-11R-A37I-31,esca,tumor,2.485578016
TCGA-2H-A9GG-01A-11R-A37I-31,esca,tumor,2.642428471
TCGA-2H-A9GH-01A-11R-A37I-31,esca,tumor,2.541320371
TCGA-2H-A9GI-01A-11R-A37I-31,esca,tumor,2.829330056
TCGA-2H-A9GJ-01A-11R-A37I-31,esca,tumor,2.768679597
TCGA-2H-A9GK-01A-11R-A37I-31,esca,tumor,2.96501206
TCGA-2H-A9GL-01A-12R-A37I-31,esca,tumor,2.588702918
TCGA-2H-A9GM-01A-11R-A37I-31,esca,tumor,2.799007477
TCGA-2H-A9GN-01A-11R-A37I-31,esca,tumor,2.495231976
TCGA-2H-A9GO-01A-11R-A37I-31,esca,tumor,2.96618543
TCGA-2H-A9GQ-01A-11R-A37I-31,esca,tumor,2.638589835
TCGA-2H-A9GR-01A-12R-A37I-31,esca,tumor,2.905409713
TCGA-IC-A6RE-01A-11R-A336-31,esca,tumor,3.074397601
TCGA-IC-A6RF-01A-13R-A336-31,esca,tumor,2.583593449
TCGA-IG-A3I8-01A-11R-A24K-31,esca,tumor,2.956036171
TCGA-IG-A3QL-01A-11R-A24K-31,esca,tumor,2.269131917
TCGA-IG-A3Y9-01A-12R-A24K-31,esca,tumor,1.283119437
TCGA-IG-A3YA-01A-11R-A24K-31,esca,tumor,2.26747646
TCGA-IG-A3YB-01A-11R-A36D-31,esca,tumor,2.707450317
TCGA-IG-A3YC-01A-11R-A24K-31,esca,tumor,2.212024118
TCGA-IG-A4P3-01A-11R-A260-31,esca,tumor,2.958070177
TCGA-IG-A4QS-01A-11R-A260-31,esca,tumor,2.13357001
TCGA-IG-A4QT-01A-21R-A260-31,esca,tumor,2.553722851
TCGA-IG-A50L-01A-11R-A260-31,esca,tumor,2.371335979
TCGA-IG-A51D-01A-11R-A36D-31,esca,tumor,2.482103924
TCGA-IG-A5B8-01A-11R-A28J-31,esca,tumor,2.049248167
TCGA-IG-A5S3-01A-11R-A28J-31,esca,tumor,2.828124349
TCGA-IG-A625-01A-11R-A31P-31,esca,tumor,2.810352666
TCGA-IG-A6QS-01A-12R-A336-31,esca,tumor,2.329384744
TCGA-IG-A7DP-01A-31R-A336-31,esca,tumor,2.79912795
TCGA-IG-A8O2-01A-11R-A36D-31,esca,tumor,3.220024304
TCGA-IG-A97H-01A-11R-A38D-31,esca,tumor,1.745841995
TCGA-IG-A97I-01A-11R-A38D-31,esca,tumor,1.451908204
TCGA-JY-A6F8-01A-11R-A336-31,esca,tumor,2.627657184
TCGA-JY-A6FA-01A-11R-A336-31,esca,tumor,3.202473069
TCGA-JY-A6FB-01A-11R-A336-31,esca,tumor,2.400647923
TCGA-JY-A6FD-01A-11R-A336-31,esca,tumor,2.692801993
TCGA-JY-A6FE-01A-11R-A336-31,esca,tumor,1.924997026
TCGA-JY-A6FG-01A-11R-A336-31,esca,tumor,2.795728438
TCGA-JY-A6FH-01A-11R-A336-31,esca,tumor,2.977381663
TCGA-JY-A938-01A-11R-A37I-31,esca,tumor,3.095546881
TCGA-JY-A939-01A-12R-A37I-31,esca,tumor,2.72788073
TCGA-JY-A93C-01A-11R-A38D-31,esca,tumor,2.74812668
TCGA-JY-A93D-01A-11R-A38D-31,esca,tumor,2.565519906
TCGA-JY-A93E-01A-11R-A37I-31,esca,tumor,2.770686888
TCGA-JY-A93F-01A-21R-A37I-31,esca,tumor,3.034004868
TCGA-KH-A6WC-01A-11R-A336-31,esca,tumor,2.873038043
TCGA-L5-A43C-01A-11R-A24K-31,esca,tumor,2.729345054
TCGA-L5-A43E-01A-11R-A24K-31,esca,tumor,2.832426714
TCGA-L5-A43H-01A-11R-A24K-31,esca,tumor,2.750726769
TCGA-L5-A43I-01A-11R-A24K-31,esca,tumor,2.869346495
TCGA-L5-A43J-01A-12R-A24K-31,esca,tumor,1.989946323
TCGA-L5-A43M-01A-11R-A24K-31,esca,tumor,2.767621025
TCGA-L5-A4OE-01A-11R-A260-31,esca,tumor,2.803459627
TCGA-L5-A4OF-01A-11R-A260-31,esca,tumor,2.785474996
TCGA-L5-A4OG-01A-11R-A260-31,esca,tumor,2.682003584
TCGA-L5-A4OH-01A-11R-A260-31,esca,tumor,2.75055377
TCGA-L5-A4OI-01A-11R-A36D-31,esca,tumor,2.629368352
TCGA-L5-A4OJ-01A-11R-A260-31,esca,tumor,2.92702664
TCGA-L5-A4OM-01A-11R-A260-31,esca,tumor,2.746101621
TCGA-L5-A4ON-01A-11R-A260-31,esca,tumor,2.741359779
TCGA-L5-A4OO-01A-11R-A260-31,esca,tumor,3.014229549
TCGA-L5-A4OP-01A-11R-A260-31,esca,tumor,2.869427774
TCGA-L5-A4OQ-01A-11R-A260-31,esca,tumor,2.577317315
TCGA-L5-A4OR-01A-11R-A260-31,esca,tumor,2.654425143
TCGA-L5-A4OS-01A-11R-A28J-31,esca,tumor,2.278124101
TCGA-L5-A4OT-01A-11R-A28J-31,esca,tumor,2.398617545
TCGA-L5-A4OU-01A-11R-A28J-31,esca,tumor,2.874920824
TCGA-L5-A4OW-01A-11R-A28J-31,esca,tumor,2.807573971
TCGA-L5-A4OX-01A-21R-A28J-31,esca,tumor,2.92069661
TCGA-L5-A88S-01A-11R-A36D-31,esca,tumor,2.039337603
TCGA-L5-A88T-01A-11R-A354-31,esca,tumor,2.971920491
TCGA-L5-A88V-01A-11R-A354-31,esca,tumor,2.821421591
TCGA-L5-A88W-01A-11R-A354-31,esca,tumor,3.021466106
TCGA-L5-A88Y-01A-11R-A354-31,esca,tumor,2.621940105
TCGA-L5-A88Z-01A-11R-A36D-31,esca,tumor,2.273280461
TCGA-L5-A891-01A-11R-A36D-31,esca,tumor,3.218852499
TCGA-L5-A893-01A-11R-A36D-31,esca,tumor,2.78568214
TCGA-L5-A8NE-01A-11R-A37I-31,esca,tumor,2.788277648
TCGA-L5-A8NF-01A-11R-A37I-31,esca,tumor,2.017081051
TCGA-L5-A8NG-01A-11R-A37I-31,esca,tumor,2.955761191
TCGA-L5-A8NH-01A-11R-A37I-31,esca,tumor,2.919904937
TCGA-L5-A8NI-01A-11R-A37I-31,esca,tumor,2.632485229
TCGA-L5-A8NJ-01A-11R-A36D-31,esca,tumor,2.876941082
TCGA-L5-A8NK-01A-21R-A37I-31,esca,tumor,2.637006707
TCGA-L5-A8NL-01A-12R-A37I-31,esca,tumor,2.272108339
TCGA-L5-A8NM-01A-11R-A37I-31,esca,tumor,2.824775712
TCGA-L5-A8NN-01A-11R-A37I-31,esca,tumor,2.401014454
TCGA-L5-A8NQ-01A-11R-A36D-31,esca,tumor,2.456491514
TCGA-L5-A8NR-01A-11R-A37I-31,esca,tumor,2.342994375
TCGA-L5-A8NS-01A-12R-A37I-31,esca,tumor,2.5772422
TCGA-L5-A8NT-01A-11R-A37I-31,esca,tumor,2.654680849
TCGA-L5-A8NU-01A-11R-A36D-31,esca,tumor,3.095517495
TCGA-L5-A8NV-01A-11R-A37I-31,esca,tumor,2.881262386
TCGA-L5-A8NW-01A-11R-A37I-31,esca,tumor,2.753551282
TCGA-L7-A56G-01A-21R-A260-31,esca,tumor,2.728143518
TCGA-L7-A6VZ-01A-12R-A336-31,esca,tumor,2.934259209
TCGA-LN-A49K-01A-11R-A24K-31,esca,tumor,2.614990701
TCGA-LN-A49L-01A-11R-A24K-31,esca,tumor,2.079428759
TCGA-LN-A49M-01A-21R-A260-31,esca,tumor,1.343863619
TCGA-LN-A49N-01A-11R-A24K-31,esca,tumor,2.249843557
TCGA-LN-A49O-01A-11R-A24K-31,esca,tumor,2.248434196
TCGA-LN-A49P-01A-11R-A24K-31,esca,tumor,2.112462129
TCGA-LN-A49R-01A-11R-A24K-31,esca,tumor,2.260727777
TCGA-LN-A49S-01A-11R-A24K-31,esca,tumor,2.659374695
TCGA-LN-A49U-01A-31R-A260-31,esca,tumor,2.390097277
TCGA-LN-A49V-01A-11R-A24K-31,esca,tumor,2.456390354
TCGA-LN-A49W-01A-11R-A260-31,esca,tumor,2.571779342
TCGA-LN-A49X-01A-31R-A260-31,esca,tumor,2.327591983
TCGA-LN-A49Y-01A-11R-A260-31,esca,tumor,2.934220122
TCGA-LN-A4A1-01A-21R-A260-31,esca,tumor,2.033339985
TCGA-LN-A4A2-01A-31R-A260-31,esca,tumor,1.99167076
TCGA-LN-A4A3-01A-11R-A260-31,esca,tumor,2.601028264
TCGA-LN-A4A4-01A-11R-A260-31,esca,tumor,2.140306912
TCGA-LN-A4A5-01A-21R-A260-31,esca,tumor,2.585789452
TCGA-LN-A4A6-01A-11R-A260-31,esca,tumor,1.936106396
TCGA-LN-A4A8-01A-32R-A260-31,esca,tumor,2.917322551
TCGA-LN-A4A9-01A-11R-A28J-31,esca,tumor,2.226514985
TCGA-LN-A4MQ-01A-11R-A28J-31,esca,tumor,3.293967108
TCGA-LN-A4MR-01A-11R-A28J-31,esca,tumor,1.999873052
TCGA-LN-A5U5-01A-21R-A28J-31,esca,tumor,2.728488264
TCGA-LN-A5U6-01A-11R-A28J-31,esca,tumor,2.290966189
TCGA-LN-A5U7-01A-11R-A31P-31,esca,tumor,2.244202691
TCGA-LN-A7HV-01A-21R-A354-31,esca,tumor,2.828075122
TCGA-LN-A7HW-01A-22R-A354-31,esca,tumor,1.978794512
TCGA-LN-A7HX-01A-11R-A336-31,esca,tumor,2.169480813
TCGA-LN-A7HY-01A-12R-A354-31,esca,tumor,2.544803617
TCGA-LN-A7HZ-01A-31R-A354-31,esca,tumor,2.756957112
TCGA-LN-A8HZ-01A-11R-A36D-31,esca,tumor,2.932679754
TCGA-LN-A8I0-01A-11R-A36D-31,esca,tumor,2.150628118
TCGA-LN-A8I1-01A-11R-A36D-31,esca,tumor,2.858530921
TCGA-LN-A9FO-01A-11R-A38D-31,esca,tumor,2.258458855
TCGA-LN-A9FP-01A-31R-A38D-31,esca,tumor,2.44381226
TCGA-LN-A9FQ-01A-31R-A38D-31,esca,tumor,2.364173447
TCGA-LN-A9FR-01A-11R-A38D-31,esca,tumor,2.205188924
TCGA-M9-A5M8-01A-11R-A28J-31,esca,tumor,2.994761754
TCGA-Q9-A6FU-01A-11R-A31P-31,esca,tumor,2.614804355
TCGA-Q9-A6FW-01A-31R-A31P-31,esca,tumor,2.940840525
TCGA-R6-A6DN-01B-11R-A31P-31,esca,tumor,2.344451764
TCGA-R6-A6DQ-01B-11R-A31P-31,esca,tumor,2.816468974
TCGA-R6-A6KZ-01A-11R-A31P-31,esca,tumor,2.69757445
TCGA-R6-A6L4-01A-11R-A31P-31,esca,tumor,2.642981073
TCGA-R6-A6L6-01B-11R-A336-31,esca,tumor,2.359355029
TCGA-R6-A6XG-01B-11R-A336-31,esca,tumor,2.217754884
TCGA-R6-A6XQ-01B-11R-A336-31,esca,tumor,2.726101962
TCGA-R6-A6Y0-01B-11R-A336-31,esca,tumor,2.520423247
TCGA-R6-A6Y2-01B-11R-A336-31,esca,tumor,2.584425435
TCGA-R6-A8W5-01B-11R-A37I-31,esca,tumor,2.415640487
TCGA-R6-A8W8-01B-11R-A37I-31,esca,tumor,2.720861611
TCGA-R6-A8WC-01A-11R-A37I-31,esca,tumor,2.564182494
TCGA-R6-A8WG-01A-11R-A37I-31,esca,tumor,2.143072883
TCGA-RE-A7BO-01A-11R-A336-31,esca,tumor,2.807239565
TCGA-S8-A6BV-01A-21R-A31P-31,esca,tumor,1.955024264
TCGA-S8-A6BW-01A-11R-A31P-31,esca,tumor,2.55326178
TCGA-V5-A7RB-01A-11R-A354-31,esca,tumor,2.911093044
TCGA-V5-A7RC-06A-11R-A406-31,esca,tumor,2.376046062
TCGA-V5-A7RC-01B-11R-A406-31,esca,tumor,2.649121879
TCGA-V5-A7RE-01A-11R-A354-31,esca,tumor,2.869618157
TCGA-V5-AASV-01A-11R-A38D-31,esca,tumor,2.515637489
TCGA-V5-AASW-01A-11R-A406-31,esca,tumor,2.955627072
TCGA-V5-AASX-01A-11R-A38D-31,esca,tumor,2.888378518
TCGA-VR-A8EO-01A-11R-A36D-31,esca,tumor,2.807780179
TCGA-VR-A8EP-01A-31R-A406-31,esca,tumor,2.752656414
TCGA-VR-A8EQ-01A-11R-A36D-31,esca,tumor,2.569914828
TCGA-VR-A8ER-01A-11R-A36D-31,esca,tumor,2.237795398
TCGA-VR-A8ET-01A-11R-A406-31,esca,tumor,2.589803014
TCGA-VR-A8EU-01A-11R-A36D-31,esca,tumor,2.243183026
TCGA-VR-A8EW-01A-11R-A36D-31,esca,tumor,2.010536862
TCGA-VR-A8EX-01A-11R-A36D-31,esca,tumor,2.89489159
TCGA-VR-A8EY-01A-11R-A36D-31,esca,tumor,2.544281213
TCGA-VR-A8EZ-01A-11R-A36D-31,esca,tumor,2.816922691
TCGA-VR-A8Q7-01A-11R-A37I-31,esca,tumor,2.254142096
TCGA-VR-AA4D-01A-11R-A37I-31,esca,tumor,2.537094302
TCGA-VR-AA4G-01A-11R-A37I-31,esca,tumor,2.667548512
TCGA-VR-AA7B-01A-31R-A406-31,esca,tumor,2.292901943
TCGA-VR-AA7D-01A-11R-A406-31,esca,tumor,2.26898762
TCGA-VR-AA7I-01A-11R-A406-31,esca,tumor,2.794433429
TCGA-X8-AAAR-01A-11R-A406-31,esca,tumor,2.862855462
TCGA-XP-A8T6-01A-11R-A36D-31,esca,tumor,2.386680162
TCGA-XP-A8T8-01A-11R-A36D-31,esca,tumor,3.125319479
TCGA-Z6-A8JD-01A-11R-A36D-31,esca,tumor,2.588714223
TCGA-Z6-A8JE-01A-11R-A37I-31,esca,tumor,1.86258066
TCGA-Z6-A9VB-01A-21R-A37I-31,esca,tumor,2.694237727
TCGA-Z6-AAPN-01A-11R-A406-31,esca,tumor,2.428681245
TCGA-ZR-A9CJ-01B-11R-A38D-31,esca,tumor,2.720548805
TCGA-02-0047-01A-01R-1849-01,gbm,tumor,1.739366203
TCGA-02-0055-01A-01R-1849-01,gbm,tumor,2.843023046
TCGA-02-2483-01A-01R-1849-01,gbm,tumor,2.3259365
TCGA-02-2485-01A-01R-1849-01,gbm,tumor,2.231056412
TCGA-02-2486-01A-01R-1849-01,gbm,tumor,2.141117903
TCGA-06-0125-01A-01R-1849-01,gbm,tumor,2.665032957
TCGA-06-0125-02A-11R-2005-01,gbm,tumor,2.91109125
TCGA-06-0129-01A-01R-1849-01,gbm,tumor,2.192239607
TCGA-06-0130-01A-01R-1849-01,gbm,tumor,1.904896298
TCGA-06-0132-01A-02R-1849-01,gbm,tumor,1.77835521
TCGA-06-0138-01A-02R-1849-01,gbm,tumor,1.603654949
TCGA-06-0141-01A-01R-1849-01,gbm,tumor,1.659768955
TCGA-06-0152-02A-01R-2005-01,gbm,tumor,1.926367761
TCGA-06-0156-01A-03R-1849-01,gbm,tumor,2.369220704
TCGA-06-0157-01A-01R-1849-01,gbm,tumor,2.227858867
TCGA-06-0158-01A-01R-1849-01,gbm,tumor,1.930686014
TCGA-06-0168-01A-01R-1849-01,gbm,tumor,2.19406436
TCGA-06-0171-02A-11R-2005-01,gbm,tumor,2.349012669
TCGA-06-0174-01A-01R-1849-01,gbm,tumor,2.25648214
TCGA-06-0178-01A-01R-1849-01,gbm,tumor,2.070562455
TCGA-06-0184-01A-01R-1849-01,gbm,tumor,2.129385855
TCGA-06-0187-01A-01R-1849-01,gbm,tumor,2.654834489
TCGA-06-0190-01A-01R-1849-01,gbm,tumor,1.800146508
TCGA-06-0190-02A-01R-2005-01,gbm,tumor,2.086231893
TCGA-06-0210-01A-01R-1849-01,gbm,tumor,2.647574277
TCGA-06-0210-02A-01R-2005-01,gbm,tumor,1.705294462
TCGA-06-0211-01B-01R-1849-01,gbm,tumor,1.589230074
TCGA-06-0211-02A-02R-2005-01,gbm,tumor,2.506487731
TCGA-06-0219-01A-01R-1849-01,gbm,tumor,2.072495713
TCGA-06-0221-02A-11R-2005-01,gbm,tumor,2.413039968
TCGA-06-0238-01A-02R-1849-01,gbm,tumor,1.647701472
TCGA-06-0644-01A-02R-1849-01,gbm,tumor,1.946681294
TCGA-06-0645-01A-01R-1849-01,gbm,tumor,2.347330019
TCGA-06-0646-01A-01R-1849-01,gbm,tumor,2.505323313
TCGA-06-0649-01B-01R-1849-01,gbm,tumor,2.103001738
TCGA-06-0686-01A-01R-1849-01,gbm,tumor,2.010686495
TCGA-06-0743-01A-01R-1849-01,gbm,tumor,1.738915252
TCGA-06-0744-01A-01R-1849-01,gbm,tumor,2.485708037
TCGA-06-0745-01A-01R-1849-01,gbm,tumor,1.817191627
TCGA-06-0747-01A-01R-1849-01,gbm,tumor,3.103631072
TCGA-06-0749-01A-01R-1849-01,gbm,tumor,2.193146625
TCGA-06-0750-01A-01R-1849-01,gbm,tumor,2.35994941
TCGA-06-0878-01A-01R-1849-01,gbm,tumor,1.756634944
TCGA-06-0882-01A-01R-1849-01,gbm,tumor,1.707471103
TCGA-06-1804-01A-01R-1849-01,gbm,tumor,2.581667855
TCGA-06-2557-01A-01R-1849-01,gbm,tumor,1.832697033
TCGA-06-2558-01A-01R-1849-01,gbm,tumor,2.339635513
TCGA-06-2559-01A-01R-1849-01,gbm,tumor,2.016872883
TCGA-06-2561-01A-02R-1849-01,gbm,tumor,2.278502507
TCGA-06-2562-01A-01R-1849-01,gbm,tumor,1.789525055
TCGA-06-2563-01A-01R-1849-01,gbm,tumor,2.19372723
TCGA-06-2564-01A-01R-1849-01,gbm,tumor,2.48799751
TCGA-06-2565-01A-01R-1849-01,gbm,tumor,2.138804086
TCGA-06-2567-01A-01R-1849-01,gbm,tumor,2.496961786
TCGA-06-2569-01A-01R-1849-01,gbm,tumor,2.099477427
TCGA-06-2570-01A-01R-1849-01,gbm,tumor,2.194329162
TCGA-06-5408-01A-01R-1849-01,gbm,tumor,2.334030959
TCGA-06-5410-01A-01R-1849-01,gbm,tumor,1.675089826
TCGA-06-5411-01A-01R-1849-01,gbm,tumor,2.284361189
TCGA-06-5412-01A-01R-1849-01,gbm,tumor,1.815685208
TCGA-06-5413-01A-01R-1849-01,gbm,tumor,1.910532129
TCGA-06-5414-01A-01R-1849-01,gbm,tumor,2.037852787
TCGA-06-5415-01A-01R-1849-01,gbm,tumor,2.33432575
TCGA-06-5416-01A-01R-1849-01,gbm,tumor,1.834725712
TCGA-06-5417-01A-01R-1849-01,gbm,tumor,2.288998314
TCGA-06-5418-01A-01R-1849-01,gbm,tumor,2.438160851
TCGA-06-5856-01A-01R-1849-01,gbm,tumor,2.024099173
TCGA-06-5858-01A-01R-1849-01,gbm,tumor,2.327704302
TCGA-06-5859-01A-01R-1849-01,gbm,tumor,2.096816021
TCGA-08-0386-01A-01R-1849-01,gbm,tumor,2.697825919
TCGA-12-0616-01A-01R-1849-01,gbm,tumor,2.277048188
TCGA-12-0618-01A-01R-1849-01,gbm,tumor,2.620106031
TCGA-12-0619-01A-01R-1849-01,gbm,tumor,2.512538653
TCGA-12-0821-01A-01R-1849-01,gbm,tumor,1.625789787
TCGA-12-1597-01B-01R-1849-01,gbm,tumor,2.29310808
TCGA-12-3650-01A-01R-1849-01,gbm,tumor,2.513159503
TCGA-12-3652-01A-01R-1849-01,gbm,tumor,2.484277505
TCGA-12-3653-01A-01R-1849-01,gbm,tumor,2.411708708
TCGA-12-5295-01A-01R-1849-01,gbm,tumor,2.499514127
TCGA-12-5299-01A-02R-1849-01,gbm,tumor,2.402205322
TCGA-14-0736-02A-01R-2005-01,gbm,tumor,2.549788358
TCGA-14-0781-01B-01R-1849-01,gbm,tumor,2.265229113
TCGA-14-0787-01A-01R-1849-01,gbm,tumor,2.490850528
TCGA-14-0789-01A-01R-1849-01,gbm,tumor,2.277947067
TCGA-14-0790-01B-01R-1849-01,gbm,tumor,2.214469975
TCGA-14-0817-01A-01R-1849-01,gbm,tumor,1.712547922
TCGA-14-1034-01A-01R-1849-01,gbm,tumor,2.739126101
TCGA-14-1034-02B-01R-2005-01,gbm,tumor,2.666153523
TCGA-14-1402-02A-01R-2005-01,gbm,tumor,1.923624027
TCGA-14-1823-01A-01R-1849-01,gbm,tumor,2.005181743
TCGA-14-1825-01A-01R-1850-01,gbm,tumor,2.517936475
TCGA-14-1829-01A-01R-1850-01,gbm,tumor,1.985368881
TCGA-14-2554-01A-01R-1850-01,gbm,tumor,2.432917359
TCGA-15-0742-01A-01R-1850-01,gbm,tumor,2.462359831
TCGA-15-1444-01A-02R-1850-01,gbm,tumor,2.700032731
TCGA-16-0846-01A-01R-1850-01,gbm,tumor,2.037119493
TCGA-16-1045-01B-01R-1850-01,gbm,tumor,2.061333233
TCGA-19-0957-02A-11R-2005-01,gbm,tumor,2.2810312
TCGA-19-1389-02A-21R-2005-01,gbm,tumor,2.436479957
TCGA-19-1390-01A-01R-1850-01,gbm,tumor,2.813508686
TCGA-19-1787-01B-01R-1850-01,gbm,tumor,2.31280366
TCGA-19-2619-01A-01R-1850-01,gbm,tumor,2.451044262
TCGA-19-2620-01A-01R-1850-01,gbm,tumor,3.022193844
TCGA-19-2624-01A-01R-1850-01,gbm,tumor,2.585925463
TCGA-19-2625-01A-01R-1850-01,gbm,tumor,2.778214092
TCGA-19-2629-01A-01R-1850-01,gbm,tumor,2.174433114
TCGA-19-4065-01A-01R-2005-01,gbm,tumor,1.947179339
TCGA-19-4065-02A-11R-2005-01,gbm,tumor,2.614653997
TCGA-19-5960-01A-11R-1850-01,gbm,tumor,2.555768425
TCGA-26-1442-01A-01R-1850-01,gbm,tumor,2.915857952
TCGA-26-5132-01A-01R-1850-01,gbm,tumor,2.121816683
TCGA-26-5133-01A-01R-1850-01,gbm,tumor,2.798861155
TCGA-26-5134-01A-01R-1850-01,gbm,tumor,1.550399156
TCGA-26-5135-01A-01R-1850-01,gbm,tumor,1.990847446
TCGA-26-5136-01B-01R-1850-01,gbm,tumor,1.892651652
TCGA-26-5139-01A-01R-1850-01,gbm,tumor,1.942760386
TCGA-27-1830-01A-01R-1850-01,gbm,tumor,2.29750183
TCGA-27-1831-01A-01R-1850-01,gbm,tumor,1.661850715
TCGA-27-1832-01A-01R-1850-01,gbm,tumor,1.905928959
TCGA-27-1834-01A-01R-1850-01,gbm,tumor,1.975618815
TCGA-27-1835-01A-01R-1850-01,gbm,tumor,2.506774267
TCGA-27-1837-01A-01R-1850-01,gbm,tumor,2.266498181
TCGA-27-2519-01A-01R-1850-01,gbm,tumor,1.953416646
TCGA-27-2521-01A-01R-1850-01,gbm,tumor,2.282218429
TCGA-27-2523-01A-01R-1850-01,gbm,tumor,1.635694192
TCGA-27-2524-01A-01R-1850-01,gbm,tumor,1.732012661
TCGA-27-2526-01A-01R-1850-01,gbm,tumor,2.141659099
TCGA-27-2528-01A-01R-1850-01,gbm,tumor,1.723511977
TCGA-28-1747-01C-01R-1850-01,gbm,tumor,2.209014943
TCGA-28-1753-01A-01R-1850-01,gbm,tumor,1.120612144
TCGA-28-2499-01A-01R-1850-01,gbm,tumor,2.215732922
TCGA-28-2509-01A-01R-1850-01,gbm,tumor,2.936947011
TCGA-28-2510-01A-01R-1850-01,gbm,tumor,2.36960103
TCGA-28-2513-01A-01R-1850-01,gbm,tumor,2.508688096
TCGA-28-2514-01A-02R-1850-01,gbm,tumor,2.830205958
TCGA-28-5204-01A-01R-1850-01,gbm,tumor,2.253019171
TCGA-28-5207-01A-01R-1850-01,gbm,tumor,2.237010737
TCGA-28-5208-01A-01R-1850-01,gbm,tumor,2.281114653
TCGA-28-5209-01A-01R-1850-01,gbm,tumor,1.823450651
TCGA-28-5213-01A-01R-1850-01,gbm,tumor,2.423421708
TCGA-28-5215-01A-01R-1850-01,gbm,tumor,1.662379171
TCGA-28-5216-01A-01R-1850-01,gbm,tumor,2.489787171
TCGA-28-5218-01A-01R-1850-01,gbm,tumor,1.588964962
TCGA-28-5220-01A-01R-1850-01,gbm,tumor,1.859451312
TCGA-32-1970-01A-01R-1850-01,gbm,tumor,2.709109295
TCGA-32-1980-01A-01R-1850-01,gbm,tumor,1.211638942
TCGA-32-1982-01A-01R-1850-01,gbm,tumor,2.619088852
TCGA-32-2615-01A-01R-1850-01,gbm,tumor,2.651974155
TCGA-32-2616-01A-01R-1850-01,gbm,tumor,2.131903191
TCGA-32-2632-01A-01R-1850-01,gbm,tumor,2.10546776
TCGA-32-2634-01A-01R-1850-01,gbm,tumor,1.453041513
TCGA-32-2638-01A-01R-1850-01,gbm,tumor,2.568382544
TCGA-32-4213-01A-01R-1850-01,gbm,tumor,1.901029169
TCGA-32-5222-01A-01R-1850-01,gbm,tumor,2.348039074
TCGA-41-2571-01A-01R-1850-01,gbm,tumor,2.38470652
TCGA-41-2572-01A-01R-1850-01,gbm,tumor,2.490656028
TCGA-41-3915-01A-01R-1850-01,gbm,tumor,2.184882903
TCGA-41-4097-01A-01R-1850-01,gbm,tumor,2.005454009
TCGA-41-5651-01A-01R-1850-01,gbm,tumor,1.781785008
TCGA-76-4925-01A-01R-1850-01,gbm,tumor,2.308815064
TCGA-76-4926-01B-01R-1850-01,gbm,tumor,2.342920798
TCGA-76-4927-01A-01R-1850-01,gbm,tumor,2.170872279
TCGA-76-4928-01B-01R-1850-01,gbm,tumor,2.473187852
TCGA-76-4929-01A-01R-1850-01,gbm,tumor,2.240533457
TCGA-76-4931-01A-01R-1850-01,gbm,tumor,2.293654346
TCGA-76-4932-01A-01R-1850-01,gbm,tumor,2.623737641
TCGA-4P-AA8J-01A-11R-A39I-07,hnsc,tumor,2.069273222
TCGA-BA-4074-01A-01R-1436-07,hnsc,tumor,2.437613501
TCGA-BA-4075-01A-01R-1436-07,hnsc,tumor,2.213263218
TCGA-BA-4076-01A-01R-1436-07,hnsc,tumor,2.739705498
TCGA-BA-4077-01B-01R-1436-07,hnsc,tumor,2.447185889
TCGA-BA-4078-01A-01R-1436-07,hnsc,tumor,2.88002261
TCGA-BA-5149-01A-01R-1514-07,hnsc,tumor,2.559248828
TCGA-BA-5151-01A-01R-1436-07,hnsc,tumor,2.721079791
TCGA-BA-5152-01A-02R-1873-07,hnsc,tumor,2.906305518
TCGA-BA-5153-01A-01R-1436-07,hnsc,tumor,2.715129014
TCGA-BA-5555-01A-01R-1514-07,hnsc,tumor,2.896834261
TCGA-BA-5556-01A-01R-1514-07,hnsc,tumor,2.874596461
TCGA-BA-5557-01A-01R-1514-07,hnsc,tumor,2.015014298
TCGA-BA-5558-01A-01R-1514-07,hnsc,tumor,2.389590212
TCGA-BA-5559-01A-01R-1514-07,hnsc,tumor,2.702488961
TCGA-BA-6868-01B-12R-1915-07,hnsc,tumor,1.953331446
TCGA-BA-6869-01A-11R-1873-07,hnsc,tumor,3.273643352
TCGA-BA-6870-01A-11R-1873-07,hnsc,tumor,2.984936386
TCGA-BA-6871-01A-11R-1873-07,hnsc,tumor,2.478151867
TCGA-BA-6872-01A-11R-1873-07,hnsc,tumor,1.892021271
TCGA-BA-6873-01A-11R-1873-07,hnsc,tumor,2.1440618
TCGA-BA-7269-01A-11R-2016-07,hnsc,tumor,2.385508871
TCGA-BA-A4IF-01A-11R-A266-07,hnsc,tumor,2.315075051
TCGA-BA-A4IG-01A-11R-A266-07,hnsc,tumor,2.743163773
TCGA-BA-A4IH-01A-11R-A266-07,hnsc,tumor,2.724537773
TCGA-BA-A4II-01A-11R-A266-07,hnsc,tumor,2.862175505
TCGA-BA-A6D8-01A-31R-A31N-07,hnsc,tumor,2.139639151
TCGA-BA-A6DA-01A-31R-A31N-07,hnsc,tumor,2.438000533
TCGA-BA-A6DB-01A-11R-A30B-07,hnsc,tumor,2.426064546
TCGA-BA-A6DD-01A-12R-A31N-07,hnsc,tumor,2.241013539
TCGA-BA-A6DE-01A-22R-A31N-07,hnsc,tumor,2.3769566
TCGA-BA-A6DG-01A-21R-A30B-07,hnsc,tumor,1.738833711
TCGA-BA-A6DI-01A-11R-A30B-07,hnsc,tumor,2.540683907
TCGA-BA-A6DJ-01A-11R-A30B-07,hnsc,tumor,2.392002428
TCGA-BA-A6DL-01A-21R-A30B-07,hnsc,tumor,2.991362404
TCGA-BA-A8YP-01A-11R-A39I-07,hnsc,tumor,2.038226867
TCGA-BB-4217-01A-11R-2081-07,hnsc,tumor,2.441835249
TCGA-BB-4223-01A-01R-1436-07,hnsc,tumor,2.699484487
TCGA-BB-4224-01A-01R-1436-07,hnsc,tumor,2.564017331
TCGA-BB-4225-01A-01R-1436-07,hnsc,tumor,2.886315684
TCGA-BB-4227-01A-01R-1873-07,hnsc,tumor,2.3948646
TCGA-BB-4228-01A-01R-1436-07,hnsc,tumor,2.400874314
TCGA-BB-7861-01A-11R-2232-07,hnsc,tumor,2.492053064
TCGA-BB-7862-01A-21R-2232-07,hnsc,tumor,2.205868084
TCGA-BB-7863-01A-11R-2232-07,hnsc,tumor,2.129289772
TCGA-BB-7864-01A-11R-2232-07,hnsc,tumor,1.833669723
TCGA-BB-7866-01A-11R-2232-07,hnsc,tumor,2.580888961
TCGA-BB-7870-01A-11R-2232-07,hnsc,tumor,2.76077252
TCGA-BB-7871-01A-11R-2232-07,hnsc,tumor,1.559410854
TCGA-BB-7872-01A-11R-2232-07,hnsc,tumor,2.104487626
TCGA-BB-8596-01A-11R-2403-07,hnsc,tumor,1.419972685
TCGA-BB-8601-01A-11R-2403-07,hnsc,tumor,2.919611031
TCGA-BB-A5HU-01A-11R-A28V-07,hnsc,tumor,2.423288557
TCGA-BB-A5HY-01A-11R-A28V-07,hnsc,tumor,2.586809609
TCGA-BB-A5HZ-01A-21R-A28V-07,hnsc,tumor,2.856676716
TCGA-BB-A6UM-01A-12R-A34R-07,hnsc,tumor,2.806800115
TCGA-BB-A6UO-01A-12R-A34R-07,hnsc,tumor,1.363979903
TCGA-C9-A47Z-01A-11R-A24H-07,hnsc,tumor,2.261693359
TCGA-C9-A480-01A-12R-A24H-07,hnsc,tumor,2.36866211
TCGA-CN-4722-01A-01R-1436-07,hnsc,tumor,3.033847555
TCGA-CN-4723-01A-01R-1436-07,hnsc,tumor,2.506248476
TCGA-CN-4725-01A-01R-1436-07,hnsc,tumor,2.568616422
TCGA-CN-4726-01A-01R-1436-07,hnsc,tumor,2.590079999
TCGA-CN-4727-01A-01R-1436-07,hnsc,tumor,2.684802418
TCGA-CN-4728-01A-01R-1436-07,hnsc,tumor,1.239312424
TCGA-CN-4729-01A-01R-1436-07,hnsc,tumor,2.865051688
TCGA-CN-4730-01A-01R-1436-07,hnsc,tumor,2.010448434
TCGA-CN-4731-01A-01R-1436-07,hnsc,tumor,2.572065202
TCGA-CN-4733-01A-02R-1873-07,hnsc,tumor,2.732177069
TCGA-CN-4734-01A-01R-1436-07,hnsc,tumor,2.644187096
TCGA-CN-4735-01A-01R-1436-07,hnsc,tumor,1.831352892
TCGA-CN-4736-01A-01R-1436-07,hnsc,tumor,1.92795258
TCGA-CN-4737-01A-01R-1436-07,hnsc,tumor,2.206528769
TCGA-CN-4738-01A-02R-1514-07,hnsc,tumor,2.853716551
TCGA-CN-4739-01A-02R-1514-07,hnsc,tumor,3.34104671
TCGA-CN-4740-01A-01R-1436-07,hnsc,tumor,1.401473498
TCGA-CN-4741-01A-01R-1436-07,hnsc,tumor,2.540358564
TCGA-CN-4742-01A-02R-1514-07,hnsc,tumor,1.735429736
TCGA-CN-5355-01A-01R-1436-07,hnsc,tumor,2.274312531
TCGA-CN-5356-01A-01R-1436-07,hnsc,tumor,2.919349989
TCGA-CN-5358-01A-01R-1514-07,hnsc,tumor,2.444450145
TCGA-CN-5359-01A-01R-1436-07,hnsc,tumor,2.401349608
TCGA-CN-5360-01A-01R-1436-07,hnsc,tumor,2.404647907
TCGA-CN-5361-01A-01R-1436-07,hnsc,tumor,1.775655112
TCGA-CN-5363-01A-01R-1436-07,hnsc,tumor,2.285259281
TCGA-CN-5364-01A-01R-1436-07,hnsc,tumor,1.781921087
TCGA-CN-5365-01A-01R-1436-07,hnsc,tumor,2.428798105
TCGA-CN-5366-01A-01R-1436-07,hnsc,tumor,2.126230604
TCGA-CN-5367-01A-01R-1436-07,hnsc,tumor,1.783854995
TCGA-CN-5369-01A-01R-1436-07,hnsc,tumor,2.212354028
TCGA-CN-5370-01A-01R-2016-07,hnsc,tumor,1.737888423
TCGA-CN-5373-01A-01R-1436-07,hnsc,tumor,2.403631672
TCGA-CN-5374-01A-01R-1436-07,hnsc,tumor,2.797863187
TCGA-CN-6010-01A-11R-1686-07,hnsc,tumor,2.79443205
TCGA-CN-6011-01A-11R-1686-07,hnsc,tumor,2.092974234
TCGA-CN-6012-01A-11R-1686-07,hnsc,tumor,2.398922466
TCGA-CN-6013-01A-11R-1686-07,hnsc,tumor,2.187244729
TCGA-CN-6016-01A-11R-1686-07,hnsc,tumor,1.783573991
TCGA-CN-6017-01A-11R-1686-07,hnsc,tumor,2.928972844
TCGA-CN-6018-01A-11R-1686-07,hnsc,tumor,1.764829869
TCGA-CN-6019-01A-11R-1686-07,hnsc,tumor,1.150177201
TCGA-CN-6020-01A-11R-1686-07,hnsc,tumor,2.465018679
TCGA-CN-6021-01A-11R-1686-07,hnsc,tumor,3.300268362
TCGA-CN-6022-01A-21R-1686-07,hnsc,tumor,1.665379228
TCGA-CN-6023-01A-11R-1686-07,hnsc,tumor,2.645267722
TCGA-CN-6024-01A-11R-1686-07,hnsc,tumor,2.533069827
TCGA-CN-6988-01A-11R-1915-07,hnsc,tumor,2.886374986
TCGA-CN-6989-01A-11R-1915-07,hnsc,tumor,1.638628612
TCGA-CN-6992-01A-11R-1915-07,hnsc,tumor,2.145036352
TCGA-CN-6994-01A-11R-1915-07,hnsc,tumor,1.856962135
TCGA-CN-6995-01A-31R-2016-07,hnsc,tumor,2.589489748
TCGA-CN-6996-01A-11R-1915-07,hnsc,tumor,2.0773789
TCGA-CN-6997-01A-11R-2016-07,hnsc,tumor,2.318765852
TCGA-CN-6998-01A-23R-2016-07,hnsc,tumor,2.38287378
TCGA-CN-A497-01A-11R-A24H-07,hnsc,tumor,2.893930445
TCGA-CN-A498-01A-11R-A24H-07,hnsc,tumor,2.848452853
TCGA-CN-A499-01A-11R-A24H-07,hnsc,tumor,2.759433766
TCGA-CN-A49A-01A-11R-A24H-07,hnsc,tumor,2.029849481
TCGA-CN-A49B-01A-31R-A24H-07,hnsc,tumor,2.255691179
TCGA-CN-A49C-01A-11R-A24H-07,hnsc,tumor,3.077256569
TCGA-CN-A63T-01A-11R-A28V-07,hnsc,tumor,2.142327801
TCGA-CN-A63U-01A-11R-A30B-07,hnsc,tumor,2.719285326
TCGA-CN-A63V-01A-11R-A466-07,hnsc,tumor,2.150096539
TCGA-CN-A63W-01A-11R-A30B-07,hnsc,tumor,1.769938624
TCGA-CN-A641-01A-11R-A30B-07,hnsc,tumor,2.616246924
TCGA-CN-A642-01A-12R-A30B-07,hnsc,tumor,2.929000288
TCGA-CN-A6UY-01A-12R-A34R-07,hnsc,tumor,2.691554758
TCGA-CN-A6V1-01A-12R-A34R-07,hnsc,tumor,2.761321067
TCGA-CN-A6V3-01A-12R-A34R-07,hnsc,tumor,2.679922384
TCGA-CN-A6V6-01A-12R-A34R-07,hnsc,tumor,2.798073018
TCGA-CN-A6V7-01A-12R-A34R-07,hnsc,tumor,3.088934279
TCGA-CQ-5323-01A-01R-1686-07,hnsc,tumor,2.848102751
TCGA-CQ-5324-01A-01R-1686-07,hnsc,tumor,2.666809851
TCGA-CQ-5325-01A-01R-1686-07,hnsc,tumor,2.738009778
TCGA-CQ-5326-01A-01R-1873-07,hnsc,tumor,1.928592565
TCGA-CQ-5327-01A-01R-1686-07,hnsc,tumor,2.594306829
TCGA-CQ-5329-01A-01R-1686-07,hnsc,tumor,1.494844585
TCGA-CQ-5330-01A-01R-1686-07,hnsc,tumor,1.856631473
TCGA-CQ-5331-01A-02R-1873-07,hnsc,tumor,2.302483518
TCGA-CQ-5332-01A-01R-1686-07,hnsc,tumor,2.045940296
TCGA-CQ-5333-01A-01R-2403-07,hnsc,tumor,2.44186177
TCGA-CQ-5334-01A-01R-1686-07,hnsc,tumor,2.370273693
TCGA-CQ-6218-01A-11R-1915-07,hnsc,tumor,2.09456007
TCGA-CQ-6219-01A-11R-1915-07,hnsc,tumor,2.524780395
TCGA-CQ-6220-01A-11R-1915-07,hnsc,tumor,2.272300103
TCGA-CQ-6221-01A-11R-2081-07,hnsc,tumor,1.4343205
TCGA-CQ-6222-01A-11R-1915-07,hnsc,tumor,1.773555503
TCGA-CQ-6223-01A-11R-1915-07,hnsc,tumor,2.45763025
TCGA-CQ-6224-01A-11R-1915-07,hnsc,tumor,1.584059194
TCGA-CQ-6225-01A-11R-1915-07,hnsc,tumor,2.723111102
TCGA-CQ-6227-01A-11R-1915-07,hnsc,tumor,1.671534596
TCGA-CQ-6228-01A-11R-1915-07,hnsc,tumor,2.055407153
TCGA-CQ-6229-01A-11R-1915-07,hnsc,tumor,2.599756933
TCGA-CQ-7063-01A-11R-2403-07,hnsc,tumor,2.493990892
TCGA-CQ-7065-01A-11R-2081-07,hnsc,tumor,2.397563928
TCGA-CQ-7067-01A-11R-2232-07,hnsc,tumor,2.243031896
TCGA-CQ-7068-01A-11R-2081-07,hnsc,tumor,2.517549957
TCGA-CQ-7069-01A-11R-2403-07,hnsc,tumor,2.467474362
TCGA-CQ-7071-01A-12R-A30B-07,hnsc,tumor,2.259900549
TCGA-CQ-7072-01A-21R-A30B-07,hnsc,tumor,2.031893575
TCGA-CQ-A4C6-01A-11R-A24Z-07,hnsc,tumor,2.169021507
TCGA-CQ-A4C7-01A-11R-A24Z-07,hnsc,tumor,2.101004349
TCGA-CQ-A4C9-01A-11R-A24Z-07,hnsc,tumor,2.082907498
TCGA-CQ-A4CA-01A-11R-A24Z-07,hnsc,tumor,2.301146354
TCGA-CQ-A4CB-01A-11R-A24Z-07,hnsc,tumor,2.215164559
TCGA-CQ-A4CD-01A-21R-A24Z-07,hnsc,tumor,2.386631586
TCGA-CQ-A4CE-01A-11R-A266-07,hnsc,tumor,2.835959298
TCGA-CQ-A4CG-01A-11R-A266-07,hnsc,tumor,2.257352457
TCGA-CQ-A4CH-01A-11R-A266-07,hnsc,tumor,1.603183378
TCGA-CQ-A4CI-01A-11R-A266-07,hnsc,tumor,2.42650995
TCGA-CR-5243-01A-01R-1514-07,hnsc,tumor,3.049886515
TCGA-CR-5247-01A-01R-2016-07,hnsc,tumor,1.57025928
TCGA-CR-5248-01A-01R-2016-07,hnsc,tumor,2.63673752
TCGA-CR-5249-01A-01R-1514-07,hnsc,tumor,3.058584441
TCGA-CR-5250-01A-01R-1514-07,hnsc,tumor,2.504049984
TCGA-CR-6467-01A-11R-1873-07,hnsc,tumor,2.875510223
TCGA-CR-6470-01A-11R-1873-07,hnsc,tumor,2.6808692
TCGA-CR-6471-01A-11R-1873-07,hnsc,tumor,2.758708658
TCGA-CR-6472-01A-11R-1873-07,hnsc,tumor,3.131877357
TCGA-CR-6473-01A-11R-1873-07,hnsc,tumor,2.750812965
TCGA-CR-6474-01A-11R-1873-07,hnsc,tumor,2.448860868
TCGA-CR-6477-01A-11R-1873-07,hnsc,tumor,2.025633928
TCGA-CR-6478-01A-11R-1873-07,hnsc,tumor,2.037344706
TCGA-CR-6480-01A-11R-1873-07,hnsc,tumor,2.880443599
TCGA-CR-6481-01A-11R-1873-07,hnsc,tumor,2.567708559
TCGA-CR-6482-01A-11R-1873-07,hnsc,tumor,2.656793786
TCGA-CR-6484-01A-11R-1873-07,hnsc,tumor,2.010307293
TCGA-CR-6487-01A-11R-1873-07,hnsc,tumor,2.766601752
TCGA-CR-6488-01A-12R-2081-07,hnsc,tumor,1.267388527
TCGA-CR-6491-01A-11R-1873-07,hnsc,tumor,2.746385216
TCGA-CR-6492-01A-12R-2081-07,hnsc,tumor,2.753541072
TCGA-CR-6493-01A-11R-1873-07,hnsc,tumor,2.718933441
TCGA-CR-7364-01A-11R-2016-07,hnsc,tumor,2.915363181
TCGA-CR-7365-01A-11R-2016-07,hnsc,tumor,1.293524144
TCGA-CR-7367-01A-11R-2016-07,hnsc,tumor,2.190398611
TCGA-CR-7368-01A-11R-2132-07,hnsc,tumor,2.499850177
TCGA-CR-7369-01A-11R-2132-07,hnsc,tumor,2.621833537
TCGA-CR-7370-01A-11R-2132-07,hnsc,tumor,2.853338306
TCGA-CR-7371-01A-11R-2016-07,hnsc,tumor,2.898196908
TCGA-CR-7372-01A-11R-2016-07,hnsc,tumor,2.84392748
TCGA-CR-7373-01A-11R-2016-07,hnsc,tumor,2.131360006
TCGA-CR-7374-01A-11R-2016-07,hnsc,tumor,3.056976246
TCGA-CR-7376-01A-11R-2132-07,hnsc,tumor,1.885555043
TCGA-CR-7377-01A-11R-2016-07,hnsc,tumor,2.259575848
TCGA-CR-7379-01A-11R-2016-07,hnsc,tumor,2.102952379
TCGA-CR-7380-01A-11R-2016-07,hnsc,tumor,2.110961427
TCGA-CR-7382-01A-11R-2132-07,hnsc,tumor,1.848420338
TCGA-CR-7383-01A-11R-2132-07,hnsc,tumor,2.388486458
TCGA-CR-7385-01A-11R-2016-07,hnsc,tumor,2.670903185
TCGA-CR-7386-01A-11R-2016-07,hnsc,tumor,1.776546199
TCGA-CR-7388-01A-11R-2016-07,hnsc,tumor,2.898321493
TCGA-CR-7389-01A-11R-2016-07,hnsc,tumor,2.645929357
TCGA-CR-7390-01A-11R-2016-07,hnsc,tumor,2.458718921
TCGA-CR-7391-01A-11R-2016-07,hnsc,tumor,2.444961246
TCGA-CR-7392-01A-11R-2016-07,hnsc,tumor,2.458005333
TCGA-CR-7393-01A-11R-2016-07,hnsc,tumor,2.941429466
TCGA-CR-7394-01A-11R-2016-07,hnsc,tumor,2.739970278
TCGA-CR-7395-01A-11R-2016-07,hnsc,tumor,2.599003911
TCGA-CR-7397-01A-11R-2016-07,hnsc,tumor,1.94729746
TCGA-CR-7398-01A-11R-2016-07,hnsc,tumor,2.425656899
TCGA-CR-7399-01A-11R-2016-07,hnsc,tumor,2.763037677
TCGA-CR-7401-01A-11R-2016-07,hnsc,tumor,2.690696091
TCGA-CR-7402-01A-11R-2016-07,hnsc,tumor,2.894390866
TCGA-CR-7404-01A-11R-2132-07,hnsc,tumor,2.534122457
TCGA-CV-5430-01A-02R-1686-07,hnsc,tumor,2.735427266
TCGA-CV-5431-01A-01R-1514-07,hnsc,tumor,2.803178699
TCGA-CV-5432-01A-02R-1686-07,hnsc,tumor,2.85101717
TCGA-CV-5434-01A-01R-1686-07,hnsc,tumor,1.353525614
TCGA-CV-5435-01A-01R-1686-07,hnsc,tumor,1.977979714
TCGA-CV-5436-01A-01R-1514-07,hnsc,tumor,2.491839807
TCGA-CV-5439-01A-01R-1686-07,hnsc,tumor,2.834389132
TCGA-CV-5440-01A-01R-1514-07,hnsc,tumor,2.570669706
TCGA-CV-5441-01A-01R-1514-07,hnsc,tumor,2.294991375
TCGA-CV-5442-01A-01R-1514-07,hnsc,tumor,2.924414923
TCGA-CV-5443-01A-01R-1514-07,hnsc,tumor,2.336752213
TCGA-CV-5444-01A-02R-1514-07,hnsc,tumor,1.930796912
TCGA-CV-5966-01A-11R-1686-07,hnsc,tumor,2.256568919
TCGA-CV-5970-01A-11R-1686-07,hnsc,tumor,2.667536983
TCGA-CV-5971-01A-11R-1686-07,hnsc,tumor,2.312643787
TCGA-CV-5973-01A-11R-1686-07,hnsc,tumor,1.77871255
TCGA-CV-5976-01A-11R-1686-07,hnsc,tumor,1.750439972
TCGA-CV-5977-01A-11R-1686-07,hnsc,tumor,2.205027614
TCGA-CV-5978-01A-11R-1686-07,hnsc,tumor,1.128378079
TCGA-CV-5979-01A-11R-1686-07,hnsc,tumor,2.355528933
TCGA-CV-6003-01A-11R-1686-07,hnsc,tumor,2.348553198
TCGA-CV-6433-01A-11R-1686-07,hnsc,tumor,2.295048082
TCGA-CV-6436-01A-11R-1686-07,hnsc,tumor,2.203820806
TCGA-CV-6441-01A-11R-1686-07,hnsc,tumor,2.521891322
TCGA-CV-6933-01A-11R-1915-07,hnsc,tumor,1.079205516
TCGA-CV-6934-01A-11R-1915-07,hnsc,tumor,1.73486253
TCGA-CV-6935-01A-11R-1915-07,hnsc,tumor,2.017327879
TCGA-CV-6936-01A-11R-1915-07,hnsc,tumor,2.716648601
TCGA-CV-6937-01A-11R-2016-07,hnsc,tumor,1.240466917
TCGA-CV-6938-01A-11R-1915-07,hnsc,tumor,2.153849014
TCGA-CV-6939-01A-11R-1915-07,hnsc,tumor,2.286932621
TCGA-CV-6940-01A-11R-1915-07,hnsc,tumor,2.319889811
TCGA-CV-6941-01A-11R-1915-07,hnsc,tumor,2.114440546
TCGA-CV-6942-01A-21R-2016-07,hnsc,tumor,2.521991728
TCGA-CV-6943-01A-11R-1915-07,hnsc,tumor,2.812115892
TCGA-CV-6945-01A-11R-1915-07,hnsc,tumor,1.889616439
TCGA-CV-6948-01A-11R-1915-07,hnsc,tumor,2.001130986
TCGA-CV-6950-01A-11R-1915-07,hnsc,tumor,2.163827415
TCGA-CV-6951-01A-11R-1915-07,hnsc,tumor,3.034139148
TCGA-CV-6952-01A-11R-1915-07,hnsc,tumor,2.328539759
TCGA-CV-6953-01A-11R-1915-07,hnsc,tumor,2.754395502
TCGA-CV-6954-01A-11R-1915-07,hnsc,tumor,2.338406931
TCGA-CV-6955-01A-11R-2016-07,hnsc,tumor,2.523500438
TCGA-CV-6956-01A-21R-2016-07,hnsc,tumor,1.481121611
TCGA-CV-6959-01A-11R-1915-07,hnsc,tumor,1.809019834
TCGA-CV-6960-01A-41R-2016-07,hnsc,tumor,2.295898943
TCGA-CV-6961-01A-21R-1915-07,hnsc,tumor,2.575314715
TCGA-CV-6962-01A-11R-1915-07,hnsc,tumor,2.064321383
TCGA-CV-7089-01A-11R-2016-07,hnsc,tumor,2.25757413
TCGA-CV-7090-01A-11R-2016-07,hnsc,tumor,1.503344822
TCGA-CV-7091-01A-11R-2016-07,hnsc,tumor,2.60014884
TCGA-CV-7095-01A-21R-2016-07,hnsc,tumor,2.368797997
TCGA-CV-7097-01A-11R-2016-07,hnsc,tumor,1.451136851
TCGA-CV-7099-01A-41R-2016-07,hnsc,tumor,2.165926112
TCGA-CV-7100-01A-11R-2016-07,hnsc,tumor,2.378054012
TCGA-CV-7101-01A-11R-2016-07,hnsc,tumor,2.505871166
TCGA-CV-7102-01A-11R-2016-07,hnsc,tumor,1.302513173
TCGA-CV-7103-01A-21R-2016-07,hnsc,tumor,2.28836327
TCGA-CV-7104-01A-11R-2016-07,hnsc,tumor,1.996214883
TCGA-CV-7177-01A-11R-2016-07,hnsc,tumor,1.856511279
TCGA-CV-7178-01A-21R-2016-07,hnsc,tumor,1.83728481
TCGA-CV-7180-01A-11R-2016-07,hnsc,tumor,3.044300581
TCGA-CV-7183-01A-11R-2016-07,hnsc,tumor,2.497355261
TCGA-CV-7235-01A-11R-2016-07,hnsc,tumor,2.584164726
TCGA-CV-7236-01A-11R-2016-07,hnsc,tumor,2.49958297
TCGA-CV-7238-01A-11R-2016-07,hnsc,tumor,2.219724164
TCGA-CV-7242-01A-11R-2016-07,hnsc,tumor,2.906541764
TCGA-CV-7243-01A-11R-2016-07,hnsc,tumor,1.557838669
TCGA-CV-7245-01A-11R-2016-07,hnsc,tumor,2.593126585
TCGA-CV-7247-01A-11R-2016-07,hnsc,tumor,1.429597007
TCGA-CV-7248-01A-11R-2016-07,hnsc,tumor,2.319073006
TCGA-CV-7250-01A-11R-2016-07,hnsc,tumor,2.443007583
TCGA-CV-7252-01A-11R-2016-07,hnsc,tumor,2.340401104
TCGA-CV-7253-01A-11R-2016-07,hnsc,tumor,2.362740366
TCGA-CV-7254-01A-11R-2016-07,hnsc,tumor,2.179239863
TCGA-CV-7255-01A-11R-2016-07,hnsc,tumor,1.504331928
TCGA-CV-7261-01A-11R-2016-07,hnsc,tumor,2.460779975
TCGA-CV-7263-01A-11R-2016-07,hnsc,tumor,1.440494432
TCGA-CV-7406-01A-11R-2081-07,hnsc,tumor,2.489699778
TCGA-CV-7407-01A-11R-2081-07,hnsc,tumor,2.494426886
TCGA-CV-7409-01A-31R-2232-07,hnsc,tumor,2.218991672
TCGA-CV-7410-01A-21R-2081-07,hnsc,tumor,2.570287512
TCGA-CV-7411-01A-11R-2081-07,hnsc,tumor,2.557753633
TCGA-CV-7413-01A-11R-2081-07,hnsc,tumor,2.010350805
TCGA-CV-7414-01A-11R-2081-07,hnsc,tumor,2.86534867
TCGA-CV-7415-01A-11R-2081-07,hnsc,tumor,2.256378272
TCGA-CV-7416-01A-11R-2081-07,hnsc,tumor,2.482685705
TCGA-CV-7418-01A-11R-2081-07,hnsc,tumor,2.552515973
TCGA-CV-7421-01A-11R-2081-07,hnsc,tumor,1.953349697
TCGA-CV-7422-01A-21R-2081-07,hnsc,tumor,2.054288952
TCGA-CV-7423-01A-11R-2081-07,hnsc,tumor,2.093733474
TCGA-CV-7424-01A-11R-2081-07,hnsc,tumor,2.203197575
TCGA-CV-7425-01A-11R-2081-07,hnsc,tumor,2.760190626
TCGA-CV-7427-01A-11R-2081-07,hnsc,tumor,2.444462714
TCGA-CV-7428-01A-11R-2132-07,hnsc,tumor,1.597874889
TCGA-CV-7429-01A-11R-2132-07,hnsc,tumor,1.775374449
TCGA-CV-7430-01A-11R-2132-07,hnsc,tumor,2.785550319
TCGA-CV-7432-01A-11R-2132-07,hnsc,tumor,2.395372499
TCGA-CV-7433-01A-11R-2132-07,hnsc,tumor,2.336835464
TCGA-CV-7434-01A-11R-2132-07,hnsc,tumor,2.185460976
TCGA-CV-7435-01A-11R-2132-07,hnsc,tumor,1.860353108
TCGA-CV-7437-01A-21R-2132-07,hnsc,tumor,2.973049071
TCGA-CV-7438-01A-21R-2132-07,hnsc,tumor,1.854912481
TCGA-CV-7440-01A-11R-2132-07,hnsc,tumor,2.284452959
TCGA-CV-7446-01A-11R-2232-07,hnsc,tumor,2.518243729
TCGA-CV-7568-01A-11R-2232-07,hnsc,tumor,2.486731916
TCGA-CV-A45O-01A-21R-A24H-07,hnsc,tumor,2.876837159
TCGA-CV-A45P-01A-11R-A24H-07,hnsc,tumor,2.62504643
TCGA-CV-A45Q-01A-11R-A24H-07,hnsc,tumor,2.547290708
TCGA-CV-A45R-01A-11R-A24H-07,hnsc,tumor,2.103316688
TCGA-CV-A45T-01A-11R-A24H-07,hnsc,tumor,2.513575547
TCGA-CV-A45U-01A-12R-A24H-07,hnsc,tumor,2.622515928
TCGA-CV-A45V-01A-21R-A24Z-07,hnsc,tumor,2.75478316
TCGA-CV-A45W-01A-11R-A24Z-07,hnsc,tumor,1.97096106
TCGA-CV-A45X-01A-21R-A24Z-07,hnsc,tumor,1.57471016
TCGA-CV-A45Y-01A-11R-A24Z-07,hnsc,tumor,1.837940634
TCGA-CV-A45Z-01A-21R-A24Z-07,hnsc,tumor,2.688369428
TCGA-CV-A460-01A-21R-A24Z-07,hnsc,tumor,2.626243692
TCGA-CV-A461-01A-41R-A266-07,hnsc,tumor,2.450221433
TCGA-CV-A463-01A-11R-A266-07,hnsc,tumor,2.798685349
TCGA-CV-A464-01A-11R-A266-07,hnsc,tumor,2.072201628
TCGA-CV-A465-01A-11R-A266-07,hnsc,tumor,2.173557186
TCGA-CV-A468-01A-11R-A266-07,hnsc,tumor,3.030336765
TCGA-CV-A6JD-01A-11R-A31N-07,hnsc,tumor,2.534903474
TCGA-CV-A6JE-01A-11R-A31N-07,hnsc,tumor,2.661507857
TCGA-CV-A6JM-01A-11R-A31N-07,hnsc,tumor,2.148425065
TCGA-CV-A6JN-01A-11R-A31N-07,hnsc,tumor,3.044749095
TCGA-CV-A6JO-01B-11R-A34R-07,hnsc,tumor,2.41873652
TCGA-CV-A6JT-01A-11R-A31N-07,hnsc,tumor,2.511569598
TCGA-CV-A6JU-01A-11R-A31N-07,hnsc,tumor,2.328053102
TCGA-CV-A6JY-01A-11R-A31N-07,hnsc,tumor,3.085690695
TCGA-CV-A6JZ-01A-11R-A31N-07,hnsc,tumor,2.299512709
TCGA-CV-A6K0-01B-21R-A31N-07,hnsc,tumor,2.364712889
TCGA-CV-A6K1-01A-11R-A31N-07,hnsc,tumor,2.78452651
TCGA-CV-A6K2-01A-11R-A31N-07,hnsc,tumor,2.109050078
TCGA-CX-7082-01A-11R-2016-07,hnsc,tumor,2.212344961
TCGA-CX-7085-01A-21R-2016-07,hnsc,tumor,2.631018722
TCGA-CX-7086-01A-11R-2081-07,hnsc,tumor,2.755241364
TCGA-CX-7219-01A-11R-2016-07,hnsc,tumor,1.999858153
TCGA-CX-A4AQ-01A-11R-A24Z-07,hnsc,tumor,2.715671869
TCGA-D6-6515-01A-21R-1873-07,hnsc,tumor,2.651600353
TCGA-D6-6516-01A-11R-1873-07,hnsc,tumor,2.965903173
TCGA-D6-6517-01A-11R-1873-07,hnsc,tumor,2.684380955
TCGA-D6-6823-01A-11R-1915-07,hnsc,tumor,2.606977925
TCGA-D6-6824-01A-11R-1915-07,hnsc,tumor,1.974384862
TCGA-D6-6825-01A-21R-1915-07,hnsc,tumor,2.46897344
TCGA-D6-6826-01A-11R-1915-07,hnsc,tumor,1.850689459
TCGA-D6-6827-01A-11R-1915-07,hnsc,tumor,2.461132188
TCGA-D6-8568-01A-11R-2403-07,hnsc,tumor,2.376814688
TCGA-D6-8569-01A-11R-2403-07,hnsc,tumor,2.503138737
TCGA-D6-A4Z9-01A-11R-A24Z-07,hnsc,tumor,2.31631871
TCGA-D6-A4ZB-01A-11R-A24Z-07,hnsc,tumor,2.315532549
TCGA-D6-A6EK-01A-11R-A31N-07,hnsc,tumor,3.059457381
TCGA-D6-A6EM-01A-21R-A31N-07,hnsc,tumor,2.308697734
TCGA-D6-A6EN-01A-11R-A31N-07,hnsc,tumor,1.881498096
TCGA-D6-A6EO-01A-11R-A31N-07,hnsc,tumor,2.872834008
TCGA-D6-A6EP-01A-11R-A31N-07,hnsc,tumor,2.451404789
TCGA-D6-A6EQ-01A-11R-A31N-07,hnsc,tumor,2.183620027
TCGA-D6-A6ES-01A-12R-A31N-07,hnsc,tumor,2.146692321
TCGA-D6-A74Q-01A-11R-A34R-07,hnsc,tumor,3.071150176
TCGA-DQ-5624-01A-01R-1873-07,hnsc,tumor,2.579408504
TCGA-DQ-5625-01A-01R-1873-07,hnsc,tumor,2.748096925
TCGA-DQ-5629-01A-01R-1873-07,hnsc,tumor,2.686207945
TCGA-DQ-5630-01A-01R-1873-07,hnsc,tumor,2.146347837
TCGA-DQ-5631-01A-01R-1873-07,hnsc,tumor,2.409370043
TCGA-DQ-7588-01A-11R-2081-07,hnsc,tumor,2.349816817
TCGA-DQ-7589-01A-11R-2232-07,hnsc,tumor,3.163022855
TCGA-DQ-7590-01A-11R-2232-07,hnsc,tumor,1.723867847
TCGA-DQ-7591-01A-11R-2081-07,hnsc,tumor,2.903318561
TCGA-DQ-7592-01A-11R-2081-07,hnsc,tumor,2.064205895
TCGA-DQ-7593-01A-11R-2232-07,hnsc,tumor,2.796057743
TCGA-DQ-7594-01A-11R-2232-07,hnsc,tumor,2.92058167
TCGA-DQ-7595-01A-11R-2232-07,hnsc,tumor,3.200689694
TCGA-DQ-7596-01A-11R-2232-07,hnsc,tumor,2.850641308
TCGA-F7-7848-01A-11R-2132-07,hnsc,tumor,2.605444913
TCGA-F7-8298-01A-11R-2403-07,hnsc,tumor,1.5890802
TCGA-F7-8489-01A-31R-2403-07,hnsc,tumor,2.337819081
TCGA-F7-A50G-01A-11R-A266-07,hnsc,tumor,2.366512032
TCGA-F7-A50I-01A-11R-A28V-07,hnsc,tumor,2.422837016
TCGA-F7-A50J-01A-21R-A28V-07,hnsc,tumor,2.320096459
TCGA-F7-A61S-01A-11R-A28V-07,hnsc,tumor,2.567061052
TCGA-F7-A61V-01A-11R-A28V-07,hnsc,tumor,2.91789197
TCGA-F7-A61W-01A-11R-A28V-07,hnsc,tumor,2.24210869
TCGA-F7-A620-01A-11R-A28V-07,hnsc,tumor,2.331004326
TCGA-F7-A622-01A-11R-A28V-07,hnsc,tumor,2.346371579
TCGA-F7-A623-01A-11R-A28V-07,hnsc,tumor,2.499616565
TCGA-F7-A624-01A-22R-A30B-07,hnsc,tumor,2.423538219
TCGA-H7-7774-01A-21R-2081-07,hnsc,tumor,2.877360876
TCGA-H7-8501-01A-11R-2403-07,hnsc,tumor,2.125803844
TCGA-H7-8502-01A-11R-2403-07,hnsc,tumor,2.574518735
TCGA-H7-A6C4-01A-11R-A30B-07,hnsc,tumor,2.785443257
TCGA-H7-A76A-01A-51R-A34R-07,hnsc,tumor,2.767185435
TCGA-HD-7229-01A-11R-2016-07,hnsc,tumor,2.613511121
TCGA-HD-7753-01A-11R-2081-07,hnsc,tumor,2.281594558
TCGA-HD-7754-01A-11R-2081-07,hnsc,tumor,2.057863399
TCGA-HD-7831-01A-11R-2132-07,hnsc,tumor,1.597596708
TCGA-HD-7832-01A-11R-2132-07,hnsc,tumor,2.125330996
TCGA-HD-7917-01A-11R-2232-07,hnsc,tumor,2.334732163
TCGA-HD-8224-01A-11R-2403-07,hnsc,tumor,2.39070034
TCGA-HD-8314-01A-11R-2403-07,hnsc,tumor,1.732384944
TCGA-HD-8634-01A-11R-2403-07,hnsc,tumor,2.321085915
TCGA-HD-8635-01A-11R-2403-07,hnsc,tumor,2.225343317
TCGA-HD-A4C1-01A-11R-A24H-07,hnsc,tumor,2.213569801
TCGA-HD-A633-01A-11R-A28V-07,hnsc,tumor,2.570585254
TCGA-HD-A634-01A-11R-A28V-07,hnsc,tumor,2.725092679
TCGA-HD-A6HZ-01A-12R-A31N-07,hnsc,tumor,2.218529656
TCGA-HD-A6I0-01A-11R-A31N-07,hnsc,tumor,2.389439957
TCGA-HL-7533-01A-11R-2232-07,hnsc,tumor,2.180086716
TCGA-IQ-7630-01A-11R-2081-07,hnsc,tumor,2.258759769
TCGA-IQ-7631-01A-11R-2081-07,hnsc,tumor,1.705277873
TCGA-IQ-7632-01A-11R-2081-07,hnsc,tumor,2.955976899
TCGA-IQ-A61E-01A-22R-A30B-07,hnsc,tumor,2.148841624
TCGA-IQ-A61G-01A-11R-A30B-07,hnsc,tumor,2.35352922
TCGA-IQ-A61H-01A-11R-A30B-07,hnsc,tumor,1.857375546
TCGA-IQ-A61I-01A-11R-A30B-07,hnsc,tumor,3.043597693
TCGA-IQ-A61J-01A-11R-A30B-07,hnsc,tumor,2.456340474
TCGA-IQ-A61O-01A-11R-A30B-07,hnsc,tumor,1.333836953
TCGA-IQ-A6SG-01A-12R-A34R-07,hnsc,tumor,2.555415657
TCGA-IQ-A6SH-01A-12R-A34R-07,hnsc,tumor,2.416495996
TCGA-KU-A66S-01A-21R-A30B-07,hnsc,tumor,2.192393716
TCGA-KU-A66T-01A-11R-A30B-07,hnsc,tumor,2.298874379
TCGA-KU-A6H7-06A-21R-A31N-07,hnsc,tumor,2.747809681
TCGA-KU-A6H7-01A-11R-A31N-07,hnsc,tumor,2.60380818
TCGA-KU-A6H8-01A-21R-A34R-07,hnsc,tumor,2.237105026
TCGA-MT-A51W-01A-21R-A266-07,hnsc,tumor,2.30895331
TCGA-MT-A51X-01A-11R-A266-07,hnsc,tumor,2.161536998
TCGA-MT-A67A-01A-11R-A30B-07,hnsc,tumor,2.566808746
TCGA-MT-A67D-01A-31R-A30B-07,hnsc,tumor,2.432312427
TCGA-MT-A67F-01A-11R-A30B-07,hnsc,tumor,2.582120162
TCGA-MT-A7BN-01A-12R-A34R-07,hnsc,tumor,1.989714884
TCGA-MZ-A5BI-01A-31R-A34R-07,hnsc,tumor,2.947949549
TCGA-MZ-A6I9-01A-11R-A31N-07,hnsc,tumor,2.990392124
TCGA-MZ-A7D7-01A-21R-A34R-07,hnsc,tumor,2.846311262
TCGA-P3-A5Q5-01A-11R-A28V-07,hnsc,tumor,2.567444885
TCGA-P3-A5Q6-01A-11R-A28V-07,hnsc,tumor,1.944922869
TCGA-P3-A5QA-01A-11R-A28V-07,hnsc,tumor,1.877973946
TCGA-P3-A5QE-01A-11R-A28V-07,hnsc,tumor,2.571008958
TCGA-P3-A5QF-01A-11R-A28V-07,hnsc,tumor,2.521190763
TCGA-P3-A6SW-01A-11R-A34R-07,hnsc,tumor,2.698505606
TCGA-P3-A6SX-01A-11R-A34R-07,hnsc,tumor,2.149015566
TCGA-P3-A6T0-01A-12R-A34R-07,hnsc,tumor,1.932943595
TCGA-P3-A6T2-01A-11R-A34R-07,hnsc,tumor,2.422426444
TCGA-P3-A6T3-01A-11R-A34R-07,hnsc,tumor,2.221172824
TCGA-P3-A6T4-01A-11R-A34R-07,hnsc,tumor,2.755236345
TCGA-P3-A6T5-01A-11R-A34R-07,hnsc,tumor,1.90376052
TCGA-P3-A6T6-01A-11R-A34R-07,hnsc,tumor,2.94879048
TCGA-P3-A6T7-01A-11R-A34R-07,hnsc,tumor,2.225117291
TCGA-P3-A6T8-01A-11R-A34R-07,hnsc,tumor,2.406677124
TCGA-QK-A64Z-01A-11R-A30B-07,hnsc,tumor,2.132476858
TCGA-QK-A652-01A-11R-A30B-07,hnsc,tumor,2.27645382
TCGA-QK-A6IF-01A-11R-A31N-07,hnsc,tumor,2.72130682
TCGA-QK-A6IG-01A-11R-A31N-07,hnsc,tumor,2.425896156
TCGA-QK-A6IH-01A-11R-A31N-07,hnsc,tumor,1.551227527
TCGA-QK-A6II-01A-11R-A31N-07,hnsc,tumor,2.745888402
TCGA-QK-A6IJ-01A-11R-A31N-07,hnsc,tumor,2.996094139
TCGA-QK-A6V9-01A-11R-A34R-07,hnsc,tumor,2.733458422
TCGA-QK-A6VB-01A-12R-A34R-07,hnsc,tumor,2.087269614
TCGA-QK-A6VC-01A-23R-A34R-07,hnsc,tumor,2.902603832
TCGA-QK-A8Z7-01A-11R-A39I-07,hnsc,tumor,2.153708086
TCGA-QK-A8Z8-01A-11R-A39I-07,hnsc,tumor,2.900035184
TCGA-QK-A8Z9-01B-11R-A39I-07,hnsc,tumor,2.395931348
TCGA-QK-A8ZA-01A-11R-A39I-07,hnsc,tumor,2.630175349
TCGA-QK-A8ZB-01A-11R-A39I-07,hnsc,tumor,2.032934989
TCGA-QK-AA3J-01A-11R-A39I-07,hnsc,tumor,2.75790065
TCGA-QK-AA3K-01A-11R-A39I-07,hnsc,tumor,1.822606981
TCGA-RS-A6TO-01A-32R-A34R-07,hnsc,tumor,1.499590064
TCGA-RS-A6TP-01A-12R-A34R-07,hnsc,tumor,2.686938885
TCGA-T2-A6WX-01A-12R-A34R-07,hnsc,tumor,2.311640214
TCGA-T2-A6WZ-01A-21R-A34R-07,hnsc,tumor,2.49130596
TCGA-T2-A6X0-01A-11R-A34R-07,hnsc,tumor,2.250121048
TCGA-T2-A6X2-01A-12R-A34R-07,hnsc,tumor,2.663661292
TCGA-T3-A92M-01A-31R-A39I-07,hnsc,tumor,2.480566098
TCGA-T3-A92N-01A-11R-A39I-07,hnsc,tumor,2.261214389
TCGA-TN-A7HI-01A-11R-A34R-07,hnsc,tumor,2.339132929
TCGA-TN-A7HJ-01A-12R-A34R-07,hnsc,tumor,2.878607165
TCGA-TN-A7HL-01A-11R-A34R-07,hnsc,tumor,2.753134226
TCGA-UF-A718-01A-22R-A34R-07,hnsc,tumor,2.894695405
TCGA-UF-A719-01A-12R-A34R-07,hnsc,tumor,2.542056681
TCGA-UF-A71A-06A-11R-A39I-07,hnsc,tumor,1.654337162
TCGA-UF-A71A-01A-22R-A34R-07,hnsc,tumor,1.394522253
TCGA-UF-A71B-01A-12R-A34R-07,hnsc,tumor,2.076920933
TCGA-UF-A71D-01A-12R-A34R-07,hnsc,tumor,3.196109175
TCGA-UF-A71E-01A-31R-A34R-07,hnsc,tumor,1.936768114
TCGA-UF-A7J9-01A-12R-A34R-07,hnsc,tumor,1.720227592
TCGA-UF-A7JA-01A-12R-A34R-07,hnsc,tumor,1.987061886
TCGA-UF-A7JC-01A-21R-A34R-07,hnsc,tumor,1.782994768
TCGA-UF-A7JD-01A-11R-A34R-07,hnsc,tumor,2.015522038
TCGA-UF-A7JF-01A-11R-A34R-07,hnsc,tumor,2.181623561
TCGA-UF-A7JH-01A-21R-A34R-07,hnsc,tumor,1.869477135
TCGA-UF-A7JJ-01A-11R-A34R-07,hnsc,tumor,2.359741493
TCGA-UF-A7JK-01A-11R-A34R-07,hnsc,tumor,2.314507247
TCGA-UF-A7JO-01A-11R-A34R-07,hnsc,tumor,1.799758734
TCGA-UF-A7JS-01A-11R-A34R-07,hnsc,tumor,2.121391992
TCGA-UF-A7JT-01A-11R-A34R-07,hnsc,tumor,2.279861564
TCGA-UF-A7JV-01A-11R-A34R-07,hnsc,tumor,1.741390642
TCGA-UP-A6WW-01A-12R-A34R-07,hnsc,tumor,2.070239791
TCGA-WA-A7GZ-01A-11R-A34R-07,hnsc,tumor,1.775995026
TCGA-WA-A7H4-01A-21R-A34R-07,hnsc,tumor,2.227104277
TCGA-KL-8323-01A-21R-2315-07,kich,tumor,2.862279335
TCGA-KL-8324-01A-11R-2315-07,kich,tumor,3.131620106
TCGA-KL-8325-01A-11R-2315-07,kich,tumor,2.294741461
TCGA-KL-8326-01A-11R-2315-07,kich,tumor,2.935581241
TCGA-KL-8327-01A-11R-2315-07,kich,tumor,2.428534692
TCGA-KL-8328-01A-11R-2315-07,kich,tumor,2.621774719
TCGA-KL-8329-01A-11R-2315-07,kich,tumor,2.28955483
TCGA-KL-8330-01A-11R-2315-07,kich,tumor,2.68597255
TCGA-KL-8331-01A-11R-2315-07,kich,tumor,2.537787115
TCGA-KL-8332-01A-11R-2315-07,kich,tumor,2.411918653
TCGA-KL-8333-01A-11R-2315-07,kich,tumor,2.562576919
TCGA-KL-8334-01A-11R-2315-07,kich,tumor,2.348932986
TCGA-KL-8335-01A-11R-2315-07,kich,tumor,2.93181406
TCGA-KL-8336-01A-11R-2315-07,kich,tumor,2.606553135
TCGA-KL-8337-01A-11R-2315-07,kich,tumor,2.856055052
TCGA-KL-8338-01A-11R-2315-07,kich,tumor,2.923939271
TCGA-KL-8339-01A-11R-2315-07,kich,tumor,2.952418546
TCGA-KL-8340-01A-11R-2315-07,kich,tumor,2.786625641
TCGA-KL-8341-01A-11R-2315-07,kich,tumor,2.931652318
TCGA-KL-8342-01A-11R-2315-07,kich,tumor,2.640951942
TCGA-KL-8343-01A-11R-2315-07,kich,tumor,2.460901632
TCGA-KL-8344-01A-11R-2315-07,kich,tumor,2.621034228
TCGA-KL-8345-01A-11R-2315-07,kich,tumor,2.617498888
TCGA-KL-8346-01A-11R-2315-07,kich,tumor,2.731157077
TCGA-KM-8438-01A-11R-2315-07,kich,tumor,3.19331485
TCGA-KM-8439-01A-11R-2315-07,kich,tumor,2.734174757
TCGA-KM-8440-01A-11R-2315-07,kich,tumor,2.664616221
TCGA-KM-8441-01A-11R-2315-07,kich,tumor,2.44528957
TCGA-KM-8442-01A-11R-2315-07,kich,tumor,2.303958193
TCGA-KM-8443-01A-11R-2315-07,kich,tumor,2.786954612
TCGA-KM-8476-01A-11R-2315-07,kich,tumor,2.069938682
TCGA-KM-8477-01A-11R-2315-07,kich,tumor,2.567729872
TCGA-KM-8639-01A-11R-2403-07,kich,tumor,2.903906811
TCGA-KN-8418-01A-11R-2315-07,kich,tumor,2.978875814
TCGA-KN-8419-01A-11R-2315-07,kich,tumor,2.706396999
TCGA-KN-8421-01A-11R-2315-07,kich,tumor,2.894091278
TCGA-KN-8422-01A-11R-2315-07,kich,tumor,2.583009985
TCGA-KN-8423-01A-11R-2315-07,kich,tumor,2.140723183
TCGA-KN-8424-01A-11R-2315-07,kich,tumor,2.61686337
TCGA-KN-8425-01A-11R-2315-07,kich,tumor,1.795289171
TCGA-KN-8426-01A-11R-2315-07,kich,tumor,2.560870684
TCGA-KN-8427-01A-11R-2315-07,kich,tumor,2.736577914
TCGA-KN-8428-01A-11R-2315-07,kich,tumor,2.985621932
TCGA-KN-8429-01A-11R-2315-07,kich,tumor,2.336900117
TCGA-KN-8430-01A-11R-2315-07,kich,tumor,2.683078128
TCGA-KN-8431-01A-11R-2315-07,kich,tumor,2.876477872
TCGA-KN-8432-01A-11R-2315-07,kich,tumor,2.716423833
TCGA-KN-8433-01A-11R-2315-07,kich,tumor,2.34082348
TCGA-KN-8434-01A-11R-2315-07,kich,tumor,2.657004785
TCGA-KN-8435-01A-11R-2315-07,kich,tumor,2.299932277
TCGA-KN-8436-01A-11R-2315-07,kich,tumor,2.657293818
TCGA-KN-8437-01A-11R-2315-07,kich,tumor,2.300262675
TCGA-KO-8403-01A-11R-2315-07,kich,tumor,1.85068571
TCGA-KO-8404-01A-11R-2315-07,kich,tumor,1.170980889
TCGA-KO-8405-01A-11R-2315-07,kich,tumor,1.836041128
TCGA-KO-8406-01A-11R-2315-07,kich,tumor,2.436310851
TCGA-KO-8407-01A-11R-2315-07,kich,tumor,2.732634987
TCGA-KO-8408-01A-11R-2315-07,kich,tumor,2.723442375
TCGA-KO-8409-01A-11R-2315-07,kich,tumor,2.995711707
TCGA-KO-8410-01A-11R-2315-07,kich,tumor,2.444176096
TCGA-KO-8411-01A-11R-2315-07,kich,tumor,2.745210294
TCGA-KO-8413-01A-11R-2315-07,kich,tumor,2.494255924
TCGA-KO-8414-01A-11R-2315-07,kich,tumor,2.895339469
TCGA-KO-8415-01A-11R-2315-07,kich,tumor,2.664135466
TCGA-KO-8416-01A-11R-2315-07,kich,tumor,2.121303266
TCGA-KO-8417-01A-11R-2315-07,kich,tumor,2.937673416
TCGA-3Z-A93Z-01A-11R-A37O-07,kirc,tumor,2.913841549
TCGA-6D-AA2E-01A-11R-A37O-07,kirc,tumor,2.75911281
TCGA-A3-3306-01A-01R-0864-07,kirc,tumor,2.444407784
TCGA-A3-3307-01A-01R-0864-07,kirc,tumor,2.640524029
TCGA-A3-3308-01A-02R-1325-07,kirc,tumor,2.35686826
TCGA-A3-3311-01A-02R-1325-07,kirc,tumor,2.608295334
TCGA-A3-3313-01A-02R-1325-07,kirc,tumor,2.213867259
TCGA-A3-3316-01A-01R-0864-07,kirc,tumor,1.911137147
TCGA-A3-3317-01A-02R-1325-07,kirc,tumor,2.440876228
TCGA-A3-3319-01A-02R-1325-07,kirc,tumor,2.474232375
TCGA-A3-3320-01A-02R-1325-07,kirc,tumor,2.297414099
TCGA-A3-3322-01A-02R-1325-07,kirc,tumor,2.434356726
TCGA-A3-3323-01A-02R-1325-07,kirc,tumor,2.392373664
TCGA-A3-3324-01A-02R-1325-07,kirc,tumor,2.399576419
TCGA-A3-3325-01A-01R-0864-07,kirc,tumor,2.066812015
TCGA-A3-3326-01A-01R-0864-07,kirc,tumor,2.525304829
TCGA-A3-3328-01A-01R-0864-07,kirc,tumor,3.122853999
TCGA-A3-3329-01A-01R-0864-07,kirc,tumor,2.876179502
TCGA-A3-3331-01A-02R-1325-07,kirc,tumor,2.583835084
TCGA-A3-3335-01A-01R-0864-07,kirc,tumor,2.358688942
TCGA-A3-3343-01A-01R-0864-07,kirc,tumor,2.282900444
TCGA-A3-3346-01A-01R-1766-07,kirc,tumor,2.562179779
TCGA-A3-3347-01A-02R-1325-07,kirc,tumor,1.767560964
TCGA-A3-3349-01A-01R-1188-07,kirc,tumor,2.539096946
TCGA-A3-3351-01A-02R-1325-07,kirc,tumor,2.742986191
TCGA-A3-3352-01A-01R-0864-07,kirc,tumor,2.387079658
TCGA-A3-3357-01A-02R-1420-07,kirc,tumor,2.230666594
TCGA-A3-3358-01A-01R-1541-07,kirc,tumor,2.211840604
TCGA-A3-3359-01A-01R-0864-07,kirc,tumor,2.687531647
TCGA-A3-3362-01A-02R-1325-07,kirc,tumor,2.605435108
TCGA-A3-3363-01A-01R-0864-07,kirc,tumor,1.768919101
TCGA-A3-3365-01A-01R-0864-07,kirc,tumor,2.486227429
TCGA-A3-3367-01A-02R-1420-07,kirc,tumor,2.068680804
TCGA-A3-3370-01A-02R-1420-07,kirc,tumor,2.359609578
TCGA-A3-3372-01A-02R-1325-07,kirc,tumor,2.725185965
TCGA-A3-3373-01A-02R-1420-07,kirc,tumor,2.472467763
TCGA-A3-3374-01A-02R-1325-07,kirc,tumor,0.711136467
TCGA-A3-3376-01A-02R-1420-07,kirc,tumor,2.450508394
TCGA-A3-3378-01A-02R-1325-07,kirc,tumor,2.548716194
TCGA-A3-3380-01A-01R-0864-07,kirc,tumor,2.380974513
TCGA-A3-3382-01A-02R-1325-07,kirc,tumor,2.707006891
TCGA-A3-3383-01A-02R-1325-07,kirc,tumor,2.595558895
TCGA-A3-3385-01A-02R-1420-07,kirc,tumor,2.687224435
TCGA-A3-3387-01A-01R-1541-07,kirc,tumor,2.226641887
TCGA-A3-A6NI-01A-11R-A33J-07,kirc,tumor,2.356728359
TCGA-A3-A6NJ-01A-12R-A33J-07,kirc,tumor,2.208193223
TCGA-A3-A6NL-01A-11R-A33J-07,kirc,tumor,2.479796767
TCGA-A3-A6NN-01A-12R-A33J-07,kirc,tumor,2.43192159
TCGA-A3-A8CQ-01A-11R-A37O-07,kirc,tumor,2.565695672
TCGA-A3-A8OU-01A-11R-A37O-07,kirc,tumor,2.593451596
TCGA-A3-A8OV-01A-11R-A37O-07,kirc,tumor,2.479203951
TCGA-A3-A8OW-01A-11R-A37O-07,kirc,tumor,2.905129968
TCGA-A3-A8OX-01A-11R-A37O-07,kirc,tumor,2.705679504
TCGA-AK-3425-01A-02R-1277-07,kirc,tumor,2.130389297
TCGA-AK-3426-01A-02R-1325-07,kirc,tumor,1.985177179
TCGA-AK-3427-01A-01R-0864-07,kirc,tumor,2.507781394
TCGA-AK-3428-01A-02R-1277-07,kirc,tumor,2.975782819
TCGA-AK-3429-01A-02R-1325-07,kirc,tumor,2.414750431
TCGA-AK-3431-01A-02R-1277-07,kirc,tumor,2.429563916
TCGA-AK-3433-01A-02R-1277-07,kirc,tumor,2.536676212
TCGA-AK-3434-01A-02R-1277-07,kirc,tumor,2.674755758
TCGA-AK-3436-01A-02R-1325-07,kirc,tumor,2.399379304
TCGA-AK-3440-01A-02R-1277-07,kirc,tumor,2.973828626
TCGA-AK-3443-01A-02R-1325-07,kirc,tumor,2.991196076
TCGA-AK-3444-01A-02R-1325-07,kirc,tumor,2.746310545
TCGA-AK-3445-01A-02R-1277-07,kirc,tumor,2.604823509
TCGA-AK-3447-01A-01R-1766-07,kirc,tumor,2.79423962
TCGA-AK-3450-01A-02R-1277-07,kirc,tumor,2.91147118
TCGA-AK-3451-01A-02R-1188-07,kirc,tumor,2.499555634
TCGA-AK-3453-01A-02R-1277-07,kirc,tumor,2.633752965
TCGA-AK-3454-01A-02R-1277-07,kirc,tumor,2.672427109
TCGA-AK-3455-01A-01R-0864-07,kirc,tumor,2.120535788
TCGA-AK-3456-01A-02R-1325-07,kirc,tumor,2.08286415
TCGA-AK-3458-01A-01R-1503-07,kirc,tumor,2.834723987
TCGA-AK-3460-01A-02R-1277-07,kirc,tumor,2.403611977
TCGA-AK-3461-01A-02R-1277-07,kirc,tumor,2.610225152
TCGA-AK-3465-01A-02R-1325-07,kirc,tumor,2.831528244
TCGA-AS-3777-01A-01R-0864-07,kirc,tumor,2.710018628
TCGA-AS-3778-01A-01R-A32Z-07,kirc,tumor,2.481641568
TCGA-B0-4688-01A-01R-1277-07,kirc,tumor,2.270331566
TCGA-B0-4690-01A-01R-1277-07,kirc,tumor,2.624331447
TCGA-B0-4691-01A-01R-1277-07,kirc,tumor,2.823221981
TCGA-B0-4693-01A-01R-1277-07,kirc,tumor,2.637039077
TCGA-B0-4694-01A-01R-1277-07,kirc,tumor,1.918845217
TCGA-B0-4696-01A-01R-1277-07,kirc,tumor,1.818414319
TCGA-B0-4697-01A-01R-1277-07,kirc,tumor,2.513779739
TCGA-B0-4698-01A-01R-1503-07,kirc,tumor,2.084027057
TCGA-B0-4699-01A-01R-1277-07,kirc,tumor,2.486938225
TCGA-B0-4700-01A-02R-1541-07,kirc,tumor,2.610882579
TCGA-B0-4701-01A-01R-1277-07,kirc,tumor,2.719507535
TCGA-B0-4703-01A-01R-1277-07,kirc,tumor,2.584406301
TCGA-B0-4706-01A-01R-1503-07,kirc,tumor,2.701861105
TCGA-B0-4707-01A-01R-1277-07,kirc,tumor,2.538879799
TCGA-B0-4710-01A-01R-1503-07,kirc,tumor,2.963399479
TCGA-B0-4712-01A-01R-1503-07,kirc,tumor,2.178974001
TCGA-B0-4713-01A-01R-1277-07,kirc,tumor,2.926577801
TCGA-B0-4714-01A-01R-1277-07,kirc,tumor,2.075052529
TCGA-B0-4718-01A-01R-1277-07,kirc,tumor,2.859277975
TCGA-B0-4810-01A-01R-1503-07,kirc,tumor,2.62590222
TCGA-B0-4811-01A-01R-1503-07,kirc,tumor,2.781109381
TCGA-B0-4813-01A-01R-1277-07,kirc,tumor,2.177854889
TCGA-B0-4814-01A-01R-1277-07,kirc,tumor,2.585365345
TCGA-B0-4815-01A-01R-1503-07,kirc,tumor,2.135141305
TCGA-B0-4816-01A-01R-1503-07,kirc,tumor,2.516618861
TCGA-B0-4817-01A-01R-1277-07,kirc,tumor,2.199800705
TCGA-B0-4818-01A-01R-1503-07,kirc,tumor,2.854359971
TCGA-B0-4819-01A-01R-1277-07,kirc,tumor,2.517299521
TCGA-B0-4821-01A-01R-1503-07,kirc,tumor,2.421918406
TCGA-B0-4822-01A-01R-1277-07,kirc,tumor,2.418142596
TCGA-B0-4823-01A-02R-1420-07,kirc,tumor,2.215780871
TCGA-B0-4824-01A-01R-1277-07,kirc,tumor,2.278461101
TCGA-B0-4827-01A-02R-1420-07,kirc,tumor,2.523964984
TCGA-B0-4828-01A-01R-1277-07,kirc,tumor,2.842337714
TCGA-B0-4833-01A-01R-1305-07,kirc,tumor,2.717774197
TCGA-B0-4834-01A-01R-1305-07,kirc,tumor,2.891538313
TCGA-B0-4836-01A-01R-1305-07,kirc,tumor,2.591308732
TCGA-B0-4837-01A-01R-1305-07,kirc,tumor,2.079922588
TCGA-B0-4838-01A-01R-1305-07,kirc,tumor,2.300647429
TCGA-B0-4839-01A-01R-1305-07,kirc,tumor,2.532987238
TCGA-B0-4841-01A-01R-1277-07,kirc,tumor,2.404452087
TCGA-B0-4842-01A-02R-1420-07,kirc,tumor,2.679626881
TCGA-B0-4843-01A-01R-1277-07,kirc,tumor,2.414280398
TCGA-B0-4844-01A-01R-1277-07,kirc,tumor,2.706532985
TCGA-B0-4845-01A-01R-1277-07,kirc,tumor,2.21796819
TCGA-B0-4846-01A-01R-1277-07,kirc,tumor,2.584539224
TCGA-B0-4847-01A-01R-1277-07,kirc,tumor,2.44010531
TCGA-B0-4848-01A-01R-1277-07,kirc,tumor,2.502542869
TCGA-B0-4849-01A-01R-1277-07,kirc,tumor,2.727209296
TCGA-B0-4852-01A-01R-1503-07,kirc,tumor,2.617916603
TCGA-B0-4945-01A-01R-1420-07,kirc,tumor,2.956263203
TCGA-B0-5075-01A-01R-1334-07,kirc,tumor,1.682650742
TCGA-B0-5077-01A-01R-1334-07,kirc,tumor,2.441594754
TCGA-B0-5080-01A-01R-1503-07,kirc,tumor,2.759530344
TCGA-B0-5081-01A-01R-1334-07,kirc,tumor,2.536807726
TCGA-B0-5083-01A-02R-1420-07,kirc,tumor,1.76999697
TCGA-B0-5084-01A-01R-1334-07,kirc,tumor,2.552430978
TCGA-B0-5085-01A-01R-1334-07,kirc,tumor,2.722816299
TCGA-B0-5088-01A-01R-1334-07,kirc,tumor,2.110673546
TCGA-B0-5092-01A-01R-1420-07,kirc,tumor,1.804266743
TCGA-B0-5094-01A-01R-1420-07,kirc,tumor,3.110740998
TCGA-B0-5095-01A-01R-1420-07,kirc,tumor,2.583657347
TCGA-B0-5096-01A-01R-1420-07,kirc,tumor,2.295268604
TCGA-B0-5097-01A-01R-1420-07,kirc,tumor,1.594769118
TCGA-B0-5098-01A-01R-1420-07,kirc,tumor,2.605049419
TCGA-B0-5099-01A-01R-1420-07,kirc,tumor,2.283421492
TCGA-B0-5100-01A-01R-1420-07,kirc,tumor,2.431761788
TCGA-B0-5102-01A-01R-1420-07,kirc,tumor,2.275939833
TCGA-B0-5104-01A-01R-1420-07,kirc,tumor,2.653266902
TCGA-B0-5106-01A-01R-1420-07,kirc,tumor,2.739779352
TCGA-B0-5107-01A-01R-1420-07,kirc,tumor,2.030235421
TCGA-B0-5108-01A-01R-1420-07,kirc,tumor,1.688906005
TCGA-B0-5109-01A-02R-1420-07,kirc,tumor,3.007269392
TCGA-B0-5110-01A-01R-1420-07,kirc,tumor,2.500706111
TCGA-B0-5113-01A-01R-1420-07,kirc,tumor,2.286006263
TCGA-B0-5115-01A-01R-1420-07,kirc,tumor,2.748089295
TCGA-B0-5116-01A-02R-1420-07,kirc,tumor,2.766222315
TCGA-B0-5117-01A-01R-1420-07,kirc,tumor,2.694006634
TCGA-B0-5119-01A-02R-1420-07,kirc,tumor,2.89047329
TCGA-B0-5120-01A-01R-1420-07,kirc,tumor,2.501071758
TCGA-B0-5121-01A-02R-1420-07,kirc,tumor,3.00519127
TCGA-B0-5399-01A-01R-1503-07,kirc,tumor,2.560184817
TCGA-B0-5400-01A-01R-1503-07,kirc,tumor,2.739636309
TCGA-B0-5402-01A-01R-1503-07,kirc,tumor,2.481092268
TCGA-B0-5690-01A-11R-1541-07,kirc,tumor,2.667694553
TCGA-B0-5691-01A-11R-1541-07,kirc,tumor,2.551075819
TCGA-B0-5692-01A-11R-1541-07,kirc,tumor,2.100860966
TCGA-B0-5693-01A-11R-1541-07,kirc,tumor,2.541715208
TCGA-B0-5694-01A-11R-1541-07,kirc,tumor,2.375743824
TCGA-B0-5695-01A-11R-1541-07,kirc,tumor,2.983413438
TCGA-B0-5696-01A-11R-1541-07,kirc,tumor,2.779568254
TCGA-B0-5697-01A-11R-1541-07,kirc,tumor,2.550433685
TCGA-B0-5698-01A-11R-1672-07,kirc,tumor,2.557070206
TCGA-B0-5699-01A-11R-1541-07,kirc,tumor,2.67089874
TCGA-B0-5700-01A-11R-1541-07,kirc,tumor,2.874084059
TCGA-B0-5701-01A-11R-1541-07,kirc,tumor,2.401523421
TCGA-B0-5702-01A-11R-1541-07,kirc,tumor,2.852506266
TCGA-B0-5703-01A-11R-1541-07,kirc,tumor,2.583300893
TCGA-B0-5705-01A-11R-1541-07,kirc,tumor,2.813343286
TCGA-B0-5706-01A-11R-1541-07,kirc,tumor,2.497280209
TCGA-B0-5707-01A-11R-1541-07,kirc,tumor,1.790741972
TCGA-B0-5709-01A-11R-1541-07,kirc,tumor,2.558682631
TCGA-B0-5710-01A-11R-1672-07,kirc,tumor,2.446671428
TCGA-B0-5711-01A-11R-1672-07,kirc,tumor,2.803911399
TCGA-B0-5712-01A-11R-1672-07,kirc,tumor,2.570537045
TCGA-B0-5713-01A-11R-1672-07,kirc,tumor,2.932530763
TCGA-B0-5812-01A-11R-1672-07,kirc,tumor,2.765360734
TCGA-B2-3923-01A-02R-1325-07,kirc,tumor,2.680820953
TCGA-B2-3924-01A-02R-1325-07,kirc,tumor,2.215419054
TCGA-B2-4098-01A-02R-1325-07,kirc,tumor,2.092424477
TCGA-B2-4099-01A-02R-1188-07,kirc,tumor,2.399066384
TCGA-B2-4101-01A-02R-1277-07,kirc,tumor,2.696312345
TCGA-B2-4102-01A-02R-1325-07,kirc,tumor,2.640726296
TCGA-B2-5633-01A-01R-1541-07,kirc,tumor,2.301682647
TCGA-B2-5635-01A-01R-1541-07,kirc,tumor,2.687505377
TCGA-B2-5636-01A-02R-1541-07,kirc,tumor,2.333592903
TCGA-B2-5639-01A-01R-1541-07,kirc,tumor,2.652358627
TCGA-B2-5641-01A-01R-1541-07,kirc,tumor,2.112188164
TCGA-B2-A4SR-01A-11R-A266-07,kirc,tumor,2.599382613
TCGA-B4-5377-01A-01R-1503-07,kirc,tumor,2.392809885
TCGA-B4-5378-01A-01R-1503-07,kirc,tumor,2.873257573
TCGA-B4-5832-01A-11R-1672-07,kirc,tumor,2.234797449
TCGA-B4-5834-01A-11R-1672-07,kirc,tumor,2.604264955
TCGA-B4-5835-01A-11R-1672-07,kirc,tumor,2.461892917
TCGA-B4-5836-01A-11R-1672-07,kirc,tumor,2.708763873
TCGA-B4-5838-01A-11R-1672-07,kirc,tumor,2.725727912
TCGA-B4-5843-01A-11R-1672-07,kirc,tumor,2.377468545
TCGA-B4-5844-01A-11R-1672-07,kirc,tumor,2.627426883
TCGA-B8-4143-01A-01R-1188-07,kirc,tumor,2.19989124
TCGA-B8-4146-01B-11R-1672-07,kirc,tumor,2.352264243
TCGA-B8-4148-01A-02R-1325-07,kirc,tumor,2.314593355
TCGA-B8-4151-01A-01R-1188-07,kirc,tumor,2.6539836
TCGA-B8-4153-01B-11R-1672-07,kirc,tumor,2.7753544
TCGA-B8-4154-01A-01R-1188-07,kirc,tumor,2.755982006
TCGA-B8-4619-01A-02R-1325-07,kirc,tumor,2.472731157
TCGA-B8-4620-01A-02R-1325-07,kirc,tumor,2.72348541
TCGA-B8-4621-01A-01R-1503-07,kirc,tumor,2.232866649
TCGA-B8-4622-01A-02R-1277-07,kirc,tumor,2.535683198
TCGA-B8-5158-01A-01R-1420-07,kirc,tumor,2.766209198
TCGA-B8-5159-01A-01R-1420-07,kirc,tumor,2.74761021
TCGA-B8-5162-01A-01R-1420-07,kirc,tumor,2.375911031
TCGA-B8-5163-01A-01R-1420-07,kirc,tumor,2.508037234
TCGA-B8-5164-01A-01R-1420-07,kirc,tumor,2.299436394
TCGA-B8-5165-01A-01R-1420-07,kirc,tumor,2.356096526
TCGA-B8-5545-01A-01R-1672-07,kirc,tumor,1.927588129
TCGA-B8-5546-01A-01R-1541-07,kirc,tumor,2.750905511
TCGA-B8-5549-01A-01R-1541-07,kirc,tumor,2.70988728
TCGA-B8-5550-01A-01R-1541-07,kirc,tumor,1.944662983
TCGA-B8-5551-01A-01R-1541-07,kirc,tumor,2.431466048
TCGA-B8-5552-01B-11R-1672-07,kirc,tumor,2.058989859
TCGA-B8-5553-01A-01R-1541-07,kirc,tumor,2.381702127
TCGA-B8-A54D-01A-21R-A266-07,kirc,tumor,2.313220105
TCGA-B8-A54E-01A-11R-A266-07,kirc,tumor,2.40862223
TCGA-B8-A54F-01A-11R-A266-07,kirc,tumor,2.11900222
TCGA-B8-A54G-01A-11R-A266-07,kirc,tumor,2.464854576
TCGA-B8-A54H-01A-11R-A33J-07,kirc,tumor,2.582195805
TCGA-B8-A54I-01A-21R-A33J-07,kirc,tumor,2.547268362
TCGA-B8-A54J-01A-11R-A33J-07,kirc,tumor,2.829038674
TCGA-B8-A54K-01A-11R-A33J-07,kirc,tumor,2.445812731
TCGA-B8-A7U6-01A-12R-A37O-07,kirc,tumor,2.820741614
TCGA-B8-A8YJ-01A-13R-A39I-07,kirc,tumor,2.621495629
TCGA-BP-4158-01A-02R-1289-07,kirc,tumor,2.605968046
TCGA-BP-4159-01A-02R-1289-07,kirc,tumor,2.41077358
TCGA-BP-4160-01A-02R-1289-07,kirc,tumor,2.553327986
TCGA-BP-4161-01A-02R-1325-07,kirc,tumor,2.552702643
TCGA-BP-4162-01A-02R-1325-07,kirc,tumor,2.557933657
TCGA-BP-4163-01A-02R-1325-07,kirc,tumor,2.514930794
TCGA-BP-4164-01A-02R-1325-07,kirc,tumor,2.792679851
TCGA-BP-4165-01A-02R-1289-07,kirc,tumor,2.799947488
TCGA-BP-4166-01A-02R-1289-07,kirc,tumor,2.562492543
TCGA-BP-4167-01A-02R-1325-07,kirc,tumor,2.313434134
TCGA-BP-4169-01A-02R-1289-07,kirc,tumor,2.654500144
TCGA-BP-4170-01A-02R-1289-07,kirc,tumor,2.546185742
TCGA-BP-4173-01A-02R-1289-07,kirc,tumor,2.183438838
TCGA-BP-4174-01A-02R-1289-07,kirc,tumor,2.401977944
TCGA-BP-4176-01A-02R-1289-07,kirc,tumor,2.408312684
TCGA-BP-4177-01A-02R-1420-07,kirc,tumor,2.462061855
TCGA-BP-4325-01A-02R-1289-07,kirc,tumor,2.190515123
TCGA-BP-4326-01A-01R-1289-07,kirc,tumor,2.332048649
TCGA-BP-4327-01A-01R-1289-07,kirc,tumor,2.559150233
TCGA-BP-4329-01A-02R-1289-07,kirc,tumor,2.293551827
TCGA-BP-4330-01A-01R-1289-07,kirc,tumor,2.696692347
TCGA-BP-4331-01A-01R-1289-07,kirc,tumor,2.55673561
TCGA-BP-4332-01A-01R-1289-07,kirc,tumor,1.915227553
TCGA-BP-4334-01A-01R-1289-07,kirc,tumor,2.659866664
TCGA-BP-4335-01A-01R-1289-07,kirc,tumor,2.711514555
TCGA-BP-4337-01A-01R-1289-07,kirc,tumor,2.590026521
TCGA-BP-4338-01A-01R-1289-07,kirc,tumor,1.895337589
TCGA-BP-4340-01A-01R-1289-07,kirc,tumor,2.770088442
TCGA-BP-4341-01A-01R-1289-07,kirc,tumor,2.826153455
TCGA-BP-4342-01A-01R-1289-07,kirc,tumor,2.685416837
TCGA-BP-4343-01A-02R-1289-07,kirc,tumor,2.16255077
TCGA-BP-4344-01A-01R-1289-07,kirc,tumor,2.137536165
TCGA-BP-4345-01A-01R-1289-07,kirc,tumor,1.726479031
TCGA-BP-4346-01A-01R-1289-07,kirc,tumor,1.998340797
TCGA-BP-4347-01A-01R-1289-07,kirc,tumor,2.801286782
TCGA-BP-4349-01A-01R-1289-07,kirc,tumor,2.537295374
TCGA-BP-4351-01A-01R-1289-07,kirc,tumor,2.813601955
TCGA-BP-4352-01A-01R-1289-07,kirc,tumor,2.772934589
TCGA-BP-4353-01A-02R-1289-07,kirc,tumor,2.021461341
TCGA-BP-4354-01A-02R-1289-07,kirc,tumor,2.151677524
TCGA-BP-4355-01A-01R-1289-07,kirc,tumor,2.743010431
TCGA-BP-4756-01A-01R-1289-07,kirc,tumor,2.255246208
TCGA-BP-4758-01A-01R-1289-07,kirc,tumor,2.464998893
TCGA-BP-4759-01A-01R-1289-07,kirc,tumor,2.792499688
TCGA-BP-4760-01A-02R-1420-07,kirc,tumor,1.86607268
TCGA-BP-4761-01A-01R-1289-07,kirc,tumor,2.444589201
TCGA-BP-4762-01A-02R-1289-07,kirc,tumor,2.425514689
TCGA-BP-4763-01A-01R-1289-07,kirc,tumor,2.42463466
TCGA-BP-4765-01A-01R-1289-07,kirc,tumor,2.335887082
TCGA-BP-4766-01A-01R-1289-07,kirc,tumor,2.618073925
TCGA-BP-4768-01A-01R-1289-07,kirc,tumor,2.973058133
TCGA-BP-4769-01A-01R-1289-07,kirc,tumor,2.80488963
TCGA-BP-4770-01A-01R-1503-07,kirc,tumor,1.7379233
TCGA-BP-4771-01A-01R-1289-07,kirc,tumor,1.818335323
TCGA-BP-4774-01A-01R-1289-07,kirc,tumor,2.778178584
TCGA-BP-4775-01A-01R-1289-07,kirc,tumor,2.341681711
TCGA-BP-4776-01A-01R-1289-07,kirc,tumor,2.935414977
TCGA-BP-4777-01A-01R-1289-07,kirc,tumor,2.442891788
TCGA-BP-4781-01A-01R-1305-07,kirc,tumor,2.164825647
TCGA-BP-4782-01A-02R-1420-07,kirc,tumor,2.563154907
TCGA-BP-4784-01A-01R-1305-07,kirc,tumor,2.298895698
TCGA-BP-4787-01A-01R-1305-07,kirc,tumor,2.098902893
TCGA-BP-4789-01A-01R-1305-07,kirc,tumor,2.527423269
TCGA-BP-4790-01A-01R-1305-07,kirc,tumor,2.263007323
TCGA-BP-4795-01A-02R-1420-07,kirc,tumor,2.432009554
TCGA-BP-4797-01A-01R-1305-07,kirc,tumor,2.481836979
TCGA-BP-4798-01A-01R-1305-07,kirc,tumor,2.396483989
TCGA-BP-4799-01A-01R-1305-07,kirc,tumor,2.62718667
TCGA-BP-4801-01A-02R-1420-07,kirc,tumor,2.044390665
TCGA-BP-4803-01A-01R-1305-07,kirc,tumor,2.337627919
TCGA-BP-4804-01A-02R-1305-07,kirc,tumor,2.145891766
TCGA-BP-4807-01A-01R-1305-07,kirc,tumor,1.86312405
TCGA-BP-4959-01A-01R-1334-07,kirc,tumor,2.206755767
TCGA-BP-4960-01A-01R-1334-07,kirc,tumor,2.390900555
TCGA-BP-4961-01A-01R-1334-07,kirc,tumor,2.522687454
TCGA-BP-4962-01A-01R-1334-07,kirc,tumor,2.320272463
TCGA-BP-4963-01A-01R-1334-07,kirc,tumor,2.094261386
TCGA-BP-4964-01A-01R-1334-07,kirc,tumor,2.493171471
TCGA-BP-4965-01A-01R-1334-07,kirc,tumor,2.311572949
TCGA-BP-4967-01A-01R-1334-07,kirc,tumor,2.618910772
TCGA-BP-4968-01A-01R-1334-07,kirc,tumor,2.583475694
TCGA-BP-4969-01A-01R-1334-07,kirc,tumor,2.652299347
TCGA-BP-4970-01A-01R-1334-07,kirc,tumor,2.463303129
TCGA-BP-4971-01A-01R-1334-07,kirc,tumor,2.267891688
TCGA-BP-4972-01A-01R-1334-07,kirc,tumor,1.97977824
TCGA-BP-4973-01A-01R-1334-07,kirc,tumor,2.322976634
TCGA-BP-4974-01A-01R-1334-07,kirc,tumor,2.279345034
TCGA-BP-4975-01A-01R-1334-07,kirc,tumor,2.604243879
TCGA-BP-4976-01A-01R-1334-07,kirc,tumor,2.520870455
TCGA-BP-4977-01A-01R-1334-07,kirc,tumor,2.305477269
TCGA-BP-4981-01A-01R-1334-07,kirc,tumor,2.665393155
TCGA-BP-4982-01A-01R-1334-07,kirc,tumor,2.449282235
TCGA-BP-4983-01A-01R-1334-07,kirc,tumor,2.362585126
TCGA-BP-4985-01A-01R-1334-07,kirc,tumor,2.301692894
TCGA-BP-4986-01A-01R-1334-07,kirc,tumor,2.175663832
TCGA-BP-4987-01A-01R-1334-07,kirc,tumor,2.816851453
TCGA-BP-4988-01A-01R-1334-07,kirc,tumor,2.120665787
TCGA-BP-4989-01A-01R-1334-07,kirc,tumor,2.186944722
TCGA-BP-4991-01A-01R-1334-07,kirc,tumor,2.539871441
TCGA-BP-4992-01A-01R-1334-07,kirc,tumor,2.281195382
TCGA-BP-4993-01A-02R-1420-07,kirc,tumor,2.943641882
TCGA-BP-4994-01A-01R-1334-07,kirc,tumor,2.83837543
TCGA-BP-4995-01A-01R-1334-07,kirc,tumor,2.842529397
TCGA-BP-4998-01A-01R-1334-07,kirc,tumor,2.347870802
TCGA-BP-4999-01A-01R-1334-07,kirc,tumor,2.260774407
TCGA-BP-5000-01A-01R-1334-07,kirc,tumor,2.569692537
TCGA-BP-5001-01A-01R-1334-07,kirc,tumor,2.775646902
TCGA-BP-5004-01A-01R-1334-07,kirc,tumor,1.832533625
TCGA-BP-5006-01A-01R-1334-07,kirc,tumor,2.035880718
TCGA-BP-5007-01A-01R-1334-07,kirc,tumor,2.664688401
TCGA-BP-5008-01A-01R-1334-07,kirc,tumor,2.398887496
TCGA-BP-5009-01A-01R-1334-07,kirc,tumor,2.622419552
TCGA-BP-5010-01A-02R-1420-07,kirc,tumor,2.293241626
TCGA-BP-5168-01A-01R-1420-07,kirc,tumor,2.777786846
TCGA-BP-5169-01A-01R-1426-07,kirc,tumor,2.886184373
TCGA-BP-5170-01A-01R-1426-07,kirc,tumor,2.43935164
TCGA-BP-5173-01A-01R-1426-07,kirc,tumor,2.618768779
TCGA-BP-5174-01A-01R-1426-07,kirc,tumor,2.78837127
TCGA-BP-5175-01A-01R-1426-07,kirc,tumor,2.919131417
TCGA-BP-5176-01A-01R-1426-07,kirc,tumor,2.616601198
TCGA-BP-5177-01A-01R-1426-07,kirc,tumor,2.862222475
TCGA-BP-5178-01A-01R-1426-07,kirc,tumor,2.373499434
TCGA-BP-5180-01A-01R-1426-07,kirc,tumor,2.442500112
TCGA-BP-5181-01A-01R-1426-07,kirc,tumor,2.311251125
TCGA-BP-5182-01A-01R-1426-07,kirc,tumor,2.079529545
TCGA-BP-5183-01A-01R-1426-07,kirc,tumor,2.506796543
TCGA-BP-5184-01A-01R-1426-07,kirc,tumor,2.662190037
TCGA-BP-5185-01A-01R-1426-07,kirc,tumor,2.818966114
TCGA-BP-5186-01A-01R-1426-07,kirc,tumor,2.854295939
TCGA-BP-5187-01A-01R-1426-07,kirc,tumor,2.649877453
TCGA-BP-5189-01A-02R-1426-07,kirc,tumor,2.599681914
TCGA-BP-5190-01A-01R-1426-07,kirc,tumor,2.734848706
TCGA-BP-5191-01A-01R-1426-07,kirc,tumor,2.552188061
TCGA-BP-5192-01A-01R-1426-07,kirc,tumor,2.651836502
TCGA-BP-5194-01A-02R-1426-07,kirc,tumor,2.367924877
TCGA-BP-5195-01A-02R-1426-07,kirc,tumor,2.505893967
TCGA-BP-5196-01A-01R-1426-07,kirc,tumor,2.353189961
TCGA-BP-5198-01A-01R-1426-07,kirc,tumor,1.804512389
TCGA-BP-5199-01A-01R-1426-07,kirc,tumor,2.116084596
TCGA-BP-5200-01A-01R-1426-07,kirc,tumor,2.709993444
TCGA-BP-5201-01A-01R-1426-07,kirc,tumor,2.281573643
TCGA-BP-5202-01A-02R-1426-07,kirc,tumor,2.647799767
TCGA-CJ-4634-01A-02R-1325-07,kirc,tumor,2.357489227
TCGA-CJ-4635-01A-02R-1305-07,kirc,tumor,2.625919809
TCGA-CJ-4636-01A-02R-1325-07,kirc,tumor,1.929185668
TCGA-CJ-4637-01A-02R-1325-07,kirc,tumor,2.29722941
TCGA-CJ-4638-01A-02R-1325-07,kirc,tumor,2.883226283
TCGA-CJ-4639-01A-02R-1325-07,kirc,tumor,2.504783284
TCGA-CJ-4640-01A-02R-1325-07,kirc,tumor,2.483450526
TCGA-CJ-4641-01A-02R-1325-07,kirc,tumor,2.509947905
TCGA-CJ-4642-01B-01R-1305-07,kirc,tumor,2.663659739
TCGA-CJ-4643-01A-02R-1325-07,kirc,tumor,2.503443483
TCGA-CJ-4644-01A-02R-1325-07,kirc,tumor,2.543510015
TCGA-CJ-4868-01A-01R-1305-07,kirc,tumor,2.123122345
TCGA-CJ-4869-01A-02R-1426-07,kirc,tumor,2.278311311
TCGA-CJ-4870-01A-01R-1305-07,kirc,tumor,2.579477218
TCGA-CJ-4871-01A-01R-1305-07,kirc,tumor,2.618257437
TCGA-CJ-4872-01A-01R-1305-07,kirc,tumor,2.571086707
TCGA-CJ-4873-01A-01R-1305-07,kirc,tumor,2.267843495
TCGA-CJ-4874-01A-01R-1305-07,kirc,tumor,2.381321315
TCGA-CJ-4875-01A-01R-1305-07,kirc,tumor,2.004819011
TCGA-CJ-4876-01A-01R-1305-07,kirc,tumor,2.397553635
TCGA-CJ-4878-01A-01R-1305-07,kirc,tumor,2.350501471
TCGA-CJ-4881-01A-01R-1305-07,kirc,tumor,2.601352666
TCGA-CJ-4882-01A-02R-1426-07,kirc,tumor,2.756730255
TCGA-CJ-4884-01A-01R-1305-07,kirc,tumor,2.490589553
TCGA-CJ-4885-01A-01R-1305-07,kirc,tumor,2.678374342
TCGA-CJ-4886-01A-01R-1305-07,kirc,tumor,2.356341286
TCGA-CJ-4887-01A-01R-1305-07,kirc,tumor,2.345772563
TCGA-CJ-4888-01A-01R-1305-07,kirc,tumor,2.511488748
TCGA-CJ-4889-01A-01R-1305-07,kirc,tumor,2.550581661
TCGA-CJ-4890-01A-01R-1305-07,kirc,tumor,2.402360287
TCGA-CJ-4891-01A-01R-1305-07,kirc,tumor,2.386439277
TCGA-CJ-4892-01A-01R-1305-07,kirc,tumor,1.984788386
TCGA-CJ-4893-01A-01R-1305-07,kirc,tumor,2.594784075
TCGA-CJ-4894-01A-01R-1305-07,kirc,tumor,2.220328812
TCGA-CJ-4895-01A-01R-1305-07,kirc,tumor,2.119496971
TCGA-CJ-4897-01A-03R-1426-07,kirc,tumor,2.866138565
TCGA-CJ-4899-01A-01R-1334-07,kirc,tumor,2.168195587
TCGA-CJ-4900-01A-01R-1334-07,kirc,tumor,2.451584096
TCGA-CJ-4901-01A-01R-1426-07,kirc,tumor,2.424711146
TCGA-CJ-4902-01A-01R-1426-07,kirc,tumor,2.616958258
TCGA-CJ-4903-01A-01R-1426-07,kirc,tumor,2.517252742
TCGA-CJ-4904-01A-02R-1426-07,kirc,tumor,2.609403536
TCGA-CJ-4905-01A-02R-1426-07,kirc,tumor,2.478904466
TCGA-CJ-4907-01A-01R-1426-07,kirc,tumor,2.535894744
TCGA-CJ-4908-01A-01R-1426-07,kirc,tumor,2.770539577
TCGA-CJ-4912-01A-01R-1426-07,kirc,tumor,2.67539958
TCGA-CJ-4916-01A-01R-1426-07,kirc,tumor,2.000643914
TCGA-CJ-4918-01A-01R-1426-07,kirc,tumor,2.326499166
TCGA-CJ-4920-01A-01R-1426-07,kirc,tumor,2.12547177
TCGA-CJ-4923-01A-01R-1426-07,kirc,tumor,2.442714042
TCGA-CJ-5671-01A-11R-1541-07,kirc,tumor,2.073155587
TCGA-CJ-5672-01A-11R-1541-07,kirc,tumor,2.19852163
TCGA-CJ-5675-01A-11R-1541-07,kirc,tumor,2.004394477
TCGA-CJ-5676-01A-11R-1541-07,kirc,tumor,2.695306433
TCGA-CJ-5677-01A-11R-1541-07,kirc,tumor,1.856261205
TCGA-CJ-5678-01A-11R-1541-07,kirc,tumor,2.606649691
TCGA-CJ-5679-01A-11R-1541-07,kirc,tumor,1.736751175
TCGA-CJ-5680-01A-11R-1541-07,kirc,tumor,2.509518166
TCGA-CJ-5681-01A-11R-1541-07,kirc,tumor,2.406845047
TCGA-CJ-5682-01A-11R-1541-07,kirc,tumor,2.744540473
TCGA-CJ-5683-01A-11R-1541-07,kirc,tumor,2.739203226
TCGA-CJ-5684-01A-11R-1541-07,kirc,tumor,2.42975901
TCGA-CJ-5686-01A-11R-1672-07,kirc,tumor,2.521116552
TCGA-CJ-5689-01A-11R-1541-07,kirc,tumor,3.026479832
TCGA-CJ-6027-01A-11R-1672-07,kirc,tumor,2.348823633
TCGA-CJ-6028-01A-11R-1672-07,kirc,tumor,2.721733824
TCGA-CJ-6030-01A-11R-1672-07,kirc,tumor,2.045734334
TCGA-CJ-6031-01A-11R-1672-07,kirc,tumor,2.272519472
TCGA-CJ-6032-01A-11R-1672-07,kirc,tumor,2.544402837
TCGA-CJ-6033-01A-11R-1672-07,kirc,tumor,2.402653664
TCGA-CW-5580-01A-01R-1672-07,kirc,tumor,1.952876303
TCGA-CW-5581-01A-02R-1541-07,kirc,tumor,2.561579214
TCGA-CW-5583-01A-02R-1541-07,kirc,tumor,2.978103801
TCGA-CW-5584-01A-01R-1541-07,kirc,tumor,2.46537702
TCGA-CW-5585-01A-01R-1541-07,kirc,tumor,2.815998423
TCGA-CW-5587-01A-01R-1541-07,kirc,tumor,2.315211813
TCGA-CW-5588-01A-01R-1541-07,kirc,tumor,2.025785043
TCGA-CW-5589-01A-01R-1541-07,kirc,tumor,2.271217672
TCGA-CW-5590-01A-01R-1541-07,kirc,tumor,2.410227253
TCGA-CW-5591-01A-01R-1541-07,kirc,tumor,2.360636761
TCGA-CW-6087-01A-11R-1672-07,kirc,tumor,2.287647784
TCGA-CW-6088-01A-11R-1672-07,kirc,tumor,2.305172138
TCGA-CW-6090-01A-11R-1672-07,kirc,tumor,2.252960983
TCGA-CW-6093-01A-11R-1672-07,kirc,tumor,2.615838563
TCGA-CW-6097-01A-11R-1672-07,kirc,tumor,2.187387558
TCGA-CZ-4853-01A-01R-1426-07,kirc,tumor,2.530254318
TCGA-CZ-4854-01A-01R-1305-07,kirc,tumor,2.318580267
TCGA-CZ-4856-01A-02R-1426-07,kirc,tumor,2.814457014
TCGA-CZ-4857-01A-01R-1305-07,kirc,tumor,2.50759266
TCGA-CZ-4858-01A-01R-1305-07,kirc,tumor,2.750069668
TCGA-CZ-4859-01A-02R-1426-07,kirc,tumor,2.866654655
TCGA-CZ-4860-01A-01R-1305-07,kirc,tumor,2.108819978
TCGA-CZ-4861-01A-01R-1305-07,kirc,tumor,2.127874151
TCGA-CZ-4862-01A-01R-1305-07,kirc,tumor,2.176062703
TCGA-CZ-4863-01A-01R-1503-07,kirc,tumor,2.452123897
TCGA-CZ-4864-01A-01R-1503-07,kirc,tumor,2.157348965
TCGA-CZ-4865-01A-02R-1503-07,kirc,tumor,2.383606626
TCGA-CZ-4866-01A-01R-1503-07,kirc,tumor,2.034053566
TCGA-CZ-5451-01A-01R-1503-07,kirc,tumor,2.702785745
TCGA-CZ-5452-01A-01R-1503-07,kirc,tumor,2.591543523
TCGA-CZ-5453-01A-01R-1503-07,kirc,tumor,2.293637773
TCGA-CZ-5454-01A-01R-1503-07,kirc,tumor,1.680411118
TCGA-CZ-5455-01A-01R-1503-07,kirc,tumor,2.575433644
TCGA-CZ-5456-01A-01R-1503-07,kirc,tumor,2.234776865
TCGA-CZ-5457-01A-01R-1503-07,kirc,tumor,2.208112385
TCGA-CZ-5458-01A-01R-1503-07,kirc,tumor,2.463417831
TCGA-CZ-5459-01A-01R-1503-07,kirc,tumor,2.572378132
TCGA-CZ-5460-01A-01R-1503-07,kirc,tumor,2.610333023
TCGA-CZ-5461-01A-01R-1503-07,kirc,tumor,2.422760707
TCGA-CZ-5462-01A-01R-1503-07,kirc,tumor,2.497049051
TCGA-CZ-5463-01A-01R-1503-07,kirc,tumor,2.568467904
TCGA-CZ-5464-01A-01R-1503-07,kirc,tumor,2.453275437
TCGA-CZ-5465-01A-01R-1503-07,kirc,tumor,2.106684148
TCGA-CZ-5466-01A-01R-1503-07,kirc,tumor,2.592554704
TCGA-CZ-5467-01A-01R-1503-07,kirc,tumor,2.367890524
TCGA-CZ-5468-01A-01R-1503-07,kirc,tumor,1.989072283
TCGA-CZ-5469-01A-01R-1503-07,kirc,tumor,2.416171813
TCGA-CZ-5470-01A-01R-1503-07,kirc,tumor,2.494259683
TCGA-CZ-5982-01A-11R-1672-07,kirc,tumor,2.812421327
TCGA-CZ-5984-01A-11R-1672-07,kirc,tumor,2.121567352
TCGA-CZ-5985-01A-11R-1672-07,kirc,tumor,2.148509896
TCGA-CZ-5986-01A-11R-1672-07,kirc,tumor,2.141005462
TCGA-CZ-5987-01A-11R-1672-07,kirc,tumor,2.864189511
TCGA-CZ-5988-01A-11R-1672-07,kirc,tumor,2.312344044
TCGA-CZ-5989-01A-11R-1672-07,kirc,tumor,2.412353562
TCGA-DV-5565-01A-01R-1541-07,kirc,tumor,2.671272248
TCGA-DV-5566-01A-01R-1541-07,kirc,tumor,2.326522705
TCGA-DV-5567-01A-01R-1541-07,kirc,tumor,2.624054532
TCGA-DV-5568-01A-01R-1541-07,kirc,tumor,2.109549197
TCGA-DV-5569-01A-01R-1541-07,kirc,tumor,2.487998367
TCGA-DV-5573-01A-01R-1541-07,kirc,tumor,2.034523766
TCGA-DV-5574-01A-01R-1541-07,kirc,tumor,2.014148376
TCGA-DV-5575-01A-01R-1541-07,kirc,tumor,2.368545388
TCGA-DV-5576-01A-01R-1541-07,kirc,tumor,2.880583748
TCGA-DV-A4VX-01A-11R-A266-07,kirc,tumor,2.330509106
TCGA-DV-A4VZ-01A-11R-A266-07,kirc,tumor,2.527819774
TCGA-DV-A4W0-05A-11R-A266-07,kirc,tumor,2.640483983
TCGA-DV-A4W0-01A-11R-A266-07,kirc,tumor,2.282579859
TCGA-EU-5904-01A-11R-1672-07,kirc,tumor,2.731121229
TCGA-EU-5905-01A-11R-1672-07,kirc,tumor,2.061213529
TCGA-EU-5906-01A-11R-1672-07,kirc,tumor,2.280177735
TCGA-EU-5907-01A-11R-1672-07,kirc,tumor,2.511104381
TCGA-G6-A5PC-01A-11R-A33J-07,kirc,tumor,2.247509568
TCGA-G6-A8L6-01A-11R-A37O-07,kirc,tumor,2.788612744
TCGA-G6-A8L7-01A-11R-A37O-07,kirc,tumor,2.597891562
TCGA-G6-A8L8-01A-21R-A37O-07,kirc,tumor,2.906028593
TCGA-GK-A6C7-01A-11R-A33J-07,kirc,tumor,2.878262344
TCGA-MM-A563-01A-11R-A266-07,kirc,tumor,2.635635169
TCGA-MM-A564-01A-11R-A266-07,kirc,tumor,2.816437524
TCGA-MM-A84U-01A-11R-A37O-07,kirc,tumor,2.781936826
TCGA-MW-A4EC-01A-11R-A266-07,kirc,tumor,2.50694128
TCGA-T7-A92I-01A-11R-A37O-07,kirc,tumor,2.589405963
TCGA-2K-A9WE-01A-11R-A38C-07,kirp,tumor,1.26932913
TCGA-2Z-A9J1-01A-11R-A38C-07,kirp,tumor,2.243212229
TCGA-2Z-A9J2-01A-11R-A38C-07,kirp,tumor,2.804900928
TCGA-2Z-A9J3-01A-12R-A38C-07,kirp,tumor,2.539161765
TCGA-2Z-A9J5-01A-21R-A38C-07,kirp,tumor,1.885832697
TCGA-2Z-A9J6-01A-11R-A38C-07,kirp,tumor,1.879145134
TCGA-2Z-A9J7-01A-11R-A38C-07,kirp,tumor,2.702134431
TCGA-2Z-A9J8-01A-11R-A42S-07,kirp,tumor,2.363380105
TCGA-2Z-A9J9-01A-11R-A42S-07,kirp,tumor,2.796732389
TCGA-2Z-A9JD-01A-11R-A42S-07,kirp,tumor,2.794026125
TCGA-2Z-A9JE-01A-11R-A42S-07,kirp,tumor,2.308972524
TCGA-2Z-A9JG-01A-11R-A42S-07,kirp,tumor,2.116384178
TCGA-2Z-A9JI-01A-11R-A42S-07,kirp,tumor,2.51804292
TCGA-2Z-A9JJ-01A-11R-A42S-07,kirp,tumor,2.582818038
TCGA-2Z-A9JK-01A-11R-A42S-07,kirp,tumor,2.488277084
TCGA-2Z-A9JL-01A-11R-A42S-07,kirp,tumor,2.207349216
TCGA-2Z-A9JM-01A-12R-A42S-07,kirp,tumor,2.298809907
TCGA-2Z-A9JN-01A-21R-A42S-07,kirp,tumor,2.839654931
TCGA-2Z-A9JO-01A-11R-A42S-07,kirp,tumor,1.917691504
TCGA-2Z-A9JP-01A-11R-A42S-07,kirp,tumor,2.070929339
TCGA-2Z-A9JQ-01A-11R-A42S-07,kirp,tumor,2.655881432
TCGA-2Z-A9JR-01A-12R-A42S-07,kirp,tumor,2.255885168
TCGA-2Z-A9JS-01A-21R-A42S-07,kirp,tumor,2.461049902
TCGA-2Z-A9JT-01A-11R-A42S-07,kirp,tumor,2.069902968
TCGA-4A-A93W-01A-11R-A37K-07,kirp,tumor,2.685767215
TCGA-4A-A93X-01A-11R-A37K-07,kirp,tumor,2.301251694
TCGA-4A-A93Y-01A-11R-A37K-07,kirp,tumor,1.774470666
TCGA-5P-A9JU-01A-11R-A42S-07,kirp,tumor,2.251015305
TCGA-5P-A9JV-01A-12R-A42S-07,kirp,tumor,2.828014614
TCGA-5P-A9JW-01A-11R-A42S-07,kirp,tumor,1.853650752
TCGA-5P-A9JY-01A-11R-A42S-07,kirp,tumor,2.733900631
TCGA-5P-A9JZ-01A-11R-A42S-07,kirp,tumor,2.130420105
TCGA-5P-A9K0-01A-11R-A42S-07,kirp,tumor,2.053361695
TCGA-5P-A9K2-01A-11R-A42S-07,kirp,tumor,2.001293149
TCGA-5P-A9K3-01A-11R-A42S-07,kirp,tumor,2.334427311
TCGA-5P-A9K4-01A-11R-A42S-07,kirp,tumor,1.923211009
TCGA-5P-A9K6-01A-11R-A42S-07,kirp,tumor,2.090019347
TCGA-5P-A9K8-01A-11R-A42S-07,kirp,tumor,2.056712057
TCGA-5P-A9K9-01A-11R-A42S-07,kirp,tumor,2.854290853
TCGA-5P-A9KA-01A-11R-A42S-07,kirp,tumor,2.439154201
TCGA-5P-A9KC-01A-11R-A42S-07,kirp,tumor,2.271818597
TCGA-5P-A9KE-01A-11R-A42S-07,kirp,tumor,1.704570666
TCGA-5P-A9KF-01A-11R-A42S-07,kirp,tumor,2.195679985
TCGA-5P-A9KH-01A-11R-A42S-07,kirp,tumor,2.221628119
TCGA-A4-7286-01A-11R-A32Z-07,kirp,tumor,1.752975869
TCGA-A4-7287-01A-11R-2139-07,kirp,tumor,2.649682508
TCGA-A4-7288-01A-11R-A32Z-07,kirp,tumor,2.565125393
TCGA-A4-7583-01A-11R-A32Z-07,kirp,tumor,2.828587932
TCGA-A4-7584-01A-11R-2139-07,kirp,tumor,2.729481784
TCGA-A4-7585-01A-11R-2139-07,kirp,tumor,2.558339395
TCGA-A4-7732-01A-11R-2139-07,kirp,tumor,2.149953119
TCGA-A4-7734-01A-11R-A32Z-07,kirp,tumor,2.00986632
TCGA-A4-7828-01A-11R-2139-07,kirp,tumor,2.703779054
TCGA-A4-7915-01A-11R-2204-07,kirp,tumor,3.005432031
TCGA-A4-7996-01A-11R-2204-07,kirp,tumor,1.971811481
TCGA-A4-7997-01A-11R-2204-07,kirp,tumor,2.163837819
TCGA-A4-8098-01A-11R-2404-07,kirp,tumor,2.930078016
TCGA-A4-8310-01A-11R-2404-07,kirp,tumor,2.479039104
TCGA-A4-8311-01A-11R-2404-07,kirp,tumor,2.852173331
TCGA-A4-8312-01A-11R-2404-07,kirp,tumor,2.828516297
TCGA-A4-8515-01A-11R-2404-07,kirp,tumor,2.552263365
TCGA-A4-8516-01A-11R-2404-07,kirp,tumor,2.248171504
TCGA-A4-8517-01A-11R-2404-07,kirp,tumor,2.142537052
TCGA-A4-8518-01A-11R-2404-07,kirp,tumor,2.246982646
TCGA-A4-8630-01A-11R-2404-07,kirp,tumor,2.472246252
TCGA-A4-A48D-01A-11R-A24Z-07,kirp,tumor,1.45954916
TCGA-A4-A4ZT-01A-11R-A26U-07,kirp,tumor,2.555176648
TCGA-A4-A57E-01A-11R-A26U-07,kirp,tumor,2.480144837
TCGA-A4-A5DU-01A-11R-A28H-07,kirp,tumor,2.253980746
TCGA-A4-A5XZ-01A-11R-A31O-07,kirp,tumor,2.045886911
TCGA-A4-A5Y0-01A-11R-A31O-07,kirp,tumor,2.747292339
TCGA-A4-A5Y1-01A-11R-A28H-07,kirp,tumor,2.140811925
TCGA-A4-A6HP-01A-11R-A31O-07,kirp,tumor,2.228877086
TCGA-A4-A772-01A-11R-A33Z-07,kirp,tumor,1.611266736
TCGA-A4-A7UZ-01A-12R-A355-07,kirp,tumor,2.845187727
TCGA-AL-3466-01A-02R-1351-07,kirp,tumor,2.305761156
TCGA-AL-3467-01A-02R-1351-07,kirp,tumor,2.464551749
TCGA-AL-3468-01A-02R-1351-07,kirp,tumor,2.412309443
TCGA-AL-3471-01A-02R-1351-07,kirp,tumor,2.361915269
TCGA-AL-3472-01A-01R-1193-07,kirp,tumor,2.749222582
TCGA-AL-3473-01A-01R-1193-07,kirp,tumor,1.882381855
TCGA-AL-7173-01A-11R-2139-07,kirp,tumor,2.791675704
TCGA-AL-A5DJ-01A-11R-A26U-07,kirp,tumor,2.290920731
TCGA-AT-A5NU-01A-11R-A28H-07,kirp,tumor,2.650022635
TCGA-B1-5398-01A-02R-1592-07,kirp,tumor,2.038841769
TCGA-B1-7332-01A-11R-A32Z-07,kirp,tumor,1.877652168
TCGA-B1-A47M-01A-11R-A24Z-07,kirp,tumor,2.661459629
TCGA-B1-A47N-01A-11R-A24Z-07,kirp,tumor,2.615589314
TCGA-B1-A47O-01A-11R-A24Z-07,kirp,tumor,2.343782415
TCGA-B1-A654-01A-11R-A31O-07,kirp,tumor,2.860068171
TCGA-B1-A655-01A-11R-A31O-07,kirp,tumor,2.060850561
TCGA-B1-A656-01A-11R-A31O-07,kirp,tumor,1.713772967
TCGA-B1-A657-01A-11R-A31O-07,kirp,tumor,2.451745532
TCGA-B3-3925-01A-02R-1351-07,kirp,tumor,2.074331622
TCGA-B3-3926-01A-02R-1351-07,kirp,tumor,2.305659518
TCGA-B3-4103-01A-02R-1351-07,kirp,tumor,2.128453755
TCGA-B3-4104-01A-02R-1351-07,kirp,tumor,2.238998222
TCGA-B3-8121-01A-21R-2404-07,kirp,tumor,2.133874668
TCGA-B3-A6W5-01A-12R-A33Z-07,kirp,tumor,2.166753783
TCGA-B9-4113-01A-01R-1193-07,kirp,tumor,1.954434324
TCGA-B9-4114-01A-01R-1193-07,kirp,tumor,2.697866841
TCGA-B9-4115-01A-01R-1193-07,kirp,tumor,1.664418511
TCGA-B9-4116-01A-02R-1351-07,kirp,tumor,2.735463667
TCGA-B9-4117-01A-02R-1351-07,kirp,tumor,1.933323354
TCGA-B9-4617-01A-01R-1193-07,kirp,tumor,2.699744656
TCGA-B9-5155-01A-01R-1592-07,kirp,tumor,2.28251584
TCGA-B9-5156-01A-01R-1592-07,kirp,tumor,2.431795972
TCGA-B9-7268-01A-11R-A32Z-07,kirp,tumor,2.38700757
TCGA-B9-A44B-01A-11R-A24Z-07,kirp,tumor,2.706785619
TCGA-B9-A5W7-01A-11R-A31O-07,kirp,tumor,2.031441226
TCGA-B9-A5W8-01A-11R-A28H-07,kirp,tumor,2.218756441
TCGA-B9-A5W9-01A-11R-A28H-07,kirp,tumor,2.396017661
TCGA-B9-A69E-01A-11R-A31O-07,kirp,tumor,2.122049541
TCGA-B9-A8YH-01A-11R-A37K-07,kirp,tumor,2.036734104
TCGA-B9-A8YI-01A-21R-A37K-07,kirp,tumor,2.426810152
TCGA-BQ-5875-01A-11R-1592-07,kirp,tumor,2.365324759
TCGA-BQ-5876-01A-11R-1592-07,kirp,tumor,1.868607186
TCGA-BQ-5877-01A-11R-1592-07,kirp,tumor,2.399687199
TCGA-BQ-5878-01A-11R-1592-07,kirp,tumor,2.550387832
TCGA-BQ-5879-01A-11R-1592-07,kirp,tumor,2.548591667
TCGA-BQ-5880-01A-11R-1592-07,kirp,tumor,2.499081153
TCGA-BQ-5881-01A-11R-1592-07,kirp,tumor,1.647444374
TCGA-BQ-5882-01A-11R-1592-07,kirp,tumor,2.40629848
TCGA-BQ-5883-01A-11R-1592-07,kirp,tumor,2.643235914
TCGA-BQ-5884-01A-11R-1592-07,kirp,tumor,1.943797688
TCGA-BQ-5885-01A-11R-1592-07,kirp,tumor,2.588427541
TCGA-BQ-5886-01A-11R-1592-07,kirp,tumor,2.370574148
TCGA-BQ-5887-01A-11R-1965-07,kirp,tumor,2.221163093
TCGA-BQ-5888-01A-11R-1592-07,kirp,tumor,2.928051692
TCGA-BQ-5889-01A-11R-1592-07,kirp,tumor,3.08331847
TCGA-BQ-5890-01A-11R-1592-07,kirp,tumor,2.184044317
TCGA-BQ-5891-01A-11R-1592-07,kirp,tumor,2.563379478
TCGA-BQ-5892-01A-11R-1592-07,kirp,tumor,2.691486415
TCGA-BQ-5893-01A-11R-1592-07,kirp,tumor,3.094084971
TCGA-BQ-5894-01A-11R-1592-07,kirp,tumor,2.657336301
TCGA-BQ-7044-01A-11R-1965-07,kirp,tumor,2.667362038
TCGA-BQ-7045-01A-31R-1965-07,kirp,tumor,2.935729306
TCGA-BQ-7046-01A-11R-1965-07,kirp,tumor,2.143266067
TCGA-BQ-7048-01A-11R-1965-07,kirp,tumor,2.041129528
TCGA-BQ-7049-01A-11R-1965-07,kirp,tumor,2.804632287
TCGA-BQ-7050-01A-11R-1965-07,kirp,tumor,2.252768765
TCGA-BQ-7051-01A-12R-1965-07,kirp,tumor,2.570279992
TCGA-BQ-7053-01A-11R-1965-07,kirp,tumor,2.542596341
TCGA-BQ-7055-01A-11R-1965-07,kirp,tumor,2.668977127
TCGA-BQ-7056-01A-11R-1965-07,kirp,tumor,2.559323761
TCGA-BQ-7058-01A-11R-1965-07,kirp,tumor,2.852329544
TCGA-BQ-7059-01A-11R-1965-07,kirp,tumor,1.672005278
TCGA-BQ-7060-01A-11R-1965-07,kirp,tumor,2.047557947
TCGA-BQ-7061-01A-11R-1965-07,kirp,tumor,2.061561114
TCGA-BQ-7062-01A-11R-1965-07,kirp,tumor,2.226512699
TCGA-DW-5560-01A-01R-1592-07,kirp,tumor,2.763806914
TCGA-DW-5561-01A-01R-1592-07,kirp,tumor,2.301788216
TCGA-DW-7834-01A-11R-2139-07,kirp,tumor,2.165168227
TCGA-DW-7836-01A-11R-2139-07,kirp,tumor,2.189826102
TCGA-DW-7837-01A-11R-2139-07,kirp,tumor,2.141250447
TCGA-DW-7838-01A-11R-2139-07,kirp,tumor,1.710003516
TCGA-DW-7839-01A-11R-2139-07,kirp,tumor,3.056614538
TCGA-DW-7840-01A-11R-A32Z-07,kirp,tumor,2.627603621
TCGA-DW-7841-01A-11R-A32Z-07,kirp,tumor,2.579293294
TCGA-DW-7842-01A-11R-A32Z-07,kirp,tumor,2.246972602
TCGA-DW-7963-01B-11R-A28H-07,kirp,tumor,2.113163557
TCGA-DZ-6131-01A-11R-1965-07,kirp,tumor,2.266526504
TCGA-DZ-6132-01A-11R-1965-07,kirp,tumor,1.30094485
TCGA-DZ-6133-01A-11R-1965-07,kirp,tumor,2.707828899
TCGA-DZ-6134-01A-11R-1965-07,kirp,tumor,2.369208244
TCGA-DZ-6135-01A-11R-1965-07,kirp,tumor,2.485015996
TCGA-EV-5901-01A-11R-1592-07,kirp,tumor,2.73020192
TCGA-EV-5902-01A-11R-1592-07,kirp,tumor,2.415876751
TCGA-EV-5903-01A-11R-1592-07,kirp,tumor,2.592152154
TCGA-F9-A4JJ-01A-11R-A24Z-07,kirp,tumor,2.759739625
TCGA-F9-A7Q0-01A-11R-A36F-07,kirp,tumor,2.796796144
TCGA-F9-A7VF-01A-11R-A33Z-07,kirp,tumor,2.751322272
TCGA-F9-A8NY-01A-11R-A36F-07,kirp,tumor,2.954054237
TCGA-F9-A97G-01A-11R-A38C-07,kirp,tumor,1.372725838
TCGA-G7-6789-01A-11R-1965-07,kirp,tumor,2.51809304
TCGA-G7-6790-01A-11R-1965-07,kirp,tumor,2.420168455
TCGA-G7-6792-01A-21R-1965-07,kirp,tumor,2.777354145
TCGA-G7-6793-01A-11R-1965-07,kirp,tumor,2.529159612
TCGA-G7-6795-01A-11R-1965-07,kirp,tumor,2.893088157
TCGA-G7-6796-01A-11R-1965-07,kirp,tumor,2.979449215
TCGA-G7-6797-01A-11R-1965-07,kirp,tumor,2.51297823
TCGA-G7-7501-01A-11R-2204-07,kirp,tumor,2.230898003
TCGA-G7-7502-01A-11R-2204-07,kirp,tumor,1.049858447
TCGA-G7-A4TM-01A-11R-A31O-07,kirp,tumor,2.432982915
TCGA-G7-A8LB-01A-11R-A36F-07,kirp,tumor,2.793836295
TCGA-G7-A8LC-01A-11R-A36F-07,kirp,tumor,2.794703771
TCGA-G7-A8LD-01A-11R-A36F-07,kirp,tumor,2.566612405
TCGA-G7-A8LE-01A-11R-A36F-07,kirp,tumor,2.588265794
TCGA-GL-6846-01A-11R-1965-07,kirp,tumor,2.661716089
TCGA-GL-7773-01A-11R-A32Z-07,kirp,tumor,2.865907081
TCGA-GL-7966-01A-11R-2204-07,kirp,tumor,2.460513559
TCGA-GL-8500-01A-11R-2404-07,kirp,tumor,2.725676423
TCGA-GL-A4EM-01A-11R-A24Z-07,kirp,tumor,2.029452963
TCGA-GL-A59R-01A-11R-A26U-07,kirp,tumor,2.010646416
TCGA-GL-A59T-01A-21R-A28H-07,kirp,tumor,2.18174729
TCGA-GL-A9DC-01A-11R-A37K-07,kirp,tumor,2.173498161
TCGA-GL-A9DD-01A-11R-A37K-07,kirp,tumor,1.287518849
TCGA-GL-A9DE-01A-11R-A37K-07,kirp,tumor,1.925810114
TCGA-HE-7128-01A-11R-1965-07,kirp,tumor,1.960224812
TCGA-HE-7129-01A-11R-1965-07,kirp,tumor,2.444859452
TCGA-HE-7130-01A-11R-1965-07,kirp,tumor,3.132405119
TCGA-HE-A5NF-01A-11R-A26U-07,kirp,tumor,1.545011141
TCGA-HE-A5NH-01A-11R-A26U-07,kirp,tumor,2.4146571
TCGA-HE-A5NI-01A-11R-A26U-07,kirp,tumor,2.39506479
TCGA-HE-A5NJ-01A-11R-A26U-07,kirp,tumor,2.369578315
TCGA-HE-A5NK-01A-11R-A26U-07,kirp,tumor,2.032241142
TCGA-HE-A5NL-01A-11R-A26U-07,kirp,tumor,2.005157422
TCGA-IA-A40U-01A-11R-A24Z-07,kirp,tumor,2.536509272
TCGA-IA-A40X-01A-11R-A24Z-07,kirp,tumor,2.965407676
TCGA-IA-A40Y-01A-11R-A24Z-07,kirp,tumor,2.556324768
TCGA-IA-A83S-01A-11R-A355-07,kirp,tumor,2.490939677
TCGA-IA-A83T-01A-11R-A355-07,kirp,tumor,1.619409423
TCGA-IA-A83V-01A-11R-A355-07,kirp,tumor,1.814396734
TCGA-IA-A83W-01A-11R-A355-07,kirp,tumor,2.320122287
TCGA-IZ-8195-01A-31R-2404-07,kirp,tumor,2.248789815
TCGA-IZ-8196-01A-11R-2404-07,kirp,tumor,2.363185615
TCGA-IZ-A6M8-01A-11R-A31O-07,kirp,tumor,1.310907282
TCGA-IZ-A6M9-01A-11R-A31O-07,kirp,tumor,2.555694518
TCGA-J7-6720-01A-11R-2139-07,kirp,tumor,1.864971286
TCGA-J7-8537-01A-11R-2404-07,kirp,tumor,2.624428058
TCGA-J7-A8I2-01A-12R-A36F-07,kirp,tumor,2.956184447
TCGA-KV-A6GD-01A-11R-A31O-07,kirp,tumor,1.59406327
TCGA-KV-A6GE-01A-11R-A31O-07,kirp,tumor,2.148696892
TCGA-KV-A74V-01A-11R-A33Z-07,kirp,tumor,2.442977701
TCGA-MH-A55W-01A-11R-A26U-07,kirp,tumor,2.746061526
TCGA-MH-A55Z-01A-11R-A26U-07,kirp,tumor,2.80208231
TCGA-MH-A560-01A-11R-A26U-07,kirp,tumor,2.298794425
TCGA-MH-A561-01A-11R-A26U-07,kirp,tumor,2.606243365
TCGA-MH-A562-01A-11R-A26U-07,kirp,tumor,2.31480552
TCGA-MH-A854-01A-11R-A355-07,kirp,tumor,2.170254434
TCGA-MH-A855-01A-11R-A355-07,kirp,tumor,2.06226998
TCGA-MH-A856-01A-11R-A355-07,kirp,tumor,2.906066806
TCGA-MH-A857-01A-11R-A355-07,kirp,tumor,2.7784544
TCGA-O9-A75Z-01A-11R-A33Z-07,kirp,tumor,2.244583007
TCGA-P4-A5E6-01A-11R-A28H-07,kirp,tumor,2.192208255
TCGA-P4-A5E7-01A-31R-A28H-07,kirp,tumor,2.60154347
TCGA-P4-A5E8-01A-11R-A28H-07,kirp,tumor,2.989058876
TCGA-P4-A5EA-01A-11R-A28H-07,kirp,tumor,2.425595186
TCGA-P4-A5EB-01A-11R-A28H-07,kirp,tumor,2.137867674
TCGA-P4-A5ED-01A-11R-A28H-07,kirp,tumor,2.349913709
TCGA-P4-AAVK-01A-11R-A42S-07,kirp,tumor,2.185784727
TCGA-P4-AAVL-01A-11R-A42S-07,kirp,tumor,1.956069082
TCGA-P4-AAVM-01A-11R-A42S-07,kirp,tumor,2.12325295
TCGA-P4-AAVO-01A-11R-A42S-07,kirp,tumor,2.512748274
TCGA-PJ-A5Z8-01A-11R-A28H-07,kirp,tumor,2.159138506
TCGA-PJ-A5Z9-01A-11R-A28H-07,kirp,tumor,1.670295548
TCGA-Q2-A5QZ-01A-11R-A28H-07,kirp,tumor,2.069041013
TCGA-SX-A71R-01A-12R-A33Z-07,kirp,tumor,2.572934636
TCGA-SX-A71S-01A-11R-A33Z-07,kirp,tumor,2.386503822
TCGA-SX-A71U-01A-12R-A33Z-07,kirp,tumor,2.2784778
TCGA-SX-A71V-01A-11R-A33Z-07,kirp,tumor,2.195911878
TCGA-SX-A71W-01A-12R-A355-07,kirp,tumor,2.66562246
TCGA-SX-A7SL-01A-11R-A355-07,kirp,tumor,2.802864458
TCGA-SX-A7SM-01A-11R-A355-07,kirp,tumor,2.433256865
TCGA-SX-A7SN-01A-11R-A355-07,kirp,tumor,2.743102873
TCGA-SX-A7SO-01A-11R-A355-07,kirp,tumor,1.898929887
TCGA-SX-A7SP-01A-11R-A355-07,kirp,tumor,1.816169952
TCGA-SX-A7SQ-01A-12R-A36F-07,kirp,tumor,2.493691146
TCGA-SX-A7SR-01A-12R-A36F-07,kirp,tumor,2.335610971
TCGA-SX-A7SS-01A-11R-A36F-07,kirp,tumor,2.676605498
TCGA-SX-A7SU-01A-11R-A36F-07,kirp,tumor,2.438290368
TCGA-UN-AAZ9-01A-11R-A38C-07,kirp,tumor,2.88464253
TCGA-UZ-A9PJ-01A-11R-A38C-07,kirp,tumor,2.452743154
TCGA-UZ-A9PK-01A-11R-A38C-07,kirp,tumor,2.19299077
TCGA-UZ-A9PL-01A-11R-A38C-07,kirp,tumor,2.749668406
TCGA-UZ-A9PM-01A-21R-A38C-07,kirp,tumor,1.641456995
TCGA-UZ-A9PN-01A-11R-A38C-07,kirp,tumor,2.471703054
TCGA-UZ-A9PO-01A-11R-A38C-07,kirp,tumor,1.938148667
TCGA-UZ-A9PP-01A-11R-A42S-07,kirp,tumor,2.283042405
TCGA-UZ-A9PQ-01A-11R-A42S-07,kirp,tumor,2.338215456
TCGA-UZ-A9PR-01A-11R-A42S-07,kirp,tumor,2.107570208
TCGA-UZ-A9PS-05A-11R-A42S-07,kirp,tumor,1.957795834
TCGA-UZ-A9PS-01A-11R-A42S-07,kirp,tumor,2.435811889
TCGA-UZ-A9PU-01A-11R-A42S-07,kirp,tumor,2.218483225
TCGA-UZ-A9PV-01A-11R-A42S-07,kirp,tumor,2.641897184
TCGA-UZ-A9PX-01A-11R-A42S-07,kirp,tumor,2.408345515
TCGA-UZ-A9PZ-01A-11R-A42S-07,kirp,tumor,2.328749269
TCGA-UZ-A9Q0-01A-12R-A42S-07,kirp,tumor,2.495446166
TCGA-UZ-A9Q1-01A-11R-A42S-07,kirp,tumor,2.819396375
TCGA-V9-A7HT-01A-11R-A33Z-07,kirp,tumor,1.9624525
TCGA-WN-A9G9-01A-12R-A37K-07,kirp,tumor,1.563843382
TCGA-WN-AB4C-01A-11R-A42S-07,kirp,tumor,1.751240342
TCGA-Y8-A894-01A-11R-A36F-07,kirp,tumor,2.577884554
TCGA-Y8-A895-01A-11R-A36F-07,kirp,tumor,2.915543644
TCGA-Y8-A896-01A-11R-A36F-07,kirp,tumor,2.559736757
TCGA-Y8-A897-01A-11R-A36F-07,kirp,tumor,2.184282188
TCGA-Y8-A898-01A-11R-A355-07,kirp,tumor,1.75212135
TCGA-Y8-A8RY-01A-11R-A37K-07,kirp,tumor,2.163895464
TCGA-Y8-A8RZ-01A-11R-A37K-07,kirp,tumor,2.250551468
TCGA-Y8-A8S0-01A-11R-A37K-07,kirp,tumor,2.408698944
TCGA-Y8-A8S1-01A-11R-A37K-07,kirp,tumor,1.939513346
TCGA-AB-2803-03A-01T-0734-13,laml,tumor,2.231817239
TCGA-AB-2805-03A-01T-0734-13,laml,tumor,1.505082133
TCGA-AB-2806-03A-01T-0734-13,laml,tumor,2.824532698
TCGA-AB-2807-03A-01T-0734-13,laml,tumor,2.653947067
TCGA-AB-2808-03A-01T-0734-13,laml,tumor,2.522667666
TCGA-AB-2810-03A-01T-0736-13,laml,tumor,2.850283579
TCGA-AB-2811-03B-01T-0760-13,laml,tumor,2.441588995
TCGA-AB-2812-03A-01T-0734-13,laml,tumor,2.574660099
TCGA-AB-2813-03A-01T-0736-13,laml,tumor,1.459212736
TCGA-AB-2814-03A-01T-0734-13,laml,tumor,3.059839348
TCGA-AB-2815-03A-01T-0734-13,laml,tumor,1.962749803
TCGA-AB-2816-03A-01T-0734-13,laml,tumor,1.498828609
TCGA-AB-2817-03A-01T-0736-13,laml,tumor,2.565043556
TCGA-AB-2818-03A-01T-0734-13,laml,tumor,2.43212186
TCGA-AB-2819-03A-01T-0734-13,laml,tumor,2.935239263
TCGA-AB-2820-03A-01T-0735-13,laml,tumor,2.434982345
TCGA-AB-2821-03A-01T-0735-13,laml,tumor,2.527267182
TCGA-AB-2822-03A-01T-0734-13,laml,tumor,2.903894108
TCGA-AB-2823-03A-01T-0736-13,laml,tumor,2.444000305
TCGA-AB-2824-03A-01T-0736-13,laml,tumor,2.440545633
TCGA-AB-2825-03A-01T-0736-13,laml,tumor,1.560599838
TCGA-AB-2826-03A-01T-0734-13,laml,tumor,1.712897391
TCGA-AB-2828-03A-01T-0734-13,laml,tumor,1.40336056
TCGA-AB-2830-03A-01T-0736-13,laml,tumor,2.516852785
TCGA-AB-2832-03A-01T-0736-13,laml,tumor,2.716425673
TCGA-AB-2833-03A-01T-0734-13,laml,tumor,1.227646548
TCGA-AB-2834-03A-01T-0734-13,laml,tumor,2.068517685
TCGA-AB-2835-03A-01T-0736-13,laml,tumor,1.794075982
TCGA-AB-2836-03A-01T-0736-13,laml,tumor,1.928904852
TCGA-AB-2837-03A-01T-0736-13,laml,tumor,1.657794837
TCGA-AB-2838-03A-01T-0736-13,laml,tumor,2.258997212
TCGA-AB-2839-03A-01T-0734-13,laml,tumor,2.706394077
TCGA-AB-2840-03A-01T-0734-13,laml,tumor,2.941522073
TCGA-AB-2841-03B-01T-0760-13,laml,tumor,2.235744179
TCGA-AB-2842-03A-01T-0734-13,laml,tumor,1.840170623
TCGA-AB-2843-03A-01T-0736-13,laml,tumor,2.79870695
TCGA-AB-2844-03A-01T-0736-13,laml,tumor,2.308523836
TCGA-AB-2845-03B-01T-0748-13,laml,tumor,2.860076132
TCGA-AB-2846-03A-01T-0736-13,laml,tumor,2.206887324
TCGA-AB-2847-03A-01T-0736-13,laml,tumor,3.094425768
TCGA-AB-2848-03A-01T-0736-13,laml,tumor,1.920784695
TCGA-AB-2849-03A-01T-0734-13,laml,tumor,2.686853739
TCGA-AB-2851-03A-01T-0736-13,laml,tumor,1.615992137
TCGA-AB-2853-03A-01T-0734-13,laml,tumor,2.948030636
TCGA-AB-2854-03A-01T-0734-13,laml,tumor,2.007719815
TCGA-AB-2855-03A-01T-0736-13,laml,tumor,2.936714532
TCGA-AB-2856-03A-01T-0736-13,laml,tumor,1.927926888
TCGA-AB-2857-03A-01T-0736-13,laml,tumor,2.928488779
TCGA-AB-2858-03A-01T-0736-13,laml,tumor,2.287473112
TCGA-AB-2859-03A-01T-0736-13,laml,tumor,2.816930626
TCGA-AB-2860-03A-01T-0736-13,laml,tumor,2.832174499
TCGA-AB-2861-03A-01T-0736-13,laml,tumor,2.254729313
TCGA-AB-2862-03A-01T-0736-13,laml,tumor,2.582311932
TCGA-AB-2863-03A-01T-0734-13,laml,tumor,2.639291391
TCGA-AB-2865-03A-01T-0736-13,laml,tumor,2.016993792
TCGA-AB-2866-03A-01T-0736-13,laml,tumor,1.919598304
TCGA-AB-2867-03A-01T-0734-13,laml,tumor,2.745140918
TCGA-AB-2868-03A-01T-0736-13,laml,tumor,2.913774867
TCGA-AB-2869-03A-01T-0735-13,laml,tumor,2.797362306
TCGA-AB-2870-03A-01T-0735-13,laml,tumor,2.364949369
TCGA-AB-2871-03A-01T-0735-13,laml,tumor,2.50582068
TCGA-AB-2872-03A-01T-0735-13,laml,tumor,2.597709702
TCGA-AB-2873-03A-01T-0735-13,laml,tumor,1.917446417
TCGA-AB-2874-03A-01T-0735-13,laml,tumor,2.647057078
TCGA-AB-2875-03A-01T-0735-13,laml,tumor,2.682634358
TCGA-AB-2877-03A-01T-0735-13,laml,tumor,2.893954549
TCGA-AB-2879-03A-01T-0735-13,laml,tumor,2.507126837
TCGA-AB-2880-03A-01T-0735-13,laml,tumor,2.32151861
TCGA-AB-2881-03A-01T-0735-13,laml,tumor,2.411151327
TCGA-AB-2882-03A-01T-0740-13,laml,tumor,2.641769491
TCGA-AB-2884-03A-01T-0735-13,laml,tumor,2.419858683
TCGA-AB-2885-03A-01T-0735-13,laml,tumor,2.741778811
TCGA-AB-2886-03A-01T-0735-13,laml,tumor,2.661959964
TCGA-AB-2887-03A-01T-0735-13,laml,tumor,2.686369581
TCGA-AB-2888-03B-01T-0748-13,laml,tumor,1.72440287
TCGA-AB-2889-03A-01T-0735-13,laml,tumor,2.319061094
TCGA-AB-2890-03A-01T-0735-13,laml,tumor,2.63078729
TCGA-AB-2891-03A-01T-0735-13,laml,tumor,2.511810762
TCGA-AB-2895-03A-01T-0735-13,laml,tumor,2.680689344
TCGA-AB-2896-03B-01T-0751-13,laml,tumor,2.717533126
TCGA-AB-2897-03A-01T-0735-13,laml,tumor,2.695579406
TCGA-AB-2898-03A-01T-0735-13,laml,tumor,2.557041183
TCGA-AB-2899-03A-01T-0736-13,laml,tumor,2.102887108
TCGA-AB-2900-03A-01T-0735-13,laml,tumor,2.510450168
TCGA-AB-2901-03A-01T-0735-13,laml,tumor,2.026373588
TCGA-AB-2903-03A-01T-0734-13,laml,tumor,2.513746139
TCGA-AB-2904-03A-01T-0734-13,laml,tumor,2.699970706
TCGA-AB-2908-03A-01T-0740-13,laml,tumor,2.820505497
TCGA-AB-2909-03A-01T-0744-13,laml,tumor,2.824292613
TCGA-AB-2910-03A-01T-0740-13,laml,tumor,2.179195457
TCGA-AB-2911-03A-01T-0734-13,laml,tumor,1.579739371
TCGA-AB-2912-03A-01T-0734-13,laml,tumor,2.147821907
TCGA-AB-2913-03A-01T-0734-13,laml,tumor,2.726666286
TCGA-AB-2914-03A-01T-0734-13,laml,tumor,2.445824411
TCGA-AB-2915-03A-01T-0740-13,laml,tumor,2.336525158
TCGA-AB-2916-03A-01T-0734-13,laml,tumor,1.678266392
TCGA-AB-2917-03A-01T-0734-13,laml,tumor,2.623906461
TCGA-AB-2918-03A-01T-0740-13,laml,tumor,2.639341625
TCGA-AB-2919-03A-01T-0740-13,laml,tumor,2.788900893
TCGA-AB-2920-03B-01T-0760-13,laml,tumor,2.951855984
TCGA-AB-2921-03A-01T-0740-13,laml,tumor,2.202052956
TCGA-AB-2924-03A-01T-0740-13,laml,tumor,1.873407974
TCGA-AB-2925-03A-01T-0735-13,laml,tumor,1.690612758
TCGA-AB-2927-03A-01T-0740-13,laml,tumor,2.646054064
TCGA-AB-2928-03A-01T-0740-13,laml,tumor,2.517450689
TCGA-AB-2929-03A-01T-0735-13,laml,tumor,2.638367348
TCGA-AB-2930-03A-01T-0740-13,laml,tumor,2.872533946
TCGA-AB-2931-03A-01T-0740-13,laml,tumor,2.778413627
TCGA-AB-2932-03A-01T-0740-13,laml,tumor,1.498253286
TCGA-AB-2933-03A-01T-0734-13,laml,tumor,2.233644148
TCGA-AB-2934-03A-01T-0740-13,laml,tumor,1.450148205
TCGA-AB-2935-03A-01T-0740-13,laml,tumor,2.617814735
TCGA-AB-2936-03A-01T-0740-13,laml,tumor,2.303817462
TCGA-AB-2937-03A-01T-0734-13,laml,tumor,2.641815619
TCGA-AB-2938-03A-01T-0736-13,laml,tumor,2.990047837
TCGA-AB-2939-03A-01T-0740-13,laml,tumor,2.956099219
TCGA-AB-2940-03A-01T-0736-13,laml,tumor,2.557610383
TCGA-AB-2941-03A-01T-0740-13,laml,tumor,2.788160494
TCGA-AB-2942-03A-01T-0734-13,laml,tumor,2.600637278
TCGA-AB-2943-03A-01T-0740-13,laml,tumor,2.489382119
TCGA-AB-2944-03A-01T-0740-13,laml,tumor,2.734927471
TCGA-AB-2946-03A-01T-0740-13,laml,tumor,2.357528114
TCGA-AB-2948-03A-01T-0740-13,laml,tumor,0.940759321
TCGA-AB-2949-03B-01T-0748-13,laml,tumor,2.665135334
TCGA-AB-2950-03A-01T-0735-13,laml,tumor,2.970286744
TCGA-AB-2952-03B-01T-0760-13,laml,tumor,2.643179272
TCGA-AB-2954-03A-01T-0736-13,laml,tumor,1.678495243
TCGA-AB-2955-03A-01T-0734-13,laml,tumor,2.833623465
TCGA-AB-2956-03A-01T-0740-13,laml,tumor,1.929912006
TCGA-AB-2959-03A-01T-0734-13,laml,tumor,2.719873606
TCGA-AB-2963-03A-01T-0734-13,laml,tumor,2.590933978
TCGA-AB-2964-03A-01T-0734-13,laml,tumor,2.893430928
TCGA-AB-2965-03A-01T-0734-13,laml,tumor,2.002622421
TCGA-AB-2966-03A-01T-0734-13,laml,tumor,2.615950376
TCGA-AB-2967-03A-01T-0734-13,laml,tumor,1.873824246
TCGA-AB-2969-03A-01T-0734-13,laml,tumor,1.230150249
TCGA-AB-2970-03A-01T-0734-13,laml,tumor,2.703470343
TCGA-AB-2971-03A-01T-0734-13,laml,tumor,2.164050437
TCGA-AB-2972-03A-01T-0734-13,laml,tumor,2.443515423
TCGA-AB-2973-03A-01T-0734-13,laml,tumor,1.581300184
TCGA-AB-2975-03A-01T-0734-13,laml,tumor,2.95520955
TCGA-AB-2976-03A-01T-0734-13,laml,tumor,2.827989209
TCGA-AB-2977-03B-01T-0760-13,laml,tumor,1.602696259
TCGA-AB-2978-03A-01T-0734-13,laml,tumor,2.479979179
TCGA-AB-2979-03B-01T-0760-13,laml,tumor,2.893021708
TCGA-AB-2980-03A-01T-0734-13,laml,tumor,2.210399635
TCGA-AB-2981-03B-01T-0748-13,laml,tumor,1.260354685
TCGA-AB-2982-03B-01T-0748-13,laml,tumor,2.813434887
TCGA-AB-2983-03A-01T-0734-13,laml,tumor,2.780784006
TCGA-AB-2984-03A-01T-0734-13,laml,tumor,2.696483837
TCGA-AB-2985-03A-01T-0734-13,laml,tumor,1.184783743
TCGA-AB-2986-03A-01T-0734-13,laml,tumor,2.95701397
TCGA-AB-2987-03A-01T-0734-13,laml,tumor,2.277970702
TCGA-AB-2988-03B-01T-0748-13,laml,tumor,2.672006029
TCGA-AB-2990-03B-01T-0748-13,laml,tumor,2.972600212
TCGA-AB-2991-03A-01T-0735-13,laml,tumor,2.721501815
TCGA-AB-2992-03A-01T-0735-13,laml,tumor,1.743281663
TCGA-AB-2993-03A-01T-0735-13,laml,tumor,2.625252428
TCGA-AB-2994-03A-01T-0735-13,laml,tumor,2.408649865
TCGA-AB-2995-03A-01T-0735-13,laml,tumor,2.597999792
TCGA-AB-2996-03A-01T-0735-13,laml,tumor,2.549667184
TCGA-AB-2998-03A-01T-0735-13,laml,tumor,2.932546965
TCGA-AB-2999-03B-01T-0748-13,laml,tumor,2.486120508
TCGA-AB-3000-03A-01T-0736-13,laml,tumor,2.53936653
TCGA-AB-3001-03A-01T-0736-13,laml,tumor,2.607710812
TCGA-AB-3002-03A-01T-0736-13,laml,tumor,2.743821444
TCGA-AB-3005-03A-01T-0736-13,laml,tumor,2.388204849
TCGA-AB-3006-03A-01T-0736-13,laml,tumor,2.750069028
TCGA-AB-3007-03A-01T-0736-13,laml,tumor,2.724079655
TCGA-AB-3008-03A-01T-0736-13,laml,tumor,2.721730028
TCGA-AB-3009-03A-01T-0736-13,laml,tumor,2.87806836
TCGA-AB-3011-03A-01T-0736-13,laml,tumor,2.859164072
TCGA-AB-3012-03A-01T-0736-13,laml,tumor,1.652457571
TCGA-CS-4938-01B-11R-1896-07,lgg,tumor,2.332387337
TCGA-CS-4941-01A-01R-1470-07,lgg,tumor,2.254954134
TCGA-CS-4942-01A-01R-1470-07,lgg,tumor,2.16662332
TCGA-CS-4943-01A-01R-1470-07,lgg,tumor,1.896467376
TCGA-CS-4944-01A-01R-1470-07,lgg,tumor,1.951353659
TCGA-CS-5390-01A-02R-1470-07,lgg,tumor,2.624034836
TCGA-CS-5393-01A-01R-1470-07,lgg,tumor,2.420313401
TCGA-CS-5394-01A-01R-1470-07,lgg,tumor,2.599745893
TCGA-CS-5395-01A-01R-1470-07,lgg,tumor,2.697004824
TCGA-CS-5396-01A-02R-1470-07,lgg,tumor,2.015725264
TCGA-CS-5397-01A-01R-1896-07,lgg,tumor,2.686149853
TCGA-CS-6186-01A-12R-2027-07,lgg,tumor,2.113846281
TCGA-CS-6188-01A-11R-1896-07,lgg,tumor,2.204714873
TCGA-CS-6290-01A-11R-1708-07,lgg,tumor,2.073981954
TCGA-CS-6665-01A-11R-1896-07,lgg,tumor,2.34042933
TCGA-CS-6666-01A-11R-1896-07,lgg,tumor,2.172583811
TCGA-CS-6667-01A-12R-2027-07,lgg,tumor,2.38626043
TCGA-CS-6668-01A-11R-1896-07,lgg,tumor,2.007306041
TCGA-CS-6669-01A-11R-1896-07,lgg,tumor,2.450289207
TCGA-CS-6670-01A-11R-1896-07,lgg,tumor,2.704340544
TCGA-DB-5270-01A-02R-1470-07,lgg,tumor,2.596693983
TCGA-DB-5273-01A-01R-1470-07,lgg,tumor,2.123124821
TCGA-DB-5274-01A-01R-1470-07,lgg,tumor,1.891339808
TCGA-DB-5275-01A-01R-1470-07,lgg,tumor,2.781743569
TCGA-DB-5276-01A-01R-1470-07,lgg,tumor,2.660917273
TCGA-DB-5277-01A-01R-1470-07,lgg,tumor,2.95085636
TCGA-DB-5278-01A-01R-1470-07,lgg,tumor,2.042218049
TCGA-DB-5279-01A-03R-2347-07,lgg,tumor,2.94294597
TCGA-DB-5280-01A-01R-1470-07,lgg,tumor,2.883361616
TCGA-DB-5281-01A-01R-1470-07,lgg,tumor,2.54049062
TCGA-DB-A4X9-01A-11R-A26U-07,lgg,tumor,2.065709565
TCGA-DB-A4XA-01A-11R-A26U-07,lgg,tumor,1.603226099
TCGA-DB-A4XB-01A-11R-A26U-07,lgg,tumor,2.768316104
TCGA-DB-A4XC-01A-11R-A26U-07,lgg,tumor,2.556813477
TCGA-DB-A4XD-01A-11R-A27Q-07,lgg,tumor,2.695705323
TCGA-DB-A4XE-01A-11R-A27Q-07,lgg,tumor,2.394318951
TCGA-DB-A4XF-01A-11R-A27Q-07,lgg,tumor,2.287750195
TCGA-DB-A4XG-01A-11R-A27Q-07,lgg,tumor,2.213878313
TCGA-DB-A4XH-01A-11R-A27Q-07,lgg,tumor,2.704958216
TCGA-DB-A64L-01A-11R-A29R-07,lgg,tumor,2.972736728
TCGA-DB-A64O-01A-11R-A29R-07,lgg,tumor,2.225277528
TCGA-DB-A64P-01A-11R-A29R-07,lgg,tumor,2.407307432
TCGA-DB-A64Q-01A-11R-A29R-07,lgg,tumor,2.160272769
TCGA-DB-A64R-01A-11R-A29R-07,lgg,tumor,2.554701606
TCGA-DB-A64S-01A-11R-A29R-07,lgg,tumor,2.201505348
TCGA-DB-A64U-01A-11R-A29R-07,lgg,tumor,2.746542396
TCGA-DB-A64V-01A-11R-A29R-07,lgg,tumor,1.668980179
TCGA-DB-A64W-01A-11R-A29R-07,lgg,tumor,2.219343209
TCGA-DB-A64X-01A-11R-A29R-07,lgg,tumor,2.861571752
TCGA-DB-A75K-01A-11R-A32Q-07,lgg,tumor,2.428808828
TCGA-DB-A75L-01A-11R-A32Q-07,lgg,tumor,2.486659458
TCGA-DB-A75M-01A-11R-A32Q-07,lgg,tumor,2.370102288
TCGA-DB-A75O-01A-11R-A32Q-07,lgg,tumor,2.331305568
TCGA-DB-A75P-01A-11R-A32Q-07,lgg,tumor,2.648572384
TCGA-DH-5140-01A-01R-1470-07,lgg,tumor,2.173252977
TCGA-DH-5141-01A-01R-1470-07,lgg,tumor,2.184979744
TCGA-DH-5142-01A-01R-1470-07,lgg,tumor,2.369422384
TCGA-DH-5143-01A-01R-1470-07,lgg,tumor,2.450937913
TCGA-DH-5144-01A-01R-1470-07,lgg,tumor,2.509903525
TCGA-DH-A669-01A-12R-A31N-07,lgg,tumor,2.647045693
TCGA-DH-A669-02A-11R-A31N-07,lgg,tumor,2.847536479
TCGA-DH-A66B-01A-11R-A29R-07,lgg,tumor,1.739460766
TCGA-DH-A66D-01A-11R-A31N-07,lgg,tumor,2.763682546
TCGA-DH-A66F-01A-11R-A29R-07,lgg,tumor,1.731531605
TCGA-DH-A66G-01A-21R-A31N-07,lgg,tumor,2.925910968
TCGA-DH-A7UR-01A-11R-A33Z-07,lgg,tumor,2.557427068
TCGA-DH-A7US-01A-11R-A33Z-07,lgg,tumor,1.860828049
TCGA-DH-A7UT-01A-12R-A34F-07,lgg,tumor,2.731307146
TCGA-DH-A7UU-01A-12R-A34F-07,lgg,tumor,2.480189203
TCGA-DH-A7UV-01A-12R-A34F-07,lgg,tumor,1.903737273
TCGA-DU-5847-01A-11R-1708-07,lgg,tumor,2.215537414
TCGA-DU-5849-01A-11R-1708-07,lgg,tumor,2.086136385
TCGA-DU-5851-01A-13R-1896-07,lgg,tumor,2.852095203
TCGA-DU-5852-01A-11R-1708-07,lgg,tumor,2.474443542
TCGA-DU-5853-01A-11R-1896-07,lgg,tumor,2.596522713
TCGA-DU-5854-01A-11R-1708-07,lgg,tumor,2.169449735
TCGA-DU-5855-01A-11R-1708-07,lgg,tumor,2.463635658
TCGA-DU-5870-01A-11R-1708-07,lgg,tumor,2.651013026
TCGA-DU-5870-02A-12R-A36H-07,lgg,tumor,2.77134712
TCGA-DU-5871-01A-12R-1708-07,lgg,tumor,2.595312833
TCGA-DU-5872-01A-11R-1708-07,lgg,tumor,2.349198347
TCGA-DU-5872-02A-21R-A36H-07,lgg,tumor,1.734728809
TCGA-DU-5874-01A-11R-1708-07,lgg,tumor,2.610327611
TCGA-DU-6392-01A-11R-1708-07,lgg,tumor,1.54385629
TCGA-DU-6393-01A-11R-1708-07,lgg,tumor,2.175840466
TCGA-DU-6394-01A-11R-1708-07,lgg,tumor,2.146546469
TCGA-DU-6395-01A-13R-1708-07,lgg,tumor,2.73106652
TCGA-DU-6396-01A-11R-1708-07,lgg,tumor,1.859304594
TCGA-DU-6397-01A-11R-1708-07,lgg,tumor,2.150219692
TCGA-DU-6397-02A-12R-A36H-07,lgg,tumor,2.542582884
TCGA-DU-6399-01A-12R-1708-07,lgg,tumor,2.464196207
TCGA-DU-6400-01A-12R-1708-07,lgg,tumor,2.787394039
TCGA-DU-6401-01A-11R-1708-07,lgg,tumor,2.994021463
TCGA-DU-6402-01A-11R-1708-07,lgg,tumor,2.001928347
TCGA-DU-6403-01A-11R-1708-07,lgg,tumor,2.235033289
TCGA-DU-6404-01A-11R-1708-07,lgg,tumor,2.522487512
TCGA-DU-6404-02B-11R-A36H-07,lgg,tumor,2.788815138
TCGA-DU-6405-01A-11R-1708-07,lgg,tumor,2.264710084
TCGA-DU-6406-01A-11R-1708-07,lgg,tumor,1.546619223
TCGA-DU-6407-01A-13R-1708-07,lgg,tumor,2.238441179
TCGA-DU-6407-02B-11R-A36H-07,lgg,tumor,1.822958965
TCGA-DU-6408-01A-11R-1708-07,lgg,tumor,2.522963166
TCGA-DU-6410-01A-11R-1896-07,lgg,tumor,2.506803924
TCGA-DU-6542-01A-11R-1896-07,lgg,tumor,1.688426496
TCGA-DU-7006-01A-11R-2027-07,lgg,tumor,1.924293134
TCGA-DU-7007-01A-11R-2027-07,lgg,tumor,2.578039221
TCGA-DU-7008-01A-11R-2027-07,lgg,tumor,2.684221139
TCGA-DU-7009-01A-11R-2027-07,lgg,tumor,2.675057036
TCGA-DU-7010-01A-11R-2027-07,lgg,tumor,2.449591008
TCGA-DU-7011-01A-11R-2027-07,lgg,tumor,2.172335313
TCGA-DU-7012-01A-11R-2027-07,lgg,tumor,2.172841574
TCGA-DU-7013-01A-11R-2027-07,lgg,tumor,2.568701235
TCGA-DU-7014-01A-11R-2027-07,lgg,tumor,2.632842133
TCGA-DU-7015-01A-11R-2027-07,lgg,tumor,2.084796618
TCGA-DU-7018-01A-11R-2027-07,lgg,tumor,2.623666057
TCGA-DU-7019-01A-11R-2027-07,lgg,tumor,2.479421505
TCGA-DU-7290-01A-11R-2027-07,lgg,tumor,2.366845113
TCGA-DU-7292-01A-11R-2027-07,lgg,tumor,2.452961867
TCGA-DU-7294-01A-11R-2027-07,lgg,tumor,2.633424813
TCGA-DU-7298-01A-11R-2027-07,lgg,tumor,2.329012231
TCGA-DU-7299-01A-21R-2027-07,lgg,tumor,2.255912723
TCGA-DU-7300-01A-21R-2090-07,lgg,tumor,2.266829472
TCGA-DU-7301-01A-11R-2090-07,lgg,tumor,1.561202427
TCGA-DU-7302-01A-11R-2090-07,lgg,tumor,2.514736488
TCGA-DU-7304-01A-12R-2090-07,lgg,tumor,2.354418137
TCGA-DU-7304-02A-12R-A36H-07,lgg,tumor,2.833588182
TCGA-DU-7306-01A-11R-2090-07,lgg,tumor,2.473104219
TCGA-DU-7309-01A-11R-2090-07,lgg,tumor,2.708933261
TCGA-DU-8158-01A-11R-2256-07,lgg,tumor,2.240459258
TCGA-DU-8161-01A-11R-2256-07,lgg,tumor,1.831238257
TCGA-DU-8162-01A-21R-2256-07,lgg,tumor,2.892511879
TCGA-DU-8163-01A-11R-2256-07,lgg,tumor,2.627051267
TCGA-DU-8164-01A-11R-2256-07,lgg,tumor,2.850954941
TCGA-DU-8165-01A-11R-2256-07,lgg,tumor,1.733641455
TCGA-DU-8166-01A-11R-2256-07,lgg,tumor,2.627507221
TCGA-DU-8167-01A-11R-2256-07,lgg,tumor,2.358612275
TCGA-DU-8168-01A-11R-2256-07,lgg,tumor,2.742938935
TCGA-DU-A5TP-01A-11R-A28M-07,lgg,tumor,2.385333614
TCGA-DU-A5TR-01A-11R-A28M-07,lgg,tumor,2.5673572
TCGA-DU-A5TS-01A-11R-A28M-07,lgg,tumor,2.784462103
TCGA-DU-A5TT-01A-11R-A28M-07,lgg,tumor,2.823586763
TCGA-DU-A5TU-01A-11R-A28M-07,lgg,tumor,1.660143613
TCGA-DU-A5TW-01A-11R-A28M-07,lgg,tumor,2.450516322
TCGA-DU-A5TY-01A-11R-A28M-07,lgg,tumor,1.763980395
TCGA-DU-A6S2-01A-21R-A32Q-07,lgg,tumor,2.385470414
TCGA-DU-A6S3-01A-12R-A32Q-07,lgg,tumor,2.825975668
TCGA-DU-A6S6-01A-21R-A32Q-07,lgg,tumor,2.206172914
TCGA-DU-A6S7-01A-21R-A32Q-07,lgg,tumor,2.389674768
TCGA-DU-A6S8-01A-12R-A32Q-07,lgg,tumor,2.371344093
TCGA-DU-A76K-01A-11R-A33Z-07,lgg,tumor,2.080504306
TCGA-DU-A76L-01A-11R-A32Q-07,lgg,tumor,1.635297425
TCGA-DU-A76O-01A-11R-A32Q-07,lgg,tumor,1.857184082
TCGA-DU-A76R-01A-11R-A32Q-07,lgg,tumor,2.441052348
TCGA-DU-A7T6-01A-11R-A33Z-07,lgg,tumor,1.718695551
TCGA-DU-A7T8-01A-21R-A34R-07,lgg,tumor,2.827779426
TCGA-DU-A7TA-01A-11R-A33Z-07,lgg,tumor,2.465015245
TCGA-DU-A7TB-01A-11R-A33Z-07,lgg,tumor,2.472680673
TCGA-DU-A7TC-01A-21R-A34R-07,lgg,tumor,2.441461316
TCGA-DU-A7TD-01A-12R-A34F-07,lgg,tumor,2.40681744
TCGA-DU-A7TG-01A-21R-A34R-07,lgg,tumor,3.022879172
TCGA-DU-A7TI-01A-11R-A33Z-07,lgg,tumor,2.55966035
TCGA-DU-A7TJ-01A-11R-A34R-07,lgg,tumor,2.52224794
TCGA-E1-5302-01A-01R-1470-07,lgg,tumor,2.693145409
TCGA-E1-5303-01A-01R-1470-07,lgg,tumor,2.275964544
TCGA-E1-5304-01A-01R-1470-07,lgg,tumor,2.685471968
TCGA-E1-5305-01A-01R-1896-07,lgg,tumor,2.57173314
TCGA-E1-5307-01A-01R-1896-07,lgg,tumor,2.637274169
TCGA-E1-5311-01A-01R-1470-07,lgg,tumor,2.75388406
TCGA-E1-5318-01A-01R-1470-07,lgg,tumor,2.693242797
TCGA-E1-5319-01A-01R-1896-07,lgg,tumor,1.551771733
TCGA-E1-5322-01A-01R-1470-07,lgg,tumor,2.114722486
TCGA-E1-A7YD-01A-11R-A34F-07,lgg,tumor,2.43441255
TCGA-E1-A7YE-01A-11R-A34F-07,lgg,tumor,2.616390153
TCGA-E1-A7YH-01A-11R-A34F-07,lgg,tumor,2.278326523
TCGA-E1-A7YI-01A-11R-A34F-07,lgg,tumor,2.901010517
TCGA-E1-A7YJ-01A-11R-A34F-07,lgg,tumor,2.482082099
TCGA-E1-A7YK-01A-11R-A34F-07,lgg,tumor,2.63508249
TCGA-E1-A7YL-01A-11R-A34F-07,lgg,tumor,2.930162541
TCGA-E1-A7YM-01A-11R-A34F-07,lgg,tumor,2.458913638
TCGA-E1-A7YN-01A-11R-A34F-07,lgg,tumor,2.135183497
TCGA-E1-A7YO-01A-11R-A34F-07,lgg,tumor,2.345871926
TCGA-E1-A7YQ-01A-11R-A34R-07,lgg,tumor,2.149088424
TCGA-E1-A7YS-01A-11R-A34F-07,lgg,tumor,2.611500569
TCGA-E1-A7YU-01A-11R-A34R-07,lgg,tumor,2.376877376
TCGA-E1-A7YV-01A-11R-A34R-07,lgg,tumor,2.658456087
TCGA-E1-A7YW-01A-11R-A34R-07,lgg,tumor,2.383681664
TCGA-E1-A7YY-01A-11R-A34R-07,lgg,tumor,2.482623261
TCGA-E1-A7Z2-01A-21R-A34R-07,lgg,tumor,2.726862229
TCGA-E1-A7Z3-01A-11R-A34R-07,lgg,tumor,2.199190646
TCGA-E1-A7Z4-01A-11R-A34R-07,lgg,tumor,2.225453078
TCGA-E1-A7Z6-01A-11R-A34R-07,lgg,tumor,3.072562096
TCGA-EZ-7264-01A-11R-2027-07,lgg,tumor,2.13505003
TCGA-F6-A8O3-01A-11R-A36H-07,lgg,tumor,2.561477733
TCGA-F6-A8O4-01A-11R-A36H-07,lgg,tumor,2.559212173
TCGA-FG-5962-01B-11R-1896-07,lgg,tumor,2.429785385
TCGA-FG-5963-01A-11R-1708-07,lgg,tumor,2.324147884
TCGA-FG-5963-02A-12R-A29R-07,lgg,tumor,2.187321502
TCGA-FG-5964-01A-11R-1708-07,lgg,tumor,2.244174954
TCGA-FG-5965-01B-11R-1896-07,lgg,tumor,2.778368004
TCGA-FG-5965-02B-11R-A29R-07,lgg,tumor,2.556677187
TCGA-FG-6688-01A-11R-1896-07,lgg,tumor,2.134485427
TCGA-FG-6689-01A-11R-1896-07,lgg,tumor,2.515292221
TCGA-FG-6690-01A-11R-1896-07,lgg,tumor,2.19073387
TCGA-FG-6691-01A-11R-1896-07,lgg,tumor,1.694656037
TCGA-FG-6692-01A-11R-1896-07,lgg,tumor,2.57891973
TCGA-FG-7634-01A-11R-2090-07,lgg,tumor,2.395494751
TCGA-FG-7636-01A-11R-2090-07,lgg,tumor,2.025187357
TCGA-FG-7637-01A-11R-2090-07,lgg,tumor,2.676359572
TCGA-FG-7638-01B-12R-2090-07,lgg,tumor,2.351062129
TCGA-FG-7641-01B-11R-2256-07,lgg,tumor,1.70621491
TCGA-FG-7643-01A-11R-2090-07,lgg,tumor,2.616907574
TCGA-FG-8181-01A-11R-2256-07,lgg,tumor,2.899078437
TCGA-FG-8182-01A-11R-2256-07,lgg,tumor,2.369521074
TCGA-FG-8185-01A-11R-2256-07,lgg,tumor,2.759803138
TCGA-FG-8186-01A-11R-2256-07,lgg,tumor,2.319808407
TCGA-FG-8187-01A-11R-2256-07,lgg,tumor,2.71397656
TCGA-FG-8188-01A-11R-2256-07,lgg,tumor,2.543099357
TCGA-FG-8189-01B-11R-A28M-07,lgg,tumor,2.415297252
TCGA-FG-8191-01A-11R-2256-07,lgg,tumor,2.478507395
TCGA-FG-A4MT-01A-11R-A26U-07,lgg,tumor,1.981270854
TCGA-FG-A4MT-02A-11R-A29R-07,lgg,tumor,2.460064261
TCGA-FG-A4MU-01B-11R-A28M-07,lgg,tumor,2.402996237
TCGA-FG-A4MW-01A-11R-A26U-07,lgg,tumor,2.261622575
TCGA-FG-A4MX-01A-11R-A26U-07,lgg,tumor,2.918306494
TCGA-FG-A4MY-01A-11R-A26U-07,lgg,tumor,2.460540301
TCGA-FG-A60J-01A-11R-A28M-07,lgg,tumor,2.388008966
TCGA-FG-A60K-01A-11R-A29R-07,lgg,tumor,2.407152665
TCGA-FG-A60L-01A-12R-A31N-07,lgg,tumor,2.763811874
TCGA-FG-A6IZ-01A-11R-A31N-07,lgg,tumor,2.44325023
TCGA-FG-A6J1-01A-11R-A31N-07,lgg,tumor,2.692803944
TCGA-FG-A6J3-01A-11R-A31N-07,lgg,tumor,2.276164466
TCGA-FG-A70Y-01A-12R-A34R-07,lgg,tumor,2.67425454
TCGA-FG-A70Z-01A-12R-A33Z-07,lgg,tumor,2.083975068
TCGA-FG-A710-01A-12R-A33Z-07,lgg,tumor,2.256571128
TCGA-FG-A711-01A-21R-A33Z-07,lgg,tumor,2.331955234
TCGA-FG-A713-01A-11R-A32Q-07,lgg,tumor,1.695726091
TCGA-FG-A87N-01A-11R-A36H-07,lgg,tumor,2.408481252
TCGA-FG-A87Q-01A-11R-A36H-07,lgg,tumor,1.876456013
TCGA-FN-7833-01A-11R-2090-07,lgg,tumor,2.441100051
TCGA-HT-7467-01A-11R-2027-07,lgg,tumor,2.526773005
TCGA-HT-7468-01A-11R-2027-07,lgg,tumor,2.263669426
TCGA-HT-7469-01A-11R-2256-07,lgg,tumor,2.662384353
TCGA-HT-7470-01A-12R-2090-07,lgg,tumor,2.700447409
TCGA-HT-7471-01A-11R-2256-07,lgg,tumor,2.357796272
TCGA-HT-7472-01A-11R-2027-07,lgg,tumor,1.904230503
TCGA-HT-7473-01A-11R-2027-07,lgg,tumor,1.726890139
TCGA-HT-7474-01A-11R-2027-07,lgg,tumor,2.157303443
TCGA-HT-7475-01A-11R-2027-07,lgg,tumor,2.491734828
TCGA-HT-7476-01A-11R-2027-07,lgg,tumor,2.287500917
TCGA-HT-7477-01B-11R-A28M-07,lgg,tumor,2.317225324
TCGA-HT-7478-01A-11R-2027-07,lgg,tumor,2.476501494
TCGA-HT-7479-01A-11R-2027-07,lgg,tumor,2.394106782
TCGA-HT-7480-01A-11R-2090-07,lgg,tumor,2.197443701
TCGA-HT-7481-01A-11R-2027-07,lgg,tumor,2.475671195
TCGA-HT-7482-01A-11R-2027-07,lgg,tumor,2.518343964
TCGA-HT-7483-01A-11R-2027-07,lgg,tumor,2.590872842
TCGA-HT-7485-01A-11R-2027-07,lgg,tumor,2.337776868
TCGA-HT-7601-01A-11R-2090-07,lgg,tumor,2.115932178
TCGA-HT-7602-01A-21R-2090-07,lgg,tumor,2.660241214
TCGA-HT-7603-01A-21R-2090-07,lgg,tumor,2.364453486
TCGA-HT-7604-01A-11R-2090-07,lgg,tumor,2.269069684
TCGA-HT-7605-01A-11R-2090-07,lgg,tumor,2.590928945
TCGA-HT-7606-01A-11R-2090-07,lgg,tumor,2.596208999
TCGA-HT-7607-01A-11R-2090-07,lgg,tumor,2.036718925
TCGA-HT-7608-01A-11R-2090-07,lgg,tumor,2.803499885
TCGA-HT-7609-01A-11R-2090-07,lgg,tumor,2.496797552
TCGA-HT-7610-01A-21R-2090-07,lgg,tumor,2.539518424
TCGA-HT-7611-01A-11R-2403-07,lgg,tumor,1.977225157
TCGA-HT-7616-01A-11R-2256-07,lgg,tumor,2.508144841
TCGA-HT-7620-01A-11R-2256-07,lgg,tumor,2.598548526
TCGA-HT-7676-01A-11R-2403-07,lgg,tumor,2.63514315
TCGA-HT-7677-01A-11R-2256-07,lgg,tumor,2.985383503
TCGA-HT-7680-01A-11R-2256-07,lgg,tumor,2.651437236
TCGA-HT-7681-01A-11R-2403-07,lgg,tumor,2.596321883
TCGA-HT-7684-01A-11R-2256-07,lgg,tumor,2.559994633
TCGA-HT-7686-01A-11R-2256-07,lgg,tumor,2.572964153
TCGA-HT-7687-01A-11R-2256-07,lgg,tumor,2.314473417
TCGA-HT-7688-01A-11R-2256-07,lgg,tumor,2.689737527
TCGA-HT-7689-01A-11R-2256-07,lgg,tumor,2.728677017
TCGA-HT-7690-01A-11R-2256-07,lgg,tumor,2.406161119
TCGA-HT-7691-01A-11R-2256-07,lgg,tumor,2.662563253
TCGA-HT-7692-01A-12R-2256-07,lgg,tumor,2.929926288
TCGA-HT-7693-01A-11R-2256-07,lgg,tumor,2.192162439
TCGA-HT-7694-01A-11R-2256-07,lgg,tumor,2.302663465
TCGA-HT-7695-01A-11R-2256-07,lgg,tumor,2.521889232
TCGA-HT-7854-01A-11R-2256-07,lgg,tumor,2.531157775
TCGA-HT-7855-01A-11R-2403-07,lgg,tumor,2.177278194
TCGA-HT-7856-01A-11R-2403-07,lgg,tumor,2.496570329
TCGA-HT-7857-01A-11R-2403-07,lgg,tumor,2.19824517
TCGA-HT-7858-01A-11R-2403-07,lgg,tumor,2.284850277
TCGA-HT-7860-01A-11R-2403-07,lgg,tumor,2.32572839
TCGA-HT-7873-01B-11R-2403-07,lgg,tumor,2.742635817
TCGA-HT-7874-01A-11R-2403-07,lgg,tumor,2.313260415
TCGA-HT-7875-01A-11R-2403-07,lgg,tumor,2.148112399
TCGA-HT-7877-01A-11R-2403-07,lgg,tumor,2.105706463
TCGA-HT-7879-01A-11R-2403-07,lgg,tumor,2.352588302
TCGA-HT-7880-01A-11R-2403-07,lgg,tumor,2.558419729
TCGA-HT-7881-01A-11R-2403-07,lgg,tumor,2.265498687
TCGA-HT-7882-01A-11R-2403-07,lgg,tumor,2.495421341
TCGA-HT-7884-01B-11R-2403-07,lgg,tumor,2.453589283
TCGA-HT-7902-01A-12R-2403-07,lgg,tumor,2.804277744
TCGA-HT-8010-01A-11R-2403-07,lgg,tumor,2.590359609
TCGA-HT-8011-01A-11R-2403-07,lgg,tumor,2.408625021
TCGA-HT-8012-01A-11R-2403-07,lgg,tumor,2.589501796
TCGA-HT-8013-01A-11R-2403-07,lgg,tumor,1.809507477
TCGA-HT-8015-01B-11R-A28M-07,lgg,tumor,2.595267283
TCGA-HT-8018-01A-11R-2404-07,lgg,tumor,2.566444431
TCGA-HT-8019-01A-21R-2404-07,lgg,tumor,2.880760024
TCGA-HT-8104-01A-11R-2404-07,lgg,tumor,2.323260678
TCGA-HT-8105-01A-11R-2404-07,lgg,tumor,2.738600307
TCGA-HT-8106-01A-11R-2404-07,lgg,tumor,2.353796318
TCGA-HT-8107-01A-13R-2404-07,lgg,tumor,2.987566091
TCGA-HT-8108-01A-11R-2404-07,lgg,tumor,2.268062658
TCGA-HT-8109-01A-11R-2404-07,lgg,tumor,2.566605091
TCGA-HT-8110-01A-11R-2404-07,lgg,tumor,2.162599162
TCGA-HT-8111-01A-11R-2404-07,lgg,tumor,2.422492213
TCGA-HT-8113-01A-11R-2404-07,lgg,tumor,2.599435011
TCGA-HT-8114-01A-11R-2404-07,lgg,tumor,2.151179684
TCGA-HT-8558-01A-21R-2404-07,lgg,tumor,2.231614189
TCGA-HT-8563-01A-11R-2404-07,lgg,tumor,2.059744601
TCGA-HT-8564-01A-11R-2404-07,lgg,tumor,2.164810933
TCGA-HT-A4DS-01A-11R-A26U-07,lgg,tumor,2.16183233
TCGA-HT-A4DV-01A-11R-A26U-07,lgg,tumor,2.39785327
TCGA-HT-A5R5-01A-11R-A28M-07,lgg,tumor,2.703409518
TCGA-HT-A5R7-01A-11R-A28M-07,lgg,tumor,2.267445854
TCGA-HT-A5R9-01A-11R-A28M-07,lgg,tumor,2.773616649
TCGA-HT-A5RA-01A-11R-A28M-07,lgg,tumor,2.223577945
TCGA-HT-A5RB-01A-11R-A28M-07,lgg,tumor,2.083682559
TCGA-HT-A5RC-01A-11R-A28M-07,lgg,tumor,3.00617574
TCGA-HT-A614-01A-11R-A29R-07,lgg,tumor,2.371319502
TCGA-HT-A615-01A-11R-A29R-07,lgg,tumor,2.010962962
TCGA-HT-A616-01A-11R-A29R-07,lgg,tumor,2.358138772
TCGA-HT-A617-01A-11R-A29R-07,lgg,tumor,1.373032216
TCGA-HT-A618-01A-11R-A29R-07,lgg,tumor,2.11355394
TCGA-HT-A619-01A-11R-A29R-07,lgg,tumor,2.138545878
TCGA-HT-A61A-01A-11R-A29R-07,lgg,tumor,2.575002298
TCGA-HT-A61B-01A-11R-A29R-07,lgg,tumor,2.135849732
TCGA-HT-A61C-01A-11R-A29R-07,lgg,tumor,1.741042809
TCGA-HT-A74H-01A-11R-A32Q-07,lgg,tumor,2.532532007
TCGA-HT-A74J-01A-12R-A32Q-07,lgg,tumor,2.412621702
TCGA-HT-A74K-01A-11R-A32Q-07,lgg,tumor,2.29833301
TCGA-HT-A74L-01A-11R-A32Q-07,lgg,tumor,2.527633455
TCGA-HT-A74O-01A-11R-A32Q-07,lgg,tumor,2.512749899
TCGA-HW-7486-01A-11R-2027-07,lgg,tumor,2.557874236
TCGA-HW-7487-01A-11R-2027-07,lgg,tumor,2.742132232
TCGA-HW-7489-01A-11R-2027-07,lgg,tumor,2.466455981
TCGA-HW-7490-01A-11R-2027-07,lgg,tumor,2.366544552
TCGA-HW-7491-01A-11R-2027-07,lgg,tumor,2.696560124
TCGA-HW-7493-01A-11R-2027-07,lgg,tumor,2.679368684
TCGA-HW-7495-01A-11R-2027-07,lgg,tumor,2.402125317
TCGA-HW-8319-01A-11R-2404-07,lgg,tumor,2.377268674
TCGA-HW-8320-01A-11R-2404-07,lgg,tumor,2.397501333
TCGA-HW-8321-01A-11R-2404-07,lgg,tumor,2.910094392
TCGA-HW-8322-01A-11R-2404-07,lgg,tumor,2.492090489
TCGA-HW-A5KJ-01A-12R-A27Q-07,lgg,tumor,2.546377819
TCGA-HW-A5KK-01A-11R-A27Q-07,lgg,tumor,2.425012251
TCGA-HW-A5KL-01A-11R-A27Q-07,lgg,tumor,2.492114775
TCGA-HW-A5KM-01A-11R-A27Q-07,lgg,tumor,2.177976947
TCGA-IK-7675-01A-11R-2090-07,lgg,tumor,2.531153806
TCGA-IK-8125-01A-11R-2256-07,lgg,tumor,2.524301264
TCGA-KT-A74X-01A-11R-A32Q-07,lgg,tumor,2.421287238
TCGA-KT-A7W1-01A-11R-A34F-07,lgg,tumor,2.856489438
TCGA-P5-A5ET-01A-11R-A27Q-07,lgg,tumor,2.536229726
TCGA-P5-A5EU-01A-11R-A27Q-07,lgg,tumor,2.36703717
TCGA-P5-A5EV-01A-11R-A27Q-07,lgg,tumor,2.297410549
TCGA-P5-A5EW-01A-11R-A27Q-07,lgg,tumor,2.510188234
TCGA-P5-A5EX-01A-12R-A28M-07,lgg,tumor,2.185187297
TCGA-P5-A5EY-01A-11R-A27Q-07,lgg,tumor,2.478275514
TCGA-P5-A5EZ-01A-11R-A27Q-07,lgg,tumor,2.257970172
TCGA-P5-A5F0-01A-11R-A28M-07,lgg,tumor,2.503630946
TCGA-P5-A5F1-01A-11R-A28M-07,lgg,tumor,1.851914166
TCGA-P5-A5F2-01A-11R-A28M-07,lgg,tumor,2.849830808
TCGA-P5-A5F4-01A-11R-A28M-07,lgg,tumor,2.725353697
TCGA-P5-A5F6-01A-11R-A28M-07,lgg,tumor,2.352297789
TCGA-P5-A72U-01A-31R-A32Q-07,lgg,tumor,2.486134149
TCGA-P5-A72W-01A-11R-A32Q-07,lgg,tumor,2.650516556
TCGA-P5-A72X-01A-11R-A32Q-07,lgg,tumor,2.675876407
TCGA-P5-A72Z-01A-11R-A32Q-07,lgg,tumor,2.798735305
TCGA-P5-A730-01A-11R-A32Q-07,lgg,tumor,2.595624431
TCGA-P5-A731-01A-11R-A32Q-07,lgg,tumor,1.655861544
TCGA-P5-A733-01A-11R-A32Q-07,lgg,tumor,2.598044024
TCGA-P5-A735-01A-11R-A32Q-07,lgg,tumor,2.800687765
TCGA-P5-A736-01A-11R-A32Q-07,lgg,tumor,2.046790183
TCGA-P5-A737-01A-11R-A32Q-07,lgg,tumor,2.637169221
TCGA-P5-A77W-01A-11R-A32Q-07,lgg,tumor,2.561856959
TCGA-P5-A77X-01A-11R-A32Q-07,lgg,tumor,1.774746424
TCGA-P5-A780-01A-12R-A32Q-07,lgg,tumor,2.264128209
TCGA-P5-A781-01A-11R-A32Q-07,lgg,tumor,2.52731587
TCGA-QH-A65R-01A-21R-A31N-07,lgg,tumor,2.222102
TCGA-QH-A65S-01A-11R-A29R-07,lgg,tumor,2.566426815
TCGA-QH-A65V-01A-11R-A29R-07,lgg,tumor,2.270013052
TCGA-QH-A65X-01A-11R-A32Q-07,lgg,tumor,2.762176823
TCGA-QH-A65Z-01A-11R-A29R-07,lgg,tumor,2.571198943
TCGA-QH-A6CS-01A-11R-A31N-07,lgg,tumor,2.133227976
TCGA-QH-A6CU-01A-11R-A31N-07,lgg,tumor,2.331990086
TCGA-QH-A6CV-01A-11R-A31N-07,lgg,tumor,2.398920374
TCGA-QH-A6CW-01A-11R-A32Q-07,lgg,tumor,2.596993556
TCGA-QH-A6CX-01A-11R-A32Q-07,lgg,tumor,1.936592494
TCGA-QH-A6CY-01A-11R-A32Q-07,lgg,tumor,2.566097041
TCGA-QH-A6CZ-01A-11R-A32Q-07,lgg,tumor,2.749154174
TCGA-QH-A6X3-01A-21R-A32Q-07,lgg,tumor,2.608097813
TCGA-QH-A6X4-01A-51R-A32Q-07,lgg,tumor,2.713346636
TCGA-QH-A6X5-01A-12R-A32Q-07,lgg,tumor,2.409086764
TCGA-QH-A6X8-01A-12R-A32Q-07,lgg,tumor,2.39041761
TCGA-QH-A6X9-01A-12R-A32Q-07,lgg,tumor,2.482087249
TCGA-QH-A6XA-01A-12R-A32Q-07,lgg,tumor,2.346671606
TCGA-QH-A6XC-01A-12R-A32Q-07,lgg,tumor,2.45253534
TCGA-QH-A86X-01A-11R-A36H-07,lgg,tumor,2.706097992
TCGA-QH-A870-01A-11R-A36H-07,lgg,tumor,2.631727074
TCGA-R8-A6MK-01A-11R-A32Q-07,lgg,tumor,2.608323557
TCGA-R8-A6ML-01A-11R-A32Q-07,lgg,tumor,2.37462102
TCGA-R8-A6MO-01A-11R-A33Z-07,lgg,tumor,2.444781993
TCGA-R8-A6YH-01A-21R-A32Q-07,lgg,tumor,2.586718101
TCGA-R8-A73M-01A-11R-A32Q-07,lgg,tumor,2.31372619
TCGA-RY-A83X-01A-11R-A36H-07,lgg,tumor,2.282419379
TCGA-RY-A83Y-01A-11R-A36H-07,lgg,tumor,1.794618907
TCGA-RY-A83Z-01A-11R-A36H-07,lgg,tumor,2.734143176
TCGA-RY-A840-01A-11R-A36H-07,lgg,tumor,2.829312928
TCGA-RY-A843-01A-11R-A36H-07,lgg,tumor,2.057856078
TCGA-RY-A845-01A-11R-A36H-07,lgg,tumor,2.786263563
TCGA-RY-A847-01A-11R-A36H-07,lgg,tumor,2.484864396
TCGA-S9-A6TS-01A-12R-A33Z-07,lgg,tumor,2.053696036
TCGA-S9-A6TU-01A-12R-A32Q-07,lgg,tumor,2.533008256
TCGA-S9-A6TV-01A-12R-A34R-07,lgg,tumor,2.571879685
TCGA-S9-A6TW-01A-12R-A32Q-07,lgg,tumor,2.367828836
TCGA-S9-A6TX-01A-21R-A32Q-07,lgg,tumor,2.776183059
TCGA-S9-A6TY-01A-12R-A32Q-07,lgg,tumor,2.420334254
TCGA-S9-A6TZ-01A-21R-A32Q-07,lgg,tumor,2.35279259
TCGA-S9-A6U0-01A-12R-A32Q-07,lgg,tumor,2.470012684
TCGA-S9-A6U1-01A-21R-A33Z-07,lgg,tumor,2.417090188
TCGA-S9-A6U2-01A-21R-A33Z-07,lgg,tumor,2.954937598
TCGA-S9-A6U5-01A-12R-A33Z-07,lgg,tumor,2.56611915
TCGA-S9-A6U6-01A-12R-A33Z-07,lgg,tumor,2.552951667
TCGA-S9-A6U8-01A-21R-A33Z-07,lgg,tumor,2.568499894
TCGA-S9-A6U9-01A-11R-A32Q-07,lgg,tumor,2.427484125
TCGA-S9-A6UA-01A-12R-A33Z-07,lgg,tumor,2.586684409
TCGA-S9-A6UB-01A-21R-A33Z-07,lgg,tumor,2.645057982
TCGA-S9-A6WD-01A-12R-A33Z-07,lgg,tumor,2.34441682
TCGA-S9-A6WE-01A-12R-A33Z-07,lgg,tumor,2.643674323
TCGA-S9-A6WG-01A-11R-A33Z-07,lgg,tumor,2.641713987
TCGA-S9-A6WH-01A-12R-A33Z-07,lgg,tumor,2.570278885
TCGA-S9-A6WI-01A-21R-A33Z-07,lgg,tumor,2.916029806
TCGA-S9-A6WL-01A-21R-A33Z-07,lgg,tumor,2.486897743
TCGA-S9-A6WM-01A-12R-A33Z-07,lgg,tumor,2.723033958
TCGA-S9-A6WN-01A-12R-A33Z-07,lgg,tumor,2.343632584
TCGA-S9-A6WO-01A-21R-A34F-07,lgg,tumor,2.486652596
TCGA-S9-A6WP-01A-12R-A34F-07,lgg,tumor,2.304446287
TCGA-S9-A6WQ-01A-12R-A34F-07,lgg,tumor,2.905956251
TCGA-S9-A7IQ-01A-21R-A34F-07,lgg,tumor,2.292912867
TCGA-S9-A7IS-01A-11R-A34F-07,lgg,tumor,3.010490303
TCGA-S9-A7IX-01A-12R-A34F-07,lgg,tumor,2.203768698
TCGA-S9-A7IY-01A-11R-A34F-07,lgg,tumor,2.512602107
TCGA-S9-A7IZ-01A-11R-A34F-07,lgg,tumor,2.597723339
TCGA-S9-A7J0-01A-11R-A34F-07,lgg,tumor,2.490192844
TCGA-S9-A7J1-01A-21R-A34R-07,lgg,tumor,2.334553159
TCGA-S9-A7J2-01A-11R-A34F-07,lgg,tumor,2.6963179
TCGA-S9-A7J3-01A-21R-A34R-07,lgg,tumor,2.835356314
TCGA-S9-A7QW-01A-11R-A34F-07,lgg,tumor,2.65696209
TCGA-S9-A7QX-01A-11R-A34F-07,lgg,tumor,2.521425689
TCGA-S9-A7QY-01A-11R-A34F-07,lgg,tumor,2.681686756
TCGA-S9-A7QZ-01A-12R-A34R-07,lgg,tumor,2.554981415
TCGA-S9-A7R1-01A-12R-A34R-07,lgg,tumor,2.759697135
TCGA-S9-A7R2-01A-21R-A34R-07,lgg,tumor,2.273502855
TCGA-S9-A7R3-01A-11R-A34R-07,lgg,tumor,1.66031803
TCGA-S9-A7R4-01A-12R-A34R-07,lgg,tumor,2.503724809
TCGA-S9-A7R7-01A-11R-A34R-07,lgg,tumor,2.10223832
TCGA-S9-A7R8-01A-11R-A34R-07,lgg,tumor,2.434790991
TCGA-S9-A89V-01A-11R-A36H-07,lgg,tumor,2.537028685
TCGA-S9-A89Z-01A-11R-A36H-07,lgg,tumor,2.095126025
TCGA-TM-A7C3-01A-11R-A32Q-07,lgg,tumor,2.210196497
TCGA-TM-A7C4-01A-11R-A32Q-07,lgg,tumor,2.278134868
TCGA-TM-A7C5-01A-11R-A32Q-07,lgg,tumor,2.357794576
TCGA-TM-A7CA-01A-21R-A33Z-07,lgg,tumor,2.902401307
TCGA-TM-A7CF-01A-11R-A32Q-07,lgg,tumor,2.595310617
TCGA-TM-A7CF-02A-11R-A32Q-07,lgg,tumor,2.55491536
TCGA-TM-A84B-01A-11R-A36H-07,lgg,tumor,1.951753024
TCGA-TM-A84C-01A-11R-A36H-07,lgg,tumor,2.773966595
TCGA-TM-A84F-01A-11R-A36H-07,lgg,tumor,2.493593288
TCGA-TM-A84G-01A-11R-A36H-07,lgg,tumor,2.494006034
TCGA-TM-A84H-01A-11R-A36H-07,lgg,tumor,2.826284927
TCGA-TM-A84I-01A-11R-A36H-07,lgg,tumor,2.838681356
TCGA-TM-A84J-01A-11R-A36H-07,lgg,tumor,1.288216418
TCGA-TM-A84L-01A-11R-A36H-07,lgg,tumor,2.343517853
TCGA-TM-A84M-01A-11R-A36H-07,lgg,tumor,2.430134579
TCGA-TM-A84O-01A-11R-A36H-07,lgg,tumor,2.360227281
TCGA-TM-A84Q-01A-11R-A36H-07,lgg,tumor,2.644276366
TCGA-TM-A84R-01A-21R-A36H-07,lgg,tumor,2.461002857
TCGA-TM-A84S-01A-11R-A36H-07,lgg,tumor,2.295326381
TCGA-TM-A84T-01A-11R-A36H-07,lgg,tumor,2.39199039
TCGA-TQ-A7RF-01A-11R-A33Z-07,lgg,tumor,2.916409843
TCGA-TQ-A7RG-01A-11R-A33Z-07,lgg,tumor,2.749306168
TCGA-TQ-A7RH-01A-12R-A34F-07,lgg,tumor,1.988408781
TCGA-TQ-A7RI-01A-11R-A33Z-07,lgg,tumor,2.753437102
TCGA-TQ-A7RJ-01A-11R-A33Z-07,lgg,tumor,2.442224848
TCGA-TQ-A7RK-01A-11R-A33Z-07,lgg,tumor,2.56524512
TCGA-TQ-A7RK-02B-11R-A40A-07,lgg,tumor,2.57304867
TCGA-TQ-A7RM-01A-11R-A33Z-07,lgg,tumor,2.597599341
TCGA-TQ-A7RN-01A-11R-A33Z-07,lgg,tumor,2.555315641
TCGA-TQ-A7RO-01A-11R-A33Z-07,lgg,tumor,2.359470379
TCGA-TQ-A7RP-01A-21R-A34F-07,lgg,tumor,2.433552292
TCGA-TQ-A7RQ-01A-11R-A33Z-07,lgg,tumor,2.930060341
TCGA-TQ-A7RR-01A-21R-A34F-07,lgg,tumor,2.361705002
TCGA-TQ-A7RS-01A-12R-A33Z-07,lgg,tumor,2.572751804
TCGA-TQ-A7RU-01A-21R-A34F-07,lgg,tumor,2.301854771
TCGA-TQ-A7RV-01A-21R-A34F-07,lgg,tumor,2.382595274
TCGA-TQ-A7RV-02A-11R-A36H-07,lgg,tumor,2.544396012
TCGA-TQ-A7RW-01A-11R-A33Z-07,lgg,tumor,1.878196199
TCGA-TQ-A8XE-01A-11R-A36H-07,lgg,tumor,2.523028253
TCGA-TQ-A8XE-02A-11R-A36H-07,lgg,tumor,2.532598354
TCGA-VM-A8C8-01A-11R-A36H-07,lgg,tumor,2.004975919
TCGA-VM-A8C9-01A-11R-A36H-07,lgg,tumor,2.317999678
TCGA-VM-A8CA-01A-11R-A36H-07,lgg,tumor,2.643218342
TCGA-VM-A8CB-01A-11R-A36H-07,lgg,tumor,2.568717941
TCGA-VM-A8CD-01A-11R-A36H-07,lgg,tumor,2.543033227
TCGA-VM-A8CE-01A-11R-A36H-07,lgg,tumor,2.764605746
TCGA-VM-A8CF-01A-11R-A36H-07,lgg,tumor,1.640802352
TCGA-VM-A8CH-01A-12R-A36H-07,lgg,tumor,2.254670539
TCGA-VV-A829-01A-21R-A36H-07,lgg,tumor,2.438338156
TCGA-VV-A86M-01A-11R-A36H-07,lgg,tumor,2.499972985
TCGA-VW-A7QS-01A-12R-A33Z-07,lgg,tumor,2.528742744
TCGA-VW-A8FI-01A-11R-A36H-07,lgg,tumor,2.368367853
TCGA-W9-A837-01A-11R-A36H-07,lgg,tumor,2.202465474
TCGA-WH-A86K-01A-11R-A36H-07,lgg,tumor,2.346050463
TCGA-WY-A858-01A-11R-A36H-07,lgg,tumor,1.958699627
TCGA-WY-A859-01A-12R-A36H-07,lgg,tumor,2.41508274
TCGA-WY-A85A-01A-21R-A36H-07,lgg,tumor,2.575077141
TCGA-WY-A85B-01A-11R-A36H-07,lgg,tumor,1.970069772
TCGA-WY-A85C-01A-11R-A36H-07,lgg,tumor,2.647424066
TCGA-WY-A85D-01A-11R-A36H-07,lgg,tumor,2.399017556
TCGA-WY-A85E-01A-11R-A36H-07,lgg,tumor,2.614165591
TCGA-2V-A95S-01A-11R-A37K-07,lihc,tumor,2.589420354
TCGA-2Y-A9GS-01A-12R-A38B-07,lihc,tumor,2.426950998
TCGA-2Y-A9GT-01A-11R-A38B-07,lihc,tumor,2.864891854
TCGA-2Y-A9GU-01A-11R-A38B-07,lihc,tumor,2.619667561
TCGA-2Y-A9GV-01A-11R-A38B-07,lihc,tumor,2.508432359
TCGA-2Y-A9GW-01A-11R-A38B-07,lihc,tumor,1.392365984
TCGA-2Y-A9GX-01A-11R-A38B-07,lihc,tumor,2.289841803
TCGA-2Y-A9GY-01A-11R-A38B-07,lihc,tumor,2.173055027
TCGA-2Y-A9GZ-01A-11R-A39D-07,lihc,tumor,2.293257675
TCGA-2Y-A9H0-01A-11R-A38B-07,lihc,tumor,2.450681801
TCGA-2Y-A9H1-01A-11R-A38B-07,lihc,tumor,2.762127919
TCGA-2Y-A9H2-01A-12R-A38B-07,lihc,tumor,2.176991093
TCGA-2Y-A9H3-01A-11R-A38B-07,lihc,tumor,2.768068111
TCGA-2Y-A9H4-01A-11R-A38B-07,lihc,tumor,2.659533561
TCGA-2Y-A9H5-01A-11R-A38B-07,lihc,tumor,2.717771929
TCGA-2Y-A9H6-01A-11R-A39D-07,lihc,tumor,2.69493627
TCGA-2Y-A9H7-01A-11R-A39D-07,lihc,tumor,2.412110587
TCGA-2Y-A9H8-01A-11R-A39D-07,lihc,tumor,2.251032696
TCGA-2Y-A9H9-01A-21R-A39D-07,lihc,tumor,2.562040067
TCGA-2Y-A9HA-01A-11R-A39D-07,lihc,tumor,2.193893449
TCGA-2Y-A9HB-01A-11R-A39D-07,lihc,tumor,2.466728328
TCGA-3K-AAZ8-01A-12R-A39D-07,lihc,tumor,2.487379306
TCGA-4R-AA8I-01A-11R-A38B-07,lihc,tumor,2.35955273
TCGA-5C-A9VG-01A-11R-A37K-07,lihc,tumor,2.238038993
TCGA-5C-A9VH-01A-11R-A37K-07,lihc,tumor,2.498424779
TCGA-5C-AAPD-01A-21R-A39D-07,lihc,tumor,2.288231367
TCGA-5R-AA1C-01A-11R-A41C-07,lihc,tumor,2.417566484
TCGA-5R-AA1D-01A-11R-A38B-07,lihc,tumor,2.109794816
TCGA-5R-AAAM-01A-12R-A41C-07,lihc,tumor,2.368886139
TCGA-BC-4072-01B-11R-A155-07,lihc,tumor,2.041202255
TCGA-BC-4073-01B-02R-A131-07,lihc,tumor,2.410609769
TCGA-BC-A10Q-01A-11R-A131-07,lihc,tumor,2.425238641
TCGA-BC-A10R-01A-11R-A131-07,lihc,tumor,2.509413958
TCGA-BC-A10S-01A-22R-A131-07,lihc,tumor,2.030519235
TCGA-BC-A10T-01A-11R-A131-07,lihc,tumor,2.400200401
TCGA-BC-A10U-01A-11R-A131-07,lihc,tumor,2.037967775
TCGA-BC-A10W-01A-11R-A131-07,lihc,tumor,1.918170878
TCGA-BC-A10X-01A-11R-A131-07,lihc,tumor,2.690765422
TCGA-BC-A10Y-01A-11R-A131-07,lihc,tumor,2.766784427
TCGA-BC-A10Z-01A-11R-A131-07,lihc,tumor,2.790671305
TCGA-BC-A110-01A-11R-A131-07,lihc,tumor,2.446741632
TCGA-BC-A112-01A-11R-A131-07,lihc,tumor,2.517036251
TCGA-BC-A216-01A-11R-A155-07,lihc,tumor,2.886995793
TCGA-BC-A217-01A-11R-A155-07,lihc,tumor,1.999535534
TCGA-BC-A3KF-01A-11R-A213-07,lihc,tumor,2.460591626
TCGA-BC-A3KG-01A-11R-A213-07,lihc,tumor,2.867124747
TCGA-BC-A5W4-01A-11R-A28V-07,lihc,tumor,2.739029915
TCGA-BC-A69H-01A-11R-A311-07,lihc,tumor,1.601880018
TCGA-BC-A69I-01A-11R-A311-07,lihc,tumor,2.776698779
TCGA-BC-A8YO-01A-11R-A37K-07,lihc,tumor,2.722740594
TCGA-BD-A2L6-01A-11R-A213-07,lihc,tumor,2.184941865
TCGA-BD-A3EP-01A-11R-A22L-07,lihc,tumor,2.506634187
TCGA-BD-A3ER-01A-11R-A213-07,lihc,tumor,1.926172364
TCGA-BW-A5NO-01A-11R-A27V-07,lihc,tumor,2.458056363
TCGA-BW-A5NP-01A-11R-A27V-07,lihc,tumor,2.731526309
TCGA-BW-A5NQ-01A-11R-A27V-07,lihc,tumor,2.720782483
TCGA-CC-5258-01A-01R-A131-07,lihc,tumor,2.532972193
TCGA-CC-5259-01A-31R-A213-07,lihc,tumor,2.685829395
TCGA-CC-5260-01A-01R-A131-07,lihc,tumor,2.507889234
TCGA-CC-5261-01A-01R-A131-07,lihc,tumor,2.852038936
TCGA-CC-5262-01A-01R-A131-07,lihc,tumor,2.524131706
TCGA-CC-5263-01A-01R-A131-07,lihc,tumor,2.45310881
TCGA-CC-5264-01A-01R-A131-07,lihc,tumor,2.749097978
TCGA-CC-A123-01A-11R-A131-07,lihc,tumor,2.570467832
TCGA-CC-A1HT-01A-11R-A131-07,lihc,tumor,1.95640596
TCGA-CC-A3M9-01A-11R-A213-07,lihc,tumor,1.955834837
TCGA-CC-A3MA-01A-11R-A213-07,lihc,tumor,1.445739062
TCGA-CC-A3MB-01A-11R-A213-07,lihc,tumor,2.523882317
TCGA-CC-A3MC-01A-11R-A22L-07,lihc,tumor,2.281234027
TCGA-CC-A5UC-01A-11R-A28V-07,lihc,tumor,2.143087203
TCGA-CC-A5UD-01A-11R-A28V-07,lihc,tumor,2.718803103
TCGA-CC-A5UE-01A-11R-A28V-07,lihc,tumor,2.005492489
TCGA-CC-A7IE-01A-21R-A38B-07,lihc,tumor,2.438869151
TCGA-CC-A7IF-01A-11R-A33J-07,lihc,tumor,2.505672217
TCGA-CC-A7IG-01A-11R-A33J-07,lihc,tumor,2.523670291
TCGA-CC-A7IH-01A-11R-A33J-07,lihc,tumor,2.679834494
TCGA-CC-A7II-01A-11R-A33J-07,lihc,tumor,2.501832499
TCGA-CC-A7IJ-01A-11R-A33R-07,lihc,tumor,2.378174144
TCGA-CC-A7IK-01A-12R-A33R-07,lihc,tumor,2.815597143
TCGA-CC-A7IL-01A-11R-A33R-07,lihc,tumor,2.577506259
TCGA-CC-A8HS-01A-11R-A36F-07,lihc,tumor,2.507477803
TCGA-CC-A8HT-01A-11R-A36F-07,lihc,tumor,2.71548006
TCGA-CC-A8HU-01A-11R-A36F-07,lihc,tumor,2.661503794
TCGA-CC-A8HV-01A-11R-A36F-07,lihc,tumor,2.86159513
TCGA-CC-A9FS-01A-11R-A37K-07,lihc,tumor,2.66368646
TCGA-CC-A9FU-01A-11R-A37K-07,lihc,tumor,2.854089155
TCGA-CC-A9FV-01A-11R-A37K-07,lihc,tumor,2.350743626
TCGA-CC-A9FW-01A-11R-A37K-07,lihc,tumor,2.731560179
TCGA-DD-A113-01A-11R-A131-07,lihc,tumor,2.48747246
TCGA-DD-A114-01A-11R-A131-07,lihc,tumor,2.460988769
TCGA-DD-A115-01A-11R-A131-07,lihc,tumor,2.030700022
TCGA-DD-A116-01A-11R-A131-07,lihc,tumor,2.58405348
TCGA-DD-A118-01A-11R-A131-07,lihc,tumor,2.431521348
TCGA-DD-A119-01A-11R-A131-07,lihc,tumor,2.170301862
TCGA-DD-A11A-01A-11R-A131-07,lihc,tumor,2.69499183
TCGA-DD-A11B-01A-11R-A131-07,lihc,tumor,2.275815541
TCGA-DD-A11C-01A-11R-A131-07,lihc,tumor,2.639960146
TCGA-DD-A11D-01A-11R-A131-07,lihc,tumor,2.36974495
TCGA-DD-A1EA-01A-11R-A131-07,lihc,tumor,2.671270899
TCGA-DD-A1EB-01A-11R-A131-07,lihc,tumor,3.038690592
TCGA-DD-A1EC-01A-21R-A131-07,lihc,tumor,2.819516245
TCGA-DD-A1ED-01A-11R-A155-07,lihc,tumor,2.38559692
TCGA-DD-A1EE-01A-11R-A131-07,lihc,tumor,2.399179588
TCGA-DD-A1EF-01A-11R-A131-07,lihc,tumor,2.774672042
TCGA-DD-A1EG-01A-11R-A213-07,lihc,tumor,2.185615534
TCGA-DD-A1EH-01A-11R-A131-07,lihc,tumor,2.177566153
TCGA-DD-A1EI-01A-11R-A131-07,lihc,tumor,2.241783667
TCGA-DD-A1EJ-01A-11R-A155-07,lihc,tumor,2.913800339
TCGA-DD-A1EK-01A-11R-A213-07,lihc,tumor,2.317561782
TCGA-DD-A1EL-01A-11R-A155-07,lihc,tumor,2.197367826
TCGA-DD-A39V-01A-11R-A213-07,lihc,tumor,2.649863919
TCGA-DD-A39W-01A-11R-A213-07,lihc,tumor,2.809019237
TCGA-DD-A39X-01A-11R-A213-07,lihc,tumor,1.914270126
TCGA-DD-A39Y-01A-11R-A213-07,lihc,tumor,2.504011496
TCGA-DD-A39Z-01A-11R-A213-07,lihc,tumor,2.829107928
TCGA-DD-A3A1-01A-11R-A213-07,lihc,tumor,2.321076559
TCGA-DD-A3A2-01A-11R-A213-07,lihc,tumor,2.475944057
TCGA-DD-A3A3-01A-11R-A22L-07,lihc,tumor,2.638000359
TCGA-DD-A3A4-01A-11R-A22L-07,lihc,tumor,2.594600008
TCGA-DD-A3A5-01A-11R-A22L-07,lihc,tumor,2.923534279
TCGA-DD-A3A6-01A-11R-A22L-07,lihc,tumor,2.865156724
TCGA-DD-A3A7-01A-11R-A22L-07,lihc,tumor,2.0508725
TCGA-DD-A3A8-01A-11R-A22L-07,lihc,tumor,2.433346947
TCGA-DD-A3A9-01A-11R-A266-07,lihc,tumor,2.679557098
TCGA-DD-A4NA-01A-11R-A266-07,lihc,tumor,2.476236635
TCGA-DD-A4NB-01A-12R-A266-07,lihc,tumor,2.159654219
TCGA-DD-A4ND-01A-11R-A266-07,lihc,tumor,2.528395662
TCGA-DD-A4NE-01A-11R-A27V-07,lihc,tumor,2.76643709
TCGA-DD-A4NF-01A-11R-A27V-07,lihc,tumor,2.593111078
TCGA-DD-A4NG-01A-11R-A27V-07,lihc,tumor,2.308485522
TCGA-DD-A4NH-01A-11R-A27V-07,lihc,tumor,2.526195303
TCGA-DD-A4NI-01A-11R-A27V-07,lihc,tumor,2.565891312
TCGA-DD-A4NJ-01A-11R-A27V-07,lihc,tumor,2.195939803
TCGA-DD-A4NK-01A-11R-A28V-07,lihc,tumor,2.479752918
TCGA-DD-A4NL-01A-11R-A28V-07,lihc,tumor,2.356557736
TCGA-DD-A4NN-01A-11R-A28V-07,lihc,tumor,2.316835029
TCGA-DD-A4NO-01A-11R-A28V-07,lihc,tumor,2.505486791
TCGA-DD-A4NP-01A-11R-A28V-07,lihc,tumor,2.282866632
TCGA-DD-A4NQ-01A-21R-A28V-07,lihc,tumor,2.346108943
TCGA-DD-A4NR-01A-11R-A311-07,lihc,tumor,2.251041827
TCGA-DD-A4NS-01A-11R-A311-07,lihc,tumor,2.560900613
TCGA-DD-A4NV-01A-11R-A311-07,lihc,tumor,2.577083517
TCGA-DD-A73A-01A-12R-A32O-07,lihc,tumor,2.484035725
TCGA-DD-A73B-01A-12R-A32O-07,lihc,tumor,2.905159277
TCGA-DD-A73C-01A-12R-A33J-07,lihc,tumor,2.480008848
TCGA-DD-A73D-01A-12R-A32O-07,lihc,tumor,2.476661463
TCGA-DD-A73E-01A-12R-A32O-07,lihc,tumor,2.521731568
TCGA-DD-A73F-01A-11R-A32O-07,lihc,tumor,2.610605309
TCGA-DD-A73G-01A-22R-A32O-07,lihc,tumor,2.264741829
TCGA-DD-AA3A-01A-11R-A37K-07,lihc,tumor,2.553445503
TCGA-DD-AAC8-01A-11R-A41C-07,lihc,tumor,2.297226453
TCGA-DD-AAC9-01A-11R-A41C-07,lihc,tumor,2.405847577
TCGA-DD-AACA-01A-11R-A41C-07,lihc,tumor,2.797012566
TCGA-DD-AACA-02B-11R-A41C-07,lihc,tumor,2.699591319
TCGA-DD-AACB-01A-11R-A41C-07,lihc,tumor,2.51582456
TCGA-DD-AACC-01A-11R-A41C-07,lihc,tumor,2.34528552
TCGA-DD-AACD-01A-11R-A41C-07,lihc,tumor,2.224866004
TCGA-DD-AACE-01A-11R-A41C-07,lihc,tumor,3.100534493
TCGA-DD-AACF-01A-11R-A41C-07,lihc,tumor,2.848874835
TCGA-DD-AACG-01A-11R-A41C-07,lihc,tumor,2.226084
TCGA-DD-AACH-01A-11R-A41C-07,lihc,tumor,2.052565539
TCGA-DD-AACI-01A-11R-A41C-07,lihc,tumor,2.482973711
TCGA-DD-AACJ-01A-11R-A41C-07,lihc,tumor,2.806535219
TCGA-DD-AACK-01A-11R-A41C-07,lihc,tumor,2.891144899
TCGA-DD-AACL-01A-11R-A41C-07,lihc,tumor,2.102520283
TCGA-DD-AACN-01A-11R-A41C-07,lihc,tumor,2.458518815
TCGA-DD-AACO-01A-11R-A41C-07,lihc,tumor,2.475948435
TCGA-DD-AACP-01A-11R-A41C-07,lihc,tumor,2.618794076
TCGA-DD-AACQ-01A-11R-A41C-07,lihc,tumor,2.56508488
TCGA-DD-AACS-01A-11R-A41C-07,lihc,tumor,2.610774226
TCGA-DD-AACT-01A-11R-A41C-07,lihc,tumor,2.803202296
TCGA-DD-AACU-01A-11R-A41C-07,lihc,tumor,2.383935961
TCGA-DD-AACV-01A-11R-A41C-07,lihc,tumor,2.556438258
TCGA-DD-AACW-01A-11R-A41C-07,lihc,tumor,2.535563325
TCGA-DD-AACX-01A-11R-A41C-07,lihc,tumor,2.449640172
TCGA-DD-AACY-01A-11R-A41C-07,lihc,tumor,2.470303964
TCGA-DD-AACZ-01A-11R-A41C-07,lihc,tumor,2.424908963
TCGA-DD-AAD0-01A-11R-A41C-07,lihc,tumor,2.030859019
TCGA-DD-AAD1-01A-11R-A41C-07,lihc,tumor,2.740150351
TCGA-DD-AAD2-01A-11R-A41C-07,lihc,tumor,1.84509237
TCGA-DD-AAD3-01A-11R-A41C-07,lihc,tumor,2.192398936
TCGA-DD-AAD5-01A-11R-A41C-07,lihc,tumor,2.299419243
TCGA-DD-AAD6-01A-11R-A41C-07,lihc,tumor,2.064733782
TCGA-DD-AAD8-01A-11R-A41C-07,lihc,tumor,2.402417161
TCGA-DD-AADA-01A-11R-A41C-07,lihc,tumor,2.862133069
TCGA-DD-AADB-01A-11R-A41C-07,lihc,tumor,2.500058959
TCGA-DD-AADC-01A-11R-A41C-07,lihc,tumor,2.549085037
TCGA-DD-AADD-01A-11R-A41C-07,lihc,tumor,2.861834303
TCGA-DD-AADF-01A-11R-A41C-07,lihc,tumor,2.379233783
TCGA-DD-AADG-01A-11R-A41C-07,lihc,tumor,2.842048535
TCGA-DD-AADI-01A-11R-A41C-07,lihc,tumor,2.504643843
TCGA-DD-AADJ-01A-11R-A41C-07,lihc,tumor,2.717671276
TCGA-DD-AADK-01A-11R-A41C-07,lihc,tumor,2.852796848
TCGA-DD-AADL-01A-11R-A41C-07,lihc,tumor,2.71201839
TCGA-DD-AADM-01A-11R-A41C-07,lihc,tumor,2.579506829
TCGA-DD-AADN-01A-11R-A41C-07,lihc,tumor,2.505575469
TCGA-DD-AADO-01A-11R-A41C-07,lihc,tumor,2.62859748
TCGA-DD-AADP-01A-11R-A39D-07,lihc,tumor,2.661712379
TCGA-DD-AADQ-01A-11R-A41C-07,lihc,tumor,2.80071835
TCGA-DD-AADR-01A-11R-A41C-07,lihc,tumor,2.597189217
TCGA-DD-AADS-01A-11R-A41C-07,lihc,tumor,2.538111875
TCGA-DD-AADU-01A-11R-A41C-07,lihc,tumor,2.450500319
TCGA-DD-AADV-01A-11R-A39D-07,lihc,tumor,1.885523668
TCGA-DD-AADW-01A-11R-A39D-07,lihc,tumor,2.207898895
TCGA-DD-AADY-01A-11R-A41C-07,lihc,tumor,2.387965809
TCGA-DD-AAE0-01A-11R-A41C-07,lihc,tumor,1.838873337
TCGA-DD-AAE1-01A-11R-A41C-07,lihc,tumor,2.860688063
TCGA-DD-AAE2-01A-11R-A41C-07,lihc,tumor,2.455663868
TCGA-DD-AAE3-01A-11R-A41C-07,lihc,tumor,1.94019715
TCGA-DD-AAE4-01A-11R-A41C-07,lihc,tumor,2.525882351
TCGA-DD-AAE6-01A-11R-A41C-07,lihc,tumor,3.051991373
TCGA-DD-AAE7-01A-11R-A41C-07,lihc,tumor,2.29822983
TCGA-DD-AAE9-01A-11R-A41C-07,lihc,tumor,2.428711942
TCGA-DD-AAEA-01A-11R-A41C-07,lihc,tumor,2.474659144
TCGA-DD-AAEB-01A-11R-A41C-07,lihc,tumor,2.802673694
TCGA-DD-AAED-01A-12R-A41C-07,lihc,tumor,1.950192716
TCGA-DD-AAEE-01A-11R-A41C-07,lihc,tumor,2.439775107
TCGA-DD-AAEG-01A-11R-A39D-07,lihc,tumor,1.950466146
TCGA-DD-AAEH-01A-11R-A41C-07,lihc,tumor,2.69496987
TCGA-DD-AAEI-01A-11R-A41C-07,lihc,tumor,2.246692225
TCGA-DD-AAEK-01A-11R-A41C-07,lihc,tumor,2.252127612
TCGA-DD-AAVP-01A-11R-A41C-07,lihc,tumor,2.792691879
TCGA-DD-AAVQ-01A-11R-A41C-07,lihc,tumor,2.809717749
TCGA-DD-AAVR-01A-11R-A41C-07,lihc,tumor,2.476048506
TCGA-DD-AAVS-01A-11R-A41C-07,lihc,tumor,2.512432059
TCGA-DD-AAVU-01A-11R-A41C-07,lihc,tumor,1.751533585
TCGA-DD-AAVV-01A-11R-A41C-07,lihc,tumor,2.525709166
TCGA-DD-AAVW-01A-11R-A41C-07,lihc,tumor,2.379189154
TCGA-DD-AAVX-01A-11R-A41C-07,lihc,tumor,2.488348865
TCGA-DD-AAVY-01A-11R-A41C-07,lihc,tumor,2.545177479
TCGA-DD-AAVZ-01A-11R-A41C-07,lihc,tumor,2.367460483
TCGA-DD-AAW0-01A-11R-A41C-07,lihc,tumor,1.712341806
TCGA-DD-AAW1-01A-11R-A41C-07,lihc,tumor,2.857618875
TCGA-DD-AAW2-01A-11R-A41C-07,lihc,tumor,2.568243157
TCGA-DD-AAW3-01A-11R-A41C-07,lihc,tumor,2.674766869
TCGA-ED-A459-01A-11R-A266-07,lihc,tumor,1.76993776
TCGA-ED-A4XI-01A-11R-A266-07,lihc,tumor,2.291806381
TCGA-ED-A5KG-01A-11R-A27V-07,lihc,tumor,2.56884828
TCGA-ED-A627-01A-12R-A311-07,lihc,tumor,2.293765577
TCGA-ED-A66X-01A-11R-A311-07,lihc,tumor,1.911779323
TCGA-ED-A66Y-01A-11R-A311-07,lihc,tumor,2.042457682
TCGA-ED-A7PX-01A-51R-A352-07,lihc,tumor,2.42695572
TCGA-ED-A7PY-01A-11R-A33R-07,lihc,tumor,2.687934477
TCGA-ED-A7PZ-01A-11R-A33R-07,lihc,tumor,1.884835735
TCGA-ED-A7XO-01A-11R-A352-07,lihc,tumor,2.699780724
TCGA-ED-A7XP-01A-11R-A352-07,lihc,tumor,2.283082778
TCGA-ED-A82E-01A-11R-A352-07,lihc,tumor,2.685797268
TCGA-ED-A8O5-01A-11R-A36F-07,lihc,tumor,2.824979273
TCGA-ED-A8O6-01A-11R-A36F-07,lihc,tumor,2.520128225
TCGA-ED-A97K-01A-21R-A38B-07,lihc,tumor,1.919360685
TCGA-EP-A12J-01A-11R-A131-07,lihc,tumor,2.78430502
TCGA-EP-A26S-01A-11R-A16W-07,lihc,tumor,2.377451063
TCGA-EP-A2KA-01A-11R-A180-07,lihc,tumor,2.863002424
TCGA-EP-A2KB-01A-11R-A180-07,lihc,tumor,2.52764974
TCGA-EP-A2KC-01A-11R-A213-07,lihc,tumor,2.324771248
TCGA-EP-A3JL-01A-11R-A213-07,lihc,tumor,2.446028592
TCGA-EP-A3RK-01A-11R-A22L-07,lihc,tumor,2.539357087
TCGA-ES-A2HS-01A-11R-A180-07,lihc,tumor,2.537016695
TCGA-ES-A2HT-01A-12R-A180-07,lihc,tumor,2.545930838
TCGA-FV-A23B-01A-11R-A16W-07,lihc,tumor,2.679325761
TCGA-FV-A2QQ-01A-11R-A22L-07,lihc,tumor,2.118173072
TCGA-FV-A2QR-01A-11R-A213-07,lihc,tumor,2.218842656
TCGA-FV-A3I0-01A-11R-A22L-07,lihc,tumor,2.137271275
TCGA-FV-A3I1-01A-11R-A22L-07,lihc,tumor,2.798895394
TCGA-FV-A3R2-01A-11R-A22L-07,lihc,tumor,2.373726811
TCGA-FV-A3R3-01A-11R-A22L-07,lihc,tumor,1.949718742
TCGA-FV-A495-01A-11R-A266-07,lihc,tumor,2.729259729
TCGA-FV-A496-01A-11R-A266-07,lihc,tumor,3.12363755
TCGA-FV-A4ZP-01A-12R-A266-07,lihc,tumor,2.086823995
TCGA-FV-A4ZQ-01A-11R-A266-07,lihc,tumor,2.617394321
TCGA-G3-A25S-01A-11R-A16W-07,lihc,tumor,1.986775077
TCGA-G3-A25T-01A-11R-A16W-07,lihc,tumor,1.862949434
TCGA-G3-A25U-01A-11R-A16W-07,lihc,tumor,2.957892275
TCGA-G3-A25V-01A-11R-A16W-07,lihc,tumor,2.417815351
TCGA-G3-A25X-01A-11R-A16W-07,lihc,tumor,2.523623091
TCGA-G3-A25Y-01A-11R-A16W-07,lihc,tumor,2.629210076
TCGA-G3-A25Z-01A-11R-A16W-07,lihc,tumor,2.733332536
TCGA-G3-A3CG-01A-11R-A213-07,lihc,tumor,2.56481302
TCGA-G3-A3CH-01A-11R-A22L-07,lihc,tumor,2.632504819
TCGA-G3-A3CI-01A-11R-A213-07,lihc,tumor,2.741548367
TCGA-G3-A3CJ-01A-11R-A213-07,lihc,tumor,2.734012967
TCGA-G3-A3CK-01A-11R-A213-07,lihc,tumor,2.767697941
TCGA-G3-A5SI-01A-31R-A27V-07,lihc,tumor,2.201977693
TCGA-G3-A5SJ-01A-11R-A27V-07,lihc,tumor,2.295794612
TCGA-G3-A5SK-01A-11R-A27V-07,lihc,tumor,2.300943611
TCGA-G3-A5SL-01A-11R-A27V-07,lihc,tumor,2.426526338
TCGA-G3-A5SM-01A-12R-A28V-07,lihc,tumor,2.316686175
TCGA-G3-A6UC-01A-21R-A33J-07,lihc,tumor,2.396308601
TCGA-G3-A7M5-01A-11R-A33R-07,lihc,tumor,2.871529992
TCGA-G3-A7M6-01A-11R-A33R-07,lihc,tumor,2.739746946
TCGA-G3-A7M7-01A-12R-A352-07,lihc,tumor,2.104359836
TCGA-G3-A7M8-01A-11R-A33R-07,lihc,tumor,2.195078123
TCGA-G3-A7M9-01A-23R-A352-07,lihc,tumor,2.131478394
TCGA-G3-AAUZ-01A-11R-A38B-07,lihc,tumor,2.686587224
TCGA-G3-AAV0-01A-11R-A37K-07,lihc,tumor,2.750524762
TCGA-G3-AAV1-01A-11R-A38B-07,lihc,tumor,2.11826833
TCGA-G3-AAV2-01A-11R-A37K-07,lihc,tumor,2.379590887
TCGA-G3-AAV3-01A-11R-A37K-07,lihc,tumor,2.420286373
TCGA-G3-AAV4-01A-11R-A38B-07,lihc,tumor,2.927266325
TCGA-G3-AAV5-01A-11R-A37K-07,lihc,tumor,2.462493282
TCGA-G3-AAV6-01A-21R-A37K-07,lihc,tumor,2.469038264
TCGA-G3-AAV7-01A-11R-A38B-07,lihc,tumor,1.682251117
TCGA-GJ-A3OU-01A-31R-A38B-07,lihc,tumor,1.414001922
TCGA-GJ-A6C0-01A-12R-A311-07,lihc,tumor,1.451416864
TCGA-GJ-A9DB-01A-11R-A37K-07,lihc,tumor,2.346963759
TCGA-HP-A5MZ-01A-21R-A27V-07,lihc,tumor,2.105569197
TCGA-HP-A5N0-01A-11R-A28V-07,lihc,tumor,2.650408686
TCGA-K7-A5RF-01A-11R-A28V-07,lihc,tumor,2.48888151
TCGA-K7-A5RG-01A-11R-A28V-07,lihc,tumor,2.843061098
TCGA-K7-A6G5-01A-11R-A311-07,lihc,tumor,2.510831277
TCGA-K7-AAU7-01A-11R-A38B-07,lihc,tumor,2.07874587
TCGA-KR-A7K0-01A-12R-A33R-07,lihc,tumor,2.387172256
TCGA-KR-A7K2-01A-12R-A33R-07,lihc,tumor,2.236855872
TCGA-KR-A7K7-01A-11R-A33J-07,lihc,tumor,2.167587726
TCGA-KR-A7K8-01A-11R-A33J-07,lihc,tumor,2.493527738
TCGA-LG-A6GG-01A-11R-A311-07,lihc,tumor,2.55963331
TCGA-LG-A9QC-01A-11R-A37K-07,lihc,tumor,2.68041847
TCGA-LG-A9QD-01A-11R-A38B-07,lihc,tumor,2.58372144
TCGA-MI-A75C-01A-11R-A32O-07,lihc,tumor,2.728972562
TCGA-MI-A75E-01A-11R-A32O-07,lihc,tumor,2.698903825
TCGA-MI-A75G-01A-11R-A32O-07,lihc,tumor,2.751476533
TCGA-MI-A75H-01A-11R-A32O-07,lihc,tumor,2.538117452
TCGA-MI-A75I-01A-11R-A32O-07,lihc,tumor,2.487756041
TCGA-MR-A520-01A-11R-A266-07,lihc,tumor,2.39270056
TCGA-MR-A8JO-01A-12R-A36F-07,lihc,tumor,2.59628222
TCGA-NI-A4U2-01A-11R-A28V-07,lihc,tumor,2.436980663
TCGA-NI-A8LF-01A-11R-A36F-07,lihc,tumor,2.576018895
TCGA-O8-A75V-01A-11R-A32O-07,lihc,tumor,2.211453192
TCGA-PD-A5DF-01A-11R-A27V-07,lihc,tumor,1.718935124
TCGA-QA-A7B7-01A-11R-A32O-07,lihc,tumor,3.023985248
TCGA-RC-A6M3-01A-11R-A32O-07,lihc,tumor,2.257567592
TCGA-RC-A6M4-01A-11R-A32O-07,lihc,tumor,2.125959254
TCGA-RC-A6M5-01A-11R-A32O-07,lihc,tumor,2.679273177
TCGA-RC-A6M6-01A-11R-A32O-07,lihc,tumor,2.616018699
TCGA-RC-A7S9-01A-11R-A33R-07,lihc,tumor,2.928066867
TCGA-RC-A7SB-01A-21R-A352-07,lihc,tumor,2.331797751
TCGA-RC-A7SF-01A-11R-A352-07,lihc,tumor,2.371305103
TCGA-RC-A7SH-01A-11R-A38B-07,lihc,tumor,2.909789734
TCGA-RC-A7SK-01A-11R-A352-07,lihc,tumor,2.979140554
TCGA-RG-A7D4-01A-12R-A33R-07,lihc,tumor,2.617908642
TCGA-T1-A6J8-01A-11R-A32O-07,lihc,tumor,2.358091942
TCGA-UB-A7MA-01A-11R-A33R-07,lihc,tumor,2.875767766
TCGA-UB-A7MB-01A-11R-A33R-07,lihc,tumor,2.98058536
TCGA-UB-A7MC-01A-11R-A33R-07,lihc,tumor,2.500407913
TCGA-UB-A7MD-01A-12R-A352-07,lihc,tumor,2.388072472
TCGA-UB-A7ME-01A-11R-A33J-07,lihc,tumor,2.498943429
TCGA-UB-A7MF-01A-11R-A33J-07,lihc,tumor,2.650707828
TCGA-UB-AA0U-01A-11R-A38B-07,lihc,tumor,2.628175651
TCGA-UB-AA0V-01A-11R-A38B-07,lihc,tumor,2.513230132
TCGA-WJ-A86L-01A-12R-A39D-07,lihc,tumor,2.766072895
TCGA-WQ-A9G7-01A-11R-A37K-07,lihc,tumor,2.25458744
TCGA-WQ-AB4B-01A-11R-A41C-07,lihc,tumor,2.439635874
TCGA-WX-AA44-01A-11R-A39D-07,lihc,tumor,2.432591693
TCGA-WX-AA46-01A-11R-A39D-07,lihc,tumor,2.151935953
TCGA-WX-AA47-01A-11R-A39D-07,lihc,tumor,1.890885527
TCGA-XR-A8TC-01A-11R-A36F-07,lihc,tumor,2.044744263
TCGA-XR-A8TD-01A-12R-A39D-07,lihc,tumor,2.248662419
TCGA-XR-A8TE-01A-11R-A36F-07,lihc,tumor,2.224304893
TCGA-XR-A8TF-01A-11R-A36F-07,lihc,tumor,2.278316249
TCGA-XR-A8TG-01A-11R-A36F-07,lihc,tumor,2.712672199
TCGA-YA-A8S7-01A-11R-A37K-07,lihc,tumor,2.120672804
TCGA-ZP-A9CV-01A-11R-A38B-07,lihc,tumor,2.559313051
TCGA-ZP-A9CY-01A-11R-A38B-07,lihc,tumor,2.549990951
TCGA-ZP-A9CZ-01A-11R-A38B-07,lihc,tumor,2.768380217
TCGA-ZP-A9D0-01A-11R-A37K-07,lihc,tumor,2.517531518
TCGA-ZP-A9D1-01A-11R-A38B-07,lihc,tumor,2.516602301
TCGA-ZP-A9D2-01A-11R-A38B-07,lihc,tumor,2.142144452
TCGA-ZP-A9D4-01A-11R-A37K-07,lihc,tumor,2.430940639
TCGA-ZS-A9CD-01A-11R-A37K-07,lihc,tumor,2.005876779
TCGA-ZS-A9CE-01A-11R-A37K-07,lihc,tumor,2.826460202
TCGA-ZS-A9CF-01A-11R-A38B-07,lihc,tumor,2.400302951
TCGA-ZS-A9CF-02A-11R-A38B-07,lihc,tumor,2.717970379
TCGA-ZS-A9CG-01A-11R-A37K-07,lihc,tumor,2.684789496
TCGA-05-4244-01A-01R-1107-07,luad,tumor,2.366427984
TCGA-05-4249-01A-01R-1107-07,luad,tumor,2.961946247
TCGA-05-4250-01A-01R-1107-07,luad,tumor,2.450768982
TCGA-05-4382-01A-01R-1206-07,luad,tumor,1.924679801
TCGA-05-4384-01A-01R-1755-07,luad,tumor,2.40792852
TCGA-05-4389-01A-01R-1206-07,luad,tumor,2.613703555
TCGA-05-4390-01A-02R-1755-07,luad,tumor,1.822253766
TCGA-05-4395-01A-01R-1206-07,luad,tumor,2.719148273
TCGA-05-4396-01A-21R-1858-07,luad,tumor,2.525272981
TCGA-05-4397-01A-01R-1206-07,luad,tumor,1.81857771
TCGA-05-4398-01A-01R-1206-07,luad,tumor,2.505612209
TCGA-05-4402-01A-01R-1206-07,luad,tumor,2.690809909
TCGA-05-4403-01A-01R-1206-07,luad,tumor,2.27827845
TCGA-05-4405-01A-21R-1858-07,luad,tumor,2.091497953
TCGA-05-4410-01A-21R-1858-07,luad,tumor,2.857634905
TCGA-05-4415-01A-22R-1858-07,luad,tumor,3.017388213
TCGA-05-4417-01A-22R-1858-07,luad,tumor,2.481348813
TCGA-05-4418-01A-01R-1206-07,luad,tumor,2.430746936
TCGA-05-4420-01A-01R-1206-07,luad,tumor,2.976438631
TCGA-05-4422-01A-01R-1206-07,luad,tumor,2.76013888
TCGA-05-4424-01A-22R-1858-07,luad,tumor,2.190656475
TCGA-05-4425-01A-01R-1755-07,luad,tumor,1.534328734
TCGA-05-4426-01A-01R-1206-07,luad,tumor,2.136761127
TCGA-05-4427-01A-21R-1858-07,luad,tumor,2.331817343
TCGA-05-4430-01A-02R-1206-07,luad,tumor,2.193145409
TCGA-05-4432-01A-01R-1206-07,luad,tumor,2.54159373
TCGA-05-4433-01A-22R-1858-07,luad,tumor,2.268598359
TCGA-05-4434-01A-01R-1206-07,luad,tumor,2.26356756
TCGA-05-5420-01A-01R-1628-07,luad,tumor,2.591156805
TCGA-05-5423-01A-01R-1628-07,luad,tumor,2.653603727
TCGA-05-5425-01A-02R-1628-07,luad,tumor,2.908163716
TCGA-05-5428-01A-01R-1628-07,luad,tumor,2.411990907
TCGA-05-5429-01A-01R-1628-07,luad,tumor,2.544256778
TCGA-05-5715-01A-01R-1628-07,luad,tumor,1.485661346
TCGA-35-3615-01A-01R-0946-07,luad,tumor,2.659578948
TCGA-35-4122-01A-01R-1107-07,luad,tumor,2.480251141
TCGA-35-4123-01A-01R-1107-07,luad,tumor,2.647453527
TCGA-35-5375-01A-01R-1628-07,luad,tumor,2.636462527
TCGA-38-4625-01A-01R-1206-07,luad,tumor,1.902714379
TCGA-38-4626-01A-01R-1206-07,luad,tumor,2.294369619
TCGA-38-4627-01A-01R-1206-07,luad,tumor,2.239436578
TCGA-38-4628-01A-01R-1206-07,luad,tumor,2.179192357
TCGA-38-4629-01A-02R-1206-07,luad,tumor,2.113903858
TCGA-38-4630-01A-01R-1206-07,luad,tumor,1.965618523
TCGA-38-4631-01A-01R-1755-07,luad,tumor,2.739171044
TCGA-38-4632-01A-01R-1755-07,luad,tumor,2.891547979
TCGA-38-6178-01A-11R-1755-07,luad,tumor,2.682472702
TCGA-38-7271-01A-11R-2039-07,luad,tumor,2.571927118
TCGA-38-A44F-01A-11R-A24H-07,luad,tumor,2.823322874
TCGA-44-2655-01A-01R-0946-07,luad,tumor,2.876381247
TCGA-44-2656-01A-02R-0946-07,luad,tumor,2.731462883
TCGA-44-2657-01A-01R-1107-07,luad,tumor,2.85778191
TCGA-44-2659-01A-01R-0946-07,luad,tumor,2.77997196
TCGA-44-2661-01A-01R-1107-07,luad,tumor,2.563580274
TCGA-44-2662-01A-01R-0946-07,luad,tumor,2.080823263
TCGA-44-2665-01A-01R-0946-07,luad,tumor,1.775319627
TCGA-44-2666-01A-01R-0946-07,luad,tumor,2.915426401
TCGA-44-2668-01A-01R-0946-07,luad,tumor,2.101218239
TCGA-44-3396-01A-01R-1206-07,luad,tumor,2.287134024
TCGA-44-3398-01A-01R-1107-07,luad,tumor,2.539001216
TCGA-44-3918-01A-01R-1107-07,luad,tumor,2.521246508
TCGA-44-3919-01A-02R-1107-07,luad,tumor,2.440158239
TCGA-44-4112-01A-01R-1107-07,luad,tumor,2.661688108
TCGA-44-5643-01A-01R-1628-07,luad,tumor,2.925882995
TCGA-44-5644-01A-21R-2039-07,luad,tumor,2.927760579
TCGA-44-5645-01A-01R-1628-07,luad,tumor,2.896474131
TCGA-44-6145-01A-11R-1755-07,luad,tumor,2.987069869
TCGA-44-6146-01A-11R-1755-07,luad,tumor,2.745515225
TCGA-44-6147-01A-11R-1755-07,luad,tumor,2.41584707
TCGA-44-6148-01A-11R-1755-07,luad,tumor,2.863122717
TCGA-44-6774-01A-21R-1858-07,luad,tumor,2.195013307
TCGA-44-6775-01A-11R-1858-07,luad,tumor,2.27528201
TCGA-44-6776-01A-11R-1858-07,luad,tumor,3.141042981
TCGA-44-6777-01A-11R-1858-07,luad,tumor,2.524127819
TCGA-44-6778-01A-11R-1858-07,luad,tumor,1.852186743
TCGA-44-6779-01A-11R-1858-07,luad,tumor,2.47232071
TCGA-44-7659-01A-11R-2066-07,luad,tumor,2.981748225
TCGA-44-7660-01A-11R-2066-07,luad,tumor,2.473385793
TCGA-44-7661-01A-11R-2066-07,luad,tumor,2.560773364
TCGA-44-7662-01A-11R-2066-07,luad,tumor,2.119425304
TCGA-44-7667-01A-31R-2066-07,luad,tumor,1.683771963
TCGA-44-7669-01A-21R-2066-07,luad,tumor,2.223500323
TCGA-44-7670-01A-11R-2066-07,luad,tumor,2.642573461
TCGA-44-7671-01A-11R-2066-07,luad,tumor,2.330351508
TCGA-44-7672-01A-11R-2066-07,luad,tumor,2.885443586
TCGA-44-8117-01A-11R-2241-07,luad,tumor,1.899007074
TCGA-44-8119-01A-11R-2241-07,luad,tumor,2.171516913
TCGA-44-8120-01A-11R-2241-07,luad,tumor,2.872667211
TCGA-44-A479-01A-31R-A24H-07,luad,tumor,2.598607222
TCGA-44-A47A-01A-21R-A24H-07,luad,tumor,2.558782008
TCGA-44-A47B-01A-11R-A24H-07,luad,tumor,2.26732404
TCGA-44-A47G-01A-21R-A24H-07,luad,tumor,2.572431485
TCGA-44-A4SS-01A-11R-A24X-07,luad,tumor,2.395042789
TCGA-44-A4SU-01A-11R-A24X-07,luad,tumor,2.664817446
TCGA-49-4486-01A-01R-1206-07,luad,tumor,2.859631569
TCGA-49-4487-01A-21R-1858-07,luad,tumor,2.451712814
TCGA-49-4488-01A-01R-1755-07,luad,tumor,2.696269834
TCGA-49-4490-01A-21R-1858-07,luad,tumor,2.686054648
TCGA-49-4494-01A-01R-1206-07,luad,tumor,2.183167908
TCGA-49-4501-01A-01R-1206-07,luad,tumor,3.136231636
TCGA-49-4505-01A-01R-1206-07,luad,tumor,2.967105425
TCGA-49-4506-01A-01R-1206-07,luad,tumor,2.362519269
TCGA-49-4507-01A-01R-1206-07,luad,tumor,2.840849291
TCGA-49-4510-01A-01R-1206-07,luad,tumor,2.684283191
TCGA-49-4512-01A-21R-1858-07,luad,tumor,2.281030186
TCGA-49-4514-01A-21R-1858-07,luad,tumor,3.215529502
TCGA-49-6742-01A-11R-1858-07,luad,tumor,3.213781568
TCGA-49-6743-01A-11R-1858-07,luad,tumor,2.388621455
TCGA-49-6744-01A-11R-1858-07,luad,tumor,2.935332751
TCGA-49-6745-01A-11R-1858-07,luad,tumor,2.733661385
TCGA-49-6761-01A-31R-1949-07,luad,tumor,2.477628828
TCGA-49-6767-01A-11R-1858-07,luad,tumor,1.977723531
TCGA-49-AAQV-01A-11R-A39D-07,luad,tumor,2.397690776
TCGA-49-AAR0-01A-21R-A39D-07,luad,tumor,2.425539038
TCGA-49-AAR2-01A-11R-A39D-07,luad,tumor,2.731032407
TCGA-49-AAR3-01A-11R-A41B-07,luad,tumor,2.136575814
TCGA-49-AAR4-01A-12R-A41B-07,luad,tumor,2.334235389
TCGA-49-AAR9-01A-21R-A41B-07,luad,tumor,2.231004622
TCGA-49-AARE-01A-11R-A41B-07,luad,tumor,2.592380243
TCGA-49-AARN-01A-21R-A41B-07,luad,tumor,2.942453021
TCGA-49-AARO-01A-12R-A41B-07,luad,tumor,2.465725865
TCGA-49-AARQ-01A-11R-A41B-07,luad,tumor,2.410301447
TCGA-49-AARR-01A-11R-A41B-07,luad,tumor,2.766901858
TCGA-4B-A93V-01A-11R-A39D-07,luad,tumor,2.208681231
TCGA-50-5044-01A-21R-1858-07,luad,tumor,2.837088377
TCGA-50-5045-01A-01R-1628-07,luad,tumor,2.946599284
TCGA-50-5049-01A-01R-1628-07,luad,tumor,2.584361501
TCGA-50-5051-01A-21R-1858-07,luad,tumor,2.875158423
TCGA-50-5055-01A-01R-1628-07,luad,tumor,2.556573855
TCGA-50-5066-01A-01R-1628-07,luad,tumor,2.423365691
TCGA-50-5066-02A-11R-2090-07,luad,tumor,2.451371522
TCGA-50-5068-01A-01R-1628-07,luad,tumor,2.710897538
TCGA-50-5072-01A-21R-1858-07,luad,tumor,2.511368143
TCGA-50-5930-01A-11R-1755-07,luad,tumor,2.448902657
TCGA-50-5931-01A-11R-1755-07,luad,tumor,2.054428725
TCGA-50-5932-01A-11R-1755-07,luad,tumor,2.840980511
TCGA-50-5933-01A-11R-1755-07,luad,tumor,1.880297637
TCGA-50-5935-01A-11R-1755-07,luad,tumor,2.269216314
TCGA-50-5936-01A-11R-1628-07,luad,tumor,2.181132449
TCGA-50-5939-01A-11R-1628-07,luad,tumor,2.436804956
TCGA-50-5941-01A-11R-1755-07,luad,tumor,2.816509365
TCGA-50-5942-01A-21R-1755-07,luad,tumor,3.021434711
TCGA-50-5944-01A-11R-1755-07,luad,tumor,2.588223665
TCGA-50-5946-01A-11R-1755-07,luad,tumor,2.732690708
TCGA-50-5946-02A-11R-2090-07,luad,tumor,2.683332046
TCGA-50-6590-01A-12R-1858-07,luad,tumor,2.281269362
TCGA-50-6591-01A-11R-1755-07,luad,tumor,2.271474768
TCGA-50-6592-01A-11R-1755-07,luad,tumor,2.347715493
TCGA-50-6593-01A-11R-1755-07,luad,tumor,2.362513175
TCGA-50-6594-01A-11R-1755-07,luad,tumor,2.779715065
TCGA-50-6595-01A-12R-1858-07,luad,tumor,1.832285971
TCGA-50-6597-01A-11R-1858-07,luad,tumor,2.894742828
TCGA-50-6673-01A-11R-1949-07,luad,tumor,2.793828352
TCGA-50-7109-01A-11R-2039-07,luad,tumor,2.877249228
TCGA-50-8457-01A-11R-2326-07,luad,tumor,3.02819758
TCGA-50-8459-01A-11R-2326-07,luad,tumor,2.714685153
TCGA-50-8460-01A-11R-2326-07,luad,tumor,3.354489491
TCGA-53-7624-01A-11R-2066-07,luad,tumor,2.260254834
TCGA-53-7626-01A-12R-2066-07,luad,tumor,2.783125589
TCGA-53-7813-01A-11R-2170-07,luad,tumor,2.645838973
TCGA-53-A4EZ-01A-12R-A24X-07,luad,tumor,3.085803642
TCGA-55-1592-01A-01R-0946-07,luad,tumor,2.035654107
TCGA-55-1594-01A-01R-0946-07,luad,tumor,2.407632007
TCGA-55-1595-01A-01R-0946-07,luad,tumor,2.763081139
TCGA-55-1596-01A-01R-0946-07,luad,tumor,2.486701015
TCGA-55-5899-01A-11R-1628-07,luad,tumor,2.043133459
TCGA-55-6543-01A-11R-1755-07,luad,tumor,2.810435411
TCGA-55-6642-01A-11R-1858-07,luad,tumor,2.199433682
TCGA-55-6712-01A-11R-1858-07,luad,tumor,2.006045755
TCGA-55-6968-01A-11R-1949-07,luad,tumor,1.69690837
TCGA-55-6969-01A-11R-1949-07,luad,tumor,2.311084341
TCGA-55-6970-01A-11R-1949-07,luad,tumor,2.672602092
TCGA-55-6971-01A-11R-1949-07,luad,tumor,2.916272256
TCGA-55-6972-01A-11R-1949-07,luad,tumor,2.75373241
TCGA-55-6975-01A-11R-1949-07,luad,tumor,2.905274235
TCGA-55-6978-01A-11R-1949-07,luad,tumor,2.317446354
TCGA-55-6979-01A-11R-1949-07,luad,tumor,2.097315892
TCGA-55-6980-01A-11R-1949-07,luad,tumor,2.686399177
TCGA-55-6981-01A-11R-1949-07,luad,tumor,2.720335807
TCGA-55-6982-01A-11R-1949-07,luad,tumor,2.091551712
TCGA-55-6983-01A-11R-1949-07,luad,tumor,2.541838145
TCGA-55-6984-01A-11R-1949-07,luad,tumor,3.163894378
TCGA-55-6985-01A-11R-1949-07,luad,tumor,2.23587296
TCGA-55-6986-01A-11R-1949-07,luad,tumor,2.687930969
TCGA-55-6987-01A-11R-1949-07,luad,tumor,2.892515743
TCGA-55-7227-01A-11R-2039-07,luad,tumor,2.676560886
TCGA-55-7281-01A-11R-2039-07,luad,tumor,2.658481372
TCGA-55-7283-01A-11R-2039-07,luad,tumor,2.581428366
TCGA-55-7284-01B-11R-2241-07,luad,tumor,2.648646735
TCGA-55-7570-01A-11R-2039-07,luad,tumor,2.814928467
TCGA-55-7573-01A-11R-2039-07,luad,tumor,2.87647853
TCGA-55-7574-01A-11R-2039-07,luad,tumor,2.534021955
TCGA-55-7576-01A-11R-2066-07,luad,tumor,2.50885274
TCGA-55-7724-01A-11R-2170-07,luad,tumor,2.519601417
TCGA-55-7725-01A-11R-2170-07,luad,tumor,2.456542108
TCGA-55-7726-01A-11R-2170-07,luad,tumor,2.65470659
TCGA-55-7727-01A-11R-2170-07,luad,tumor,2.495056303
TCGA-55-7728-01A-11R-2187-07,luad,tumor,1.542123591
TCGA-55-7815-01A-11R-2170-07,luad,tumor,2.505826897
TCGA-55-7816-01A-11R-2170-07,luad,tumor,1.903174374
TCGA-55-7903-01A-11R-2170-07,luad,tumor,2.626889464
TCGA-55-7907-01A-11R-2170-07,luad,tumor,2.500082873
TCGA-55-7910-01A-11R-2170-07,luad,tumor,2.756923607
TCGA-55-7911-01A-11R-2170-07,luad,tumor,2.726678902
TCGA-55-7913-01B-11R-2241-07,luad,tumor,2.551681887
TCGA-55-7914-01A-11R-2170-07,luad,tumor,2.841018051
TCGA-55-7994-01A-11R-2187-07,luad,tumor,2.061939533
TCGA-55-7995-01A-11R-2187-07,luad,tumor,2.30079269
TCGA-55-8085-01A-11R-2241-07,luad,tumor,2.459504363
TCGA-55-8087-01A-11R-2241-07,luad,tumor,2.712733836
TCGA-55-8089-01A-11R-2241-07,luad,tumor,2.481715997
TCGA-55-8090-01A-11R-2241-07,luad,tumor,2.497573657
TCGA-55-8091-01A-11R-2241-07,luad,tumor,2.574624289
TCGA-55-8092-01A-11R-2241-07,luad,tumor,2.715221902
TCGA-55-8094-01A-11R-2241-07,luad,tumor,2.648903491
TCGA-55-8096-01A-11R-2241-07,luad,tumor,1.868368741
TCGA-55-8097-01A-11R-2241-07,luad,tumor,2.78814336
TCGA-55-8203-01A-11R-2241-07,luad,tumor,2.765762544
TCGA-55-8204-01A-11R-2241-07,luad,tumor,2.829175206
TCGA-55-8205-01A-11R-2241-07,luad,tumor,2.077613867
TCGA-55-8206-01A-11R-2241-07,luad,tumor,2.723608053
TCGA-55-8207-01A-11R-2241-07,luad,tumor,2.305741689
TCGA-55-8208-01A-11R-2241-07,luad,tumor,1.823394902
TCGA-55-8299-01A-11R-2287-07,luad,tumor,2.985201815
TCGA-55-8301-01A-11R-2287-07,luad,tumor,2.323436038
TCGA-55-8302-01A-11R-2326-07,luad,tumor,2.858341492
TCGA-55-8505-01A-11R-2403-07,luad,tumor,1.79685723
TCGA-55-8506-01A-11R-2403-07,luad,tumor,2.208149072
TCGA-55-8507-01A-11R-2403-07,luad,tumor,2.300096313
TCGA-55-8508-01A-11R-2403-07,luad,tumor,2.325271883
TCGA-55-8510-01A-11R-2403-07,luad,tumor,2.695276336
TCGA-55-8511-01A-11R-2403-07,luad,tumor,2.643393733
TCGA-55-8512-01A-11R-2403-07,luad,tumor,2.714290884
TCGA-55-8513-01A-11R-2403-07,luad,tumor,1.76765738
TCGA-55-8514-01A-11R-2403-07,luad,tumor,2.522789625
TCGA-55-8614-01A-11R-2403-07,luad,tumor,2.376941435
TCGA-55-8615-01A-11R-2403-07,luad,tumor,1.896776183
TCGA-55-8616-01A-11R-2403-07,luad,tumor,2.624602028
TCGA-55-8619-01A-11R-2403-07,luad,tumor,2.560203283
TCGA-55-8620-01A-11R-2403-07,luad,tumor,2.431543442
TCGA-55-8621-01A-11R-2403-07,luad,tumor,2.388047004
TCGA-55-A48X-01A-11R-A24H-07,luad,tumor,2.417041289
TCGA-55-A48Y-01A-11R-A24H-07,luad,tumor,2.667231277
TCGA-55-A48Z-01A-12R-A24X-07,luad,tumor,2.125366358
TCGA-55-A490-01A-11R-A466-07,luad,tumor,2.582097111
TCGA-55-A491-01A-11R-A24H-07,luad,tumor,2.49037058
TCGA-55-A492-01A-11R-A24H-07,luad,tumor,2.50267868
TCGA-55-A493-01A-11R-A24H-07,luad,tumor,2.569514375
TCGA-55-A494-01A-11R-A24X-07,luad,tumor,3.072995091
TCGA-55-A4DF-01A-11R-A24H-07,luad,tumor,1.996759124
TCGA-55-A4DG-01A-11R-A24H-07,luad,tumor,2.704996697
TCGA-55-A57B-01A-12R-A39D-07,luad,tumor,2.698386591
TCGA-62-8394-01A-11R-2326-07,luad,tumor,2.337240089
TCGA-62-8395-01A-11R-2326-07,luad,tumor,2.782365311
TCGA-62-8397-01A-11R-2326-07,luad,tumor,3.009965718
TCGA-62-8398-01A-11R-2326-07,luad,tumor,2.391425859
TCGA-62-8399-01A-21R-2326-07,luad,tumor,3.120519933
TCGA-62-8402-01A-11R-2326-07,luad,tumor,1.762583601
TCGA-62-A46O-01A-11R-A24H-07,luad,tumor,2.850752117
TCGA-62-A46P-01A-11R-A24H-07,luad,tumor,2.819509682
TCGA-62-A46R-01A-11R-A24H-07,luad,tumor,2.931256675
TCGA-62-A46S-01A-11R-A24H-07,luad,tumor,3.010866955
TCGA-62-A46U-01A-11R-A24H-07,luad,tumor,1.49135398
TCGA-62-A46V-01A-11R-A24H-07,luad,tumor,2.57143317
TCGA-62-A46Y-01A-11R-A24H-07,luad,tumor,2.58251369
TCGA-62-A470-01A-11R-A24H-07,luad,tumor,2.459826105
TCGA-62-A471-01A-12R-A24H-07,luad,tumor,3.124857138
TCGA-62-A472-01A-11R-A24H-07,luad,tumor,2.891055032
TCGA-64-1676-01A-01R-0946-07,luad,tumor,2.654937778
TCGA-64-1677-01A-01R-0946-07,luad,tumor,2.692761992
TCGA-64-1678-01A-01R-0946-07,luad,tumor,2.610646449
TCGA-64-1679-01A-21R-2066-07,luad,tumor,1.842418534
TCGA-64-1680-01A-02R-0946-07,luad,tumor,2.560899864
TCGA-64-1681-01A-11R-2066-07,luad,tumor,2.577343535
TCGA-64-5774-01A-01R-1628-07,luad,tumor,2.572538361
TCGA-64-5775-01A-01R-1628-07,luad,tumor,1.838312035
TCGA-64-5778-01A-01R-1628-07,luad,tumor,2.505726887
TCGA-64-5779-01A-01R-1628-07,luad,tumor,2.708594919
TCGA-64-5781-01A-01R-1628-07,luad,tumor,2.917787375
TCGA-64-5815-01A-01R-1628-07,luad,tumor,1.872322867
TCGA-67-3770-01A-01R-0946-07,luad,tumor,2.315838376
TCGA-67-3771-01A-01R-0946-07,luad,tumor,2.25320618
TCGA-67-3772-01A-01R-0946-07,luad,tumor,2.869090744
TCGA-67-3773-01A-01R-0946-07,luad,tumor,2.73158128
TCGA-67-3774-01A-01R-0946-07,luad,tumor,2.737258781
TCGA-67-4679-01B-01R-1755-07,luad,tumor,2.732506324
TCGA-67-6215-01A-11R-1755-07,luad,tumor,2.656561335
TCGA-67-6216-01A-11R-1755-07,luad,tumor,3.173594815
TCGA-67-6217-01A-11R-1755-07,luad,tumor,3.042438962
TCGA-69-7760-01A-11R-2170-07,luad,tumor,2.482209068
TCGA-69-7761-01A-11R-2170-07,luad,tumor,2.618492616
TCGA-69-7763-01A-11R-2170-07,luad,tumor,2.850334781
TCGA-69-7764-01A-11R-2170-07,luad,tumor,2.55375146
TCGA-69-7765-01A-11R-2170-07,luad,tumor,2.906683849
TCGA-69-7973-01A-11R-2187-07,luad,tumor,2.827652785
TCGA-69-7974-01A-11R-2187-07,luad,tumor,2.114697441
TCGA-69-7978-01A-11R-2187-07,luad,tumor,2.762436921
TCGA-69-7979-01A-11R-2187-07,luad,tumor,2.267145834
TCGA-69-7980-01A-11R-2187-07,luad,tumor,2.399241993
TCGA-69-8253-01A-11R-2287-07,luad,tumor,2.882284998
TCGA-69-8254-01A-11R-2287-07,luad,tumor,2.767910531
TCGA-69-8255-01A-11R-2287-07,luad,tumor,2.886915731
TCGA-69-8453-01A-12R-2326-07,luad,tumor,1.846237124
TCGA-69-A59K-01A-11R-A262-07,luad,tumor,2.594163881
TCGA-71-6725-01A-11R-1858-07,luad,tumor,2.884533976
TCGA-71-8520-01A-11R-2403-07,luad,tumor,2.017131629
TCGA-73-4658-01A-01R-1755-07,luad,tumor,2.513843664
TCGA-73-4659-01A-01R-1206-07,luad,tumor,1.679069365
TCGA-73-4662-01A-01R-1206-07,luad,tumor,2.961770047
TCGA-73-4666-01A-01R-1206-07,luad,tumor,2.447537766
TCGA-73-4668-01A-01R-1206-07,luad,tumor,2.397482131
TCGA-73-4670-01A-01R-1206-07,luad,tumor,2.77102172
TCGA-73-4675-01A-01R-1206-07,luad,tumor,2.264195074
TCGA-73-4676-01A-01R-1755-07,luad,tumor,2.549344115
TCGA-73-4677-01A-01R-1206-07,luad,tumor,2.797302261
TCGA-73-7498-01A-12R-2187-07,luad,tumor,2.955478234
TCGA-73-7499-01A-11R-2187-07,luad,tumor,2.475772505
TCGA-73-A9RS-01A-11R-A41B-07,luad,tumor,3.006559929
TCGA-75-5122-01A-01R-1755-07,luad,tumor,2.387578563
TCGA-75-5125-01A-01R-1755-07,luad,tumor,2.230700944
TCGA-75-5126-01A-01R-1755-07,luad,tumor,2.146062692
TCGA-75-5146-01A-01R-1628-07,luad,tumor,2.714062431
TCGA-75-5147-01A-01R-1628-07,luad,tumor,2.72622237
TCGA-75-6203-01A-11R-1755-07,luad,tumor,2.016567483
TCGA-75-6205-01A-11R-1755-07,luad,tumor,2.078823068
TCGA-75-6206-01A-11R-1755-07,luad,tumor,1.825650944
TCGA-75-6207-01A-11R-1755-07,luad,tumor,2.759260824
TCGA-75-6211-01A-11R-1755-07,luad,tumor,2.958650462
TCGA-75-6212-01A-11R-1755-07,luad,tumor,2.85686681
TCGA-75-6214-01A-41R-1949-07,luad,tumor,2.284723495
TCGA-75-7025-01A-12R-1949-07,luad,tumor,2.974317488
TCGA-75-7027-01A-11R-1949-07,luad,tumor,2.711095405
TCGA-75-7030-01A-11R-1949-07,luad,tumor,2.828580855
TCGA-75-7031-01A-11R-1949-07,luad,tumor,2.846118608
TCGA-78-7143-01A-11R-2039-07,luad,tumor,2.697052613
TCGA-78-7145-01A-11R-2039-07,luad,tumor,2.570003843
TCGA-78-7146-01A-11R-2039-07,luad,tumor,2.517560769
TCGA-78-7147-01A-11R-2039-07,luad,tumor,2.899911609
TCGA-78-7148-01A-11R-2039-07,luad,tumor,3.089143045
TCGA-78-7149-01A-11R-2039-07,luad,tumor,2.588940358
TCGA-78-7150-01A-21R-2039-07,luad,tumor,2.746138669
TCGA-78-7152-01A-11R-2039-07,luad,tumor,2.829058016
TCGA-78-7153-01A-11R-2039-07,luad,tumor,2.85042049
TCGA-78-7154-01A-11R-2039-07,luad,tumor,2.34995464
TCGA-78-7155-01A-11R-2039-07,luad,tumor,2.426062869
TCGA-78-7156-01A-11R-2039-07,luad,tumor,3.163122738
TCGA-78-7158-01A-11R-2039-07,luad,tumor,2.717730395
TCGA-78-7159-01A-11R-2039-07,luad,tumor,2.976459412
TCGA-78-7160-01A-11R-2039-07,luad,tumor,2.399489797
TCGA-78-7161-01A-11R-2039-07,luad,tumor,3.104242509
TCGA-78-7162-01A-21R-2066-07,luad,tumor,2.897940713
TCGA-78-7163-01A-12R-2066-07,luad,tumor,2.75406902
TCGA-78-7166-01A-12R-2066-07,luad,tumor,2.7362426
TCGA-78-7167-01A-11R-2066-07,luad,tumor,3.022220244
TCGA-78-7220-01A-11R-2039-07,luad,tumor,3.102166664
TCGA-78-7535-01A-11R-2066-07,luad,tumor,1.819643912
TCGA-78-7536-01A-11R-2066-07,luad,tumor,2.550063363
TCGA-78-7537-01A-11R-2066-07,luad,tumor,3.004771983
TCGA-78-7539-01A-11R-2066-07,luad,tumor,2.659220261
TCGA-78-7540-01A-11R-2066-07,luad,tumor,2.717531026
TCGA-78-7542-01A-21R-2066-07,luad,tumor,2.554447763
TCGA-78-7633-01A-11R-2066-07,luad,tumor,2.667887359
TCGA-78-8640-01A-11R-2403-07,luad,tumor,2.565406675
TCGA-78-8648-01A-11R-2403-07,luad,tumor,1.737318238
TCGA-78-8655-01A-11R-2403-07,luad,tumor,1.940176924
TCGA-78-8660-01A-11R-2403-07,luad,tumor,2.287142419
TCGA-78-8662-01A-11R-2403-07,luad,tumor,2.886426403
TCGA-80-5607-01A-31R-1949-07,luad,tumor,2.706537809
TCGA-80-5608-01A-31R-1949-07,luad,tumor,2.950150846
TCGA-80-5611-01A-01R-1628-07,luad,tumor,1.770073882
TCGA-83-5908-01A-21R-2287-07,luad,tumor,2.52629391
TCGA-86-6562-01A-11R-1755-07,luad,tumor,2.224363139
TCGA-86-6851-01A-11R-1949-07,luad,tumor,2.662632047
TCGA-86-7701-01A-11R-2170-07,luad,tumor,3.021296961
TCGA-86-7711-01A-11R-2066-07,luad,tumor,2.062636255
TCGA-86-7713-01A-11R-2066-07,luad,tumor,2.700925235
TCGA-86-7714-01A-12R-2170-07,luad,tumor,2.312597459
TCGA-86-7953-01A-11R-2187-07,luad,tumor,2.664983818
TCGA-86-7954-01A-11R-2187-07,luad,tumor,2.347552246
TCGA-86-7955-01A-11R-2187-07,luad,tumor,3.184003704
TCGA-86-8054-01A-11R-2241-07,luad,tumor,2.595818939
TCGA-86-8055-01A-11R-2241-07,luad,tumor,2.408678881
TCGA-86-8056-01A-11R-2241-07,luad,tumor,2.663015307
TCGA-86-8073-01A-11R-2241-07,luad,tumor,2.300317017
TCGA-86-8074-01A-11R-2241-07,luad,tumor,2.546806276
TCGA-86-8075-01A-11R-2241-07,luad,tumor,2.462848457
TCGA-86-8076-01A-31R-2241-07,luad,tumor,2.465761508
TCGA-86-8278-01A-11R-2287-07,luad,tumor,2.875916406
TCGA-86-8279-01A-11R-2287-07,luad,tumor,2.061427987
TCGA-86-8280-01A-11R-2287-07,luad,tumor,2.680039832
TCGA-86-8281-01A-11R-2287-07,luad,tumor,2.89814437
TCGA-86-8358-01A-11R-2326-07,luad,tumor,2.292470188
TCGA-86-8359-01A-11R-2326-07,luad,tumor,2.925639912
TCGA-86-8585-01A-11R-2403-07,luad,tumor,2.156961833
TCGA-86-8668-01A-11R-2403-07,luad,tumor,2.726800048
TCGA-86-8669-01A-11R-2403-07,luad,tumor,3.008007042
TCGA-86-8671-01A-11R-2403-07,luad,tumor,2.315481726
TCGA-86-8672-01A-21R-2403-07,luad,tumor,2.59675087
TCGA-86-8673-01A-11R-2403-07,luad,tumor,2.602962473
TCGA-86-8674-01A-21R-2403-07,luad,tumor,2.344341676
TCGA-86-A456-01A-11R-A24H-07,luad,tumor,2.027406524
TCGA-86-A4D0-01A-11R-A24H-07,luad,tumor,2.83984463
TCGA-86-A4JF-01A-11R-A24X-07,luad,tumor,2.428935468
TCGA-86-A4P7-01A-11R-A24X-07,luad,tumor,2.715305708
TCGA-86-A4P8-01A-11R-A24X-07,luad,tumor,2.158755437
TCGA-91-6828-01A-11R-1858-07,luad,tumor,2.574057177
TCGA-91-6829-01A-21R-1858-07,luad,tumor,2.173748885
TCGA-91-6830-01A-11R-1949-07,luad,tumor,2.472201523
TCGA-91-6831-01A-11R-1858-07,luad,tumor,2.19157043
TCGA-91-6835-01A-11R-1858-07,luad,tumor,2.173571249
TCGA-91-6836-01A-21R-1858-07,luad,tumor,2.931643594
TCGA-91-6840-01A-11R-1949-07,luad,tumor,2.437422158
TCGA-91-6847-01A-11R-1949-07,luad,tumor,3.097435259
TCGA-91-6848-01A-11R-1949-07,luad,tumor,2.028713904
TCGA-91-6849-01A-11R-1949-07,luad,tumor,2.246674307
TCGA-91-7771-01A-11R-2170-07,luad,tumor,2.23041921
TCGA-91-8496-01A-11R-2403-07,luad,tumor,2.408520179
TCGA-91-8497-01A-11R-2403-07,luad,tumor,2.975297868
TCGA-91-8499-01A-11R-2403-07,luad,tumor,1.998071636
TCGA-91-A4BC-01A-11R-A24H-07,luad,tumor,2.507178496
TCGA-91-A4BD-01A-11R-A24H-07,luad,tumor,2.655655039
TCGA-93-7347-01A-11R-2187-07,luad,tumor,2.337037124
TCGA-93-7348-01A-21R-2039-07,luad,tumor,2.451211656
TCGA-93-8067-01A-11R-2287-07,luad,tumor,2.368443342
TCGA-93-A4JN-01A-11R-A24X-07,luad,tumor,2.764366152
TCGA-93-A4JO-01A-21R-A24X-07,luad,tumor,2.511222168
TCGA-93-A4JP-01A-11R-A24X-07,luad,tumor,2.137792275
TCGA-93-A4JQ-01A-11R-A24X-07,luad,tumor,2.331822838
TCGA-95-7039-01A-11R-1949-07,luad,tumor,2.639637255
TCGA-95-7043-01A-11R-1949-07,luad,tumor,2.963905761
TCGA-95-7562-01A-11R-2241-07,luad,tumor,2.291095471
TCGA-95-7567-01A-11R-2066-07,luad,tumor,2.636160031
TCGA-95-7944-01A-11R-2187-07,luad,tumor,2.870563705
TCGA-95-7947-01A-11R-2187-07,luad,tumor,2.681809554
TCGA-95-7948-01A-11R-2187-07,luad,tumor,2.989258954
TCGA-95-8039-01A-11R-2241-07,luad,tumor,2.780893291
TCGA-95-8494-01A-11R-2326-07,luad,tumor,2.989129225
TCGA-95-A4VK-01A-11R-A262-07,luad,tumor,2.841538522
TCGA-95-A4VN-01A-11R-A262-07,luad,tumor,2.276175721
TCGA-95-A4VP-01A-21R-A262-07,luad,tumor,2.548358739
TCGA-97-7546-01A-11R-2039-07,luad,tumor,2.746803294
TCGA-97-7547-01A-11R-2039-07,luad,tumor,2.799702567
TCGA-97-7552-01A-11R-2039-07,luad,tumor,2.803194201
TCGA-97-7553-01A-21R-2039-07,luad,tumor,2.38979112
TCGA-97-7554-01A-11R-2039-07,luad,tumor,2.293089939
TCGA-97-7937-01A-11R-2170-07,luad,tumor,2.437684929
TCGA-97-7938-01A-11R-2170-07,luad,tumor,2.598859589
TCGA-97-7941-01A-11R-2187-07,luad,tumor,2.596567272
TCGA-97-8171-01A-11R-2287-07,luad,tumor,2.127276631
TCGA-97-8172-01A-11R-2287-07,luad,tumor,2.668366185
TCGA-97-8174-01A-11R-2287-07,luad,tumor,2.668128456
TCGA-97-8175-01A-11R-2287-07,luad,tumor,2.587737167
TCGA-97-8176-01A-11R-2403-07,luad,tumor,2.558830367
TCGA-97-8177-01A-11R-2287-07,luad,tumor,2.827851798
TCGA-97-8179-01A-11R-2287-07,luad,tumor,2.716663073
TCGA-97-8547-01A-11R-2403-07,luad,tumor,1.876714066
TCGA-97-8552-01A-11R-2403-07,luad,tumor,2.809658992
TCGA-97-A4LX-01A-11R-A24X-07,luad,tumor,2.777446509
TCGA-97-A4M0-01A-11R-A24X-07,luad,tumor,3.045472951
TCGA-97-A4M1-01A-11R-A24X-07,luad,tumor,2.537230577
TCGA-97-A4M2-01A-12R-A24X-07,luad,tumor,2.735706921
TCGA-97-A4M3-01A-11R-A24X-07,luad,tumor,2.919840063
TCGA-97-A4M5-01A-11R-A24X-07,luad,tumor,2.348568065
TCGA-97-A4M6-01A-11R-A24X-07,luad,tumor,2.748374908
TCGA-97-A4M7-01A-11R-A24X-07,luad,tumor,3.139624133
TCGA-99-7458-01A-11R-2039-07,luad,tumor,2.49812999
TCGA-99-8025-01A-11R-2241-07,luad,tumor,2.101376394
TCGA-99-8028-01A-11R-2241-07,luad,tumor,2.395460547
TCGA-99-8032-01A-11R-2241-07,luad,tumor,2.612745482
TCGA-99-8033-01A-11R-2241-07,luad,tumor,3.04339689
TCGA-99-AA5R-01A-11R-A39D-07,luad,tumor,2.567998609
TCGA-J2-8192-01A-11R-2241-07,luad,tumor,2.20001005
TCGA-J2-8194-01A-11R-2241-07,luad,tumor,2.607023712
TCGA-J2-A4AD-01A-11R-A24H-07,luad,tumor,2.655082675
TCGA-J2-A4AE-01A-21R-A24H-07,luad,tumor,2.823534672
TCGA-J2-A4AG-01A-11R-A24H-07,luad,tumor,2.792107001
TCGA-L4-A4E5-01A-11R-A24X-07,luad,tumor,2.344586958
TCGA-L4-A4E6-01A-11R-A24H-07,luad,tumor,1.563371662
TCGA-L9-A443-01A-12R-A24H-07,luad,tumor,2.410344429
TCGA-L9-A444-01A-21R-A24H-07,luad,tumor,2.668670252
TCGA-L9-A50W-01A-12R-A39D-07,luad,tumor,3.208294355
TCGA-L9-A5IP-01A-21R-A39D-07,luad,tumor,2.657034291
TCGA-L9-A743-01A-43R-A39D-07,luad,tumor,2.588063792
TCGA-L9-A7SV-01A-11R-A39D-07,luad,tumor,3.078629728
TCGA-L9-A8F4-01A-11R-A39D-07,luad,tumor,2.372727211
TCGA-MN-A4N1-01A-11R-A24X-07,luad,tumor,2.677616082
TCGA-MN-A4N4-01A-12R-A24X-07,luad,tumor,1.920607764
TCGA-MN-A4N5-01A-11R-A24X-07,luad,tumor,2.600052966
TCGA-MP-A4SV-01A-11R-A24X-07,luad,tumor,2.901553252
TCGA-MP-A4SW-01A-21R-A24X-07,luad,tumor,2.836705093
TCGA-MP-A4SY-01A-21R-A24X-07,luad,tumor,1.828501003
TCGA-MP-A4T4-01A-11R-A262-07,luad,tumor,2.692069545
TCGA-MP-A4T6-01A-32R-A262-07,luad,tumor,2.362727377
TCGA-MP-A4T7-01A-11R-A24X-07,luad,tumor,2.818124474
TCGA-MP-A4T8-01A-11R-A24X-07,luad,tumor,2.09593312
TCGA-MP-A4T9-01A-11R-A24X-07,luad,tumor,2.509537561
TCGA-MP-A4TA-01A-21R-A24X-07,luad,tumor,2.850206431
TCGA-MP-A4TC-01A-11R-A24X-07,luad,tumor,1.931766213
TCGA-MP-A4TD-01A-32R-A262-07,luad,tumor,2.236003766
TCGA-MP-A4TE-01A-22R-A466-07,luad,tumor,2.630741109
TCGA-MP-A4TF-01A-11R-A262-07,luad,tumor,2.685898257
TCGA-MP-A4TH-01A-31R-A262-07,luad,tumor,2.826606636
TCGA-MP-A4TI-01A-21R-A24X-07,luad,tumor,2.178801642
TCGA-MP-A4TJ-01A-51R-A262-07,luad,tumor,2.564444155
TCGA-MP-A4TK-01A-11R-A24X-07,luad,tumor,1.720523383
TCGA-MP-A5C7-01A-11R-A262-07,luad,tumor,3.080699579
TCGA-NJ-A4YF-01A-12R-A262-07,luad,tumor,2.319892245
TCGA-NJ-A4YG-01A-22R-A262-07,luad,tumor,2.86955787
TCGA-NJ-A4YI-01A-11R-A262-07,luad,tumor,2.810394674
TCGA-NJ-A4YP-01A-11R-A262-07,luad,tumor,2.619529411
TCGA-NJ-A4YQ-01A-11R-A262-07,luad,tumor,2.460456511
TCGA-NJ-A55A-01A-11R-A262-07,luad,tumor,2.676492542
TCGA-NJ-A55O-01A-11R-A262-07,luad,tumor,2.029271106
TCGA-NJ-A55R-01A-11R-A262-07,luad,tumor,2.351482518
TCGA-NJ-A7XG-01A-12R-A39D-07,luad,tumor,2.944365612
TCGA-O1-A52J-01A-11R-A262-07,luad,tumor,2.588182963
TCGA-S2-AA1A-01A-12R-A39D-07,luad,tumor,2.865296203
TCGA-18-3406-01A-01R-0980-07,lusc,tumor,2.560669084
TCGA-18-3407-01A-01R-0980-07,lusc,tumor,2.744968967
TCGA-18-3408-01A-01R-0980-07,lusc,tumor,2.702774243
TCGA-18-3409-01A-01R-0980-07,lusc,tumor,1.732196017
TCGA-18-3410-01A-01R-0980-07,lusc,tumor,2.415443531
TCGA-18-3411-01A-01R-0980-07,lusc,tumor,2.409869586
TCGA-18-3412-01A-01R-0980-07,lusc,tumor,2.739547089
TCGA-18-3414-01A-01R-0980-07,lusc,tumor,2.950025152
TCGA-18-3415-01A-01R-0980-07,lusc,tumor,2.676745502
TCGA-18-3416-01A-01R-0980-07,lusc,tumor,2.529829737
TCGA-18-3417-01A-01R-1443-07,lusc,tumor,1.897859123
TCGA-18-3419-01A-01R-0980-07,lusc,tumor,2.744039943
TCGA-18-3421-01A-01R-0980-07,lusc,tumor,2.718218915
TCGA-18-4083-01A-01R-1100-07,lusc,tumor,2.753010102
TCGA-18-4086-01A-01R-1100-07,lusc,tumor,2.582815628
TCGA-18-4721-01A-01R-1443-07,lusc,tumor,2.317230661
TCGA-18-5592-01A-01R-1635-07,lusc,tumor,2.893951459
TCGA-18-5595-01A-01R-1635-07,lusc,tumor,2.722687804
TCGA-21-1070-01A-01R-0692-07,lusc,tumor,2.525168058
TCGA-21-1071-01A-01R-0692-07,lusc,tumor,2.580122964
TCGA-21-1072-01A-01R-0692-07,lusc,tumor,2.900773014
TCGA-21-1075-01A-01R-0692-07,lusc,tumor,3.011824205
TCGA-21-1076-01A-02R-0692-07,lusc,tumor,1.193626309
TCGA-21-1077-01A-01R-0692-07,lusc,tumor,1.972238096
TCGA-21-1078-01A-01R-0692-07,lusc,tumor,2.99045121
TCGA-21-1079-01A-01R-0692-07,lusc,tumor,1.761952634
TCGA-21-1080-01A-01R-0692-07,lusc,tumor,2.712823147
TCGA-21-1081-01A-01R-0692-07,lusc,tumor,2.858032951
TCGA-21-1082-01A-01R-0692-07,lusc,tumor,2.77944442
TCGA-21-1083-01A-01R-0692-07,lusc,tumor,2.436080214
TCGA-21-5782-01A-01R-1635-07,lusc,tumor,2.560429709
TCGA-21-5783-01A-41R-2187-07,lusc,tumor,2.051921631
TCGA-21-5784-01A-01R-1635-07,lusc,tumor,2.903025523
TCGA-21-5786-01A-01R-1635-07,lusc,tumor,2.436566753
TCGA-21-5787-01A-01R-1635-07,lusc,tumor,2.917595093
TCGA-21-A5DI-01A-31R-A26W-07,lusc,tumor,2.477208309
TCGA-22-0940-01A-01R-0692-07,lusc,tumor,2.705896128
TCGA-22-0944-01A-01R-0692-07,lusc,tumor,2.436541808
TCGA-22-1000-01A-01R-A32Z-07,lusc,tumor,2.171379575
TCGA-22-1002-01A-01R-0692-07,lusc,tumor,3.143222065
TCGA-22-1005-01A-01R-0692-07,lusc,tumor,2.891578054
TCGA-22-1011-01A-01R-0692-07,lusc,tumor,2.847524772
TCGA-22-1012-01A-01R-0692-07,lusc,tumor,1.950359902
TCGA-22-1016-01A-01R-0692-07,lusc,tumor,2.173144628
TCGA-22-1017-01A-01R-0692-07,lusc,tumor,2.813720387
TCGA-22-4591-01A-01R-1201-07,lusc,tumor,2.791593962
TCGA-22-4593-01A-21R-1820-07,lusc,tumor,2.25231862
TCGA-22-4594-01A-01R-1201-07,lusc,tumor,2.677921658
TCGA-22-4595-01A-01R-1201-07,lusc,tumor,2.303987635
TCGA-22-4596-01A-01R-1201-07,lusc,tumor,2.332193465
TCGA-22-4599-01A-01R-1443-07,lusc,tumor,2.372083761
TCGA-22-4601-01A-01R-1443-07,lusc,tumor,2.807559294
TCGA-22-4604-01A-01R-1201-07,lusc,tumor,1.418249248
TCGA-22-4605-01A-21R-2125-07,lusc,tumor,1.603087147
TCGA-22-4607-01A-01R-1201-07,lusc,tumor,2.501419003
TCGA-22-4609-01A-21R-2125-07,lusc,tumor,1.767014488
TCGA-22-4613-01A-01R-1443-07,lusc,tumor,2.201613695
TCGA-22-5471-01A-01R-1635-07,lusc,tumor,2.31436257
TCGA-22-5472-01A-01R-1635-07,lusc,tumor,2.195025648
TCGA-22-5473-01A-01R-1635-07,lusc,tumor,2.196077077
TCGA-22-5474-01A-01R-1635-07,lusc,tumor,2.591666773
TCGA-22-5477-01A-01R-1635-07,lusc,tumor,2.838286512
TCGA-22-5478-01A-01R-1635-07,lusc,tumor,2.028801431
TCGA-22-5479-01A-31R-1949-07,lusc,tumor,2.321271737
TCGA-22-5480-01A-01R-1635-07,lusc,tumor,2.261305881
TCGA-22-5481-01A-31R-1949-07,lusc,tumor,2.896001186
TCGA-22-5482-01A-01R-1635-07,lusc,tumor,1.896422597
TCGA-22-5483-01A-01R-1820-07,lusc,tumor,1.673649783
TCGA-22-5485-01A-01R-1635-07,lusc,tumor,2.421020465
TCGA-22-5489-01A-01R-1635-07,lusc,tumor,2.36414232
TCGA-22-5491-01A-01R-1635-07,lusc,tumor,2.525310416
TCGA-22-5492-01A-01R-1635-07,lusc,tumor,2.565787736
TCGA-22-A5C4-01A-12R-A27Q-07,lusc,tumor,2.414851265
TCGA-33-4532-01A-01R-1201-07,lusc,tumor,2.556693222
TCGA-33-4533-01A-01R-1201-07,lusc,tumor,2.433462691
TCGA-33-4538-01A-01R-1201-07,lusc,tumor,2.879441068
TCGA-33-4547-01A-01R-1201-07,lusc,tumor,2.745479897
TCGA-33-4566-01A-01R-1443-07,lusc,tumor,2.64558714
TCGA-33-4582-01A-01R-1443-07,lusc,tumor,2.944431685
TCGA-33-4583-01A-01R-1443-07,lusc,tumor,2.795952517
TCGA-33-4586-01A-01R-1443-07,lusc,tumor,2.268763355
TCGA-33-4587-01A-11R-2125-07,lusc,tumor,2.431930899
TCGA-33-4589-01A-01R-1443-07,lusc,tumor,2.389647986
TCGA-33-6737-01A-11R-1820-07,lusc,tumor,2.726759921
TCGA-33-6738-01A-11R-1949-07,lusc,tumor,2.664444085
TCGA-33-A4WN-01A-11R-A262-07,lusc,tumor,2.721560065
TCGA-33-A5GW-01A-11R-A27Q-07,lusc,tumor,2.74615066
TCGA-33-AAS8-01A-11R-A405-07,lusc,tumor,2.780401787
TCGA-33-AASB-01A-11R-A405-07,lusc,tumor,1.745795309
TCGA-33-AASD-01A-11R-A405-07,lusc,tumor,2.386704505
TCGA-33-AASI-01A-22R-A405-07,lusc,tumor,2.866307649
TCGA-33-AASJ-01A-11R-A405-07,lusc,tumor,2.553006343
TCGA-33-AASL-01A-11R-A405-07,lusc,tumor,2.494690797
TCGA-34-2596-01A-01R-0851-07,lusc,tumor,2.64340019
TCGA-34-2600-01A-01R-0851-07,lusc,tumor,2.612749094
TCGA-34-2608-01A-02R-0851-07,lusc,tumor,1.881477075
TCGA-34-5231-01A-21R-1820-07,lusc,tumor,2.749049355
TCGA-34-5232-01A-21R-1820-07,lusc,tumor,2.785181966
TCGA-34-5234-01A-01R-1635-07,lusc,tumor,2.718392323
TCGA-34-5236-01A-21R-1820-07,lusc,tumor,1.803502102
TCGA-34-5239-01A-21R-1820-07,lusc,tumor,2.559986338
TCGA-34-5240-01A-01R-1443-07,lusc,tumor,2.127388185
TCGA-34-5241-01A-01R-1443-07,lusc,tumor,2.474918339
TCGA-34-5927-01A-11R-1820-07,lusc,tumor,2.25455695
TCGA-34-5928-01A-11R-1820-07,lusc,tumor,1.830760344
TCGA-34-5929-01A-11R-1820-07,lusc,tumor,2.501236179
TCGA-34-7107-01A-11R-1949-07,lusc,tumor,2.19467716
TCGA-34-8454-01A-11R-2326-07,lusc,tumor,2.779706336
TCGA-34-8455-01A-11R-2326-07,lusc,tumor,2.692660411
TCGA-34-8456-01A-21R-2326-07,lusc,tumor,2.063730999
TCGA-34-A5IX-01A-12R-A27Q-07,lusc,tumor,2.520807756
TCGA-37-3783-01A-01R-1201-07,lusc,tumor,2.792593896
TCGA-37-3789-01A-01R-0980-07,lusc,tumor,2.584372786
TCGA-37-3792-01A-01R-0980-07,lusc,tumor,1.653982211
TCGA-37-4129-01A-01R-1100-07,lusc,tumor,2.76587619
TCGA-37-4130-01A-01R-1100-07,lusc,tumor,2.530230361
TCGA-37-4132-01A-01R-1100-07,lusc,tumor,2.724995579
TCGA-37-4133-01A-01R-1100-07,lusc,tumor,2.732910574
TCGA-37-4135-01A-01R-1100-07,lusc,tumor,2.161539603
TCGA-37-4141-01A-02R-1100-07,lusc,tumor,2.461061302
TCGA-37-5819-01A-01R-1635-07,lusc,tumor,2.673932562
TCGA-37-A5EL-01A-11R-A26W-07,lusc,tumor,2.871548188
TCGA-37-A5EM-01A-21R-A27Q-07,lusc,tumor,2.095424145
TCGA-37-A5EN-01A-21R-A26W-07,lusc,tumor,2.546135582
TCGA-39-5011-01A-01R-1443-07,lusc,tumor,2.365267779
TCGA-39-5016-01A-01R-1443-07,lusc,tumor,2.474768164
TCGA-39-5019-01A-01R-1820-07,lusc,tumor,1.919498053
TCGA-39-5021-01A-01R-1443-07,lusc,tumor,2.020496054
TCGA-39-5022-01A-21R-1820-07,lusc,tumor,2.523921102
TCGA-39-5024-01A-21R-1820-07,lusc,tumor,2.599597965
TCGA-39-5027-01A-21R-1820-07,lusc,tumor,2.710275558
TCGA-39-5028-01A-01R-1443-07,lusc,tumor,2.927502692
TCGA-39-5029-01A-01R-1443-07,lusc,tumor,2.336782615
TCGA-39-5030-01A-01R-1443-07,lusc,tumor,2.204784646
TCGA-39-5031-01A-01R-1443-07,lusc,tumor,2.016046563
TCGA-39-5034-01A-01R-1443-07,lusc,tumor,2.674771804
TCGA-39-5035-01A-01R-1443-07,lusc,tumor,2.86307203
TCGA-39-5036-01A-01R-1443-07,lusc,tumor,2.683788438
TCGA-39-5037-01A-01R-1443-07,lusc,tumor,2.628217018
TCGA-39-5039-01A-01R-1443-07,lusc,tumor,2.545753604
TCGA-39-5040-01A-21R-2125-07,lusc,tumor,2.892459924
TCGA-43-2576-01A-01R-A32Z-07,lusc,tumor,2.231228267
TCGA-43-2578-01A-01R-0851-07,lusc,tumor,2.702146188
TCGA-43-2581-01A-01R-0851-07,lusc,tumor,1.675174411
TCGA-43-3394-01A-01R-0980-07,lusc,tumor,2.025810484
TCGA-43-3920-01A-01R-0980-07,lusc,tumor,2.608469358
TCGA-43-5668-01A-01R-1635-07,lusc,tumor,2.019961415
TCGA-43-5670-01A-21R-2125-07,lusc,tumor,2.687017635
TCGA-43-6143-01A-11R-1820-07,lusc,tumor,2.324020869
TCGA-43-6647-01A-11R-1820-07,lusc,tumor,2.142714325
TCGA-43-6770-01A-11R-1820-07,lusc,tumor,1.434820546
TCGA-43-6771-01A-11R-1820-07,lusc,tumor,2.272663172
TCGA-43-6773-01A-41R-1949-07,lusc,tumor,2.646588528
TCGA-43-7656-01A-11R-2125-07,lusc,tumor,2.636903896
TCGA-43-7657-01A-31R-2125-07,lusc,tumor,1.920813143
TCGA-43-7658-01A-11R-2125-07,lusc,tumor,2.307256617
TCGA-43-8115-01A-11R-2247-07,lusc,tumor,2.022794823
TCGA-43-8116-01A-11R-2247-07,lusc,tumor,2.771419606
TCGA-43-8118-01A-11R-2403-07,lusc,tumor,1.773110784
TCGA-43-A474-01A-11R-A24H-07,lusc,tumor,2.43858108
TCGA-43-A475-01A-11R-A24H-07,lusc,tumor,2.301709593
TCGA-43-A56U-01A-11R-A26W-07,lusc,tumor,2.722821237
TCGA-43-A56V-01A-11R-A26W-07,lusc,tumor,2.73925491
TCGA-46-3765-01A-01R-0980-07,lusc,tumor,2.123051593
TCGA-46-3766-01A-01R-0980-07,lusc,tumor,2.419302233
TCGA-46-3767-01A-01R-0980-07,lusc,tumor,2.758292032
TCGA-46-3768-01A-01R-0980-07,lusc,tumor,2.248359451
TCGA-46-3769-01A-01R-0980-07,lusc,tumor,2.026631004
TCGA-46-6025-01A-11R-1820-07,lusc,tumor,2.081360644
TCGA-46-6026-01A-11R-1820-07,lusc,tumor,2.226599966
TCGA-51-4079-01A-01R-1100-07,lusc,tumor,2.462379553
TCGA-51-4080-01A-01R-1100-07,lusc,tumor,1.569795704
TCGA-51-4081-01A-01R-1100-07,lusc,tumor,1.484573308
TCGA-51-6867-01A-11R-2045-07,lusc,tumor,2.90910391
TCGA-52-7622-01A-11R-2125-07,lusc,tumor,1.887219971
TCGA-52-7809-01A-21R-2125-07,lusc,tumor,3.007230289
TCGA-52-7810-01A-11R-2125-07,lusc,tumor,2.179532574
TCGA-52-7811-01A-11R-2125-07,lusc,tumor,1.77371383
TCGA-52-7812-01A-11R-2125-07,lusc,tumor,2.119674741
TCGA-56-1622-01A-01R-0692-07,lusc,tumor,3.14454094
TCGA-56-5897-01A-11R-1635-07,lusc,tumor,2.157197528
TCGA-56-5898-01A-11R-1635-07,lusc,tumor,2.466609125
TCGA-56-6545-01A-11R-1820-07,lusc,tumor,1.65548651
TCGA-56-6546-01A-11R-1820-07,lusc,tumor,2.109707564
TCGA-56-7221-01A-11R-2045-07,lusc,tumor,1.981841369
TCGA-56-7222-01A-11R-2045-07,lusc,tumor,2.700801637
TCGA-56-7223-01A-11R-2045-07,lusc,tumor,1.9568673
TCGA-56-7579-01A-11R-2045-07,lusc,tumor,1.550922374
TCGA-56-7580-01A-11R-2045-07,lusc,tumor,2.740129986
TCGA-56-7582-01A-11R-2045-07,lusc,tumor,1.993690112
TCGA-56-7730-01A-11R-2125-07,lusc,tumor,3.071412714
TCGA-56-7731-01A-11R-2125-07,lusc,tumor,2.515969077
TCGA-56-7822-01A-11R-2125-07,lusc,tumor,1.992628886
TCGA-56-7823-01B-11R-2247-07,lusc,tumor,2.35400686
TCGA-56-8082-01A-11R-2247-07,lusc,tumor,2.531740866
TCGA-56-8083-01A-11R-2247-07,lusc,tumor,2.677877676
TCGA-56-8201-01A-11R-2247-07,lusc,tumor,1.815876536
TCGA-56-8304-01A-11R-2326-07,lusc,tumor,2.86826906
TCGA-56-8305-01A-11R-2296-07,lusc,tumor,1.58532118
TCGA-56-8307-01A-11R-2296-07,lusc,tumor,2.689757118
TCGA-56-8308-01A-11R-2296-07,lusc,tumor,2.556454406
TCGA-56-8309-01A-11R-2296-07,lusc,tumor,2.463392513
TCGA-56-8503-01A-11R-2403-07,lusc,tumor,1.433080217
TCGA-56-8504-01A-11R-2403-07,lusc,tumor,2.284308425
TCGA-56-8622-01A-11R-2403-07,lusc,tumor,2.233554528
TCGA-56-8623-01A-11R-A28V-07,lusc,tumor,2.083319245
TCGA-56-8624-01A-11R-2403-07,lusc,tumor,2.527495909
TCGA-56-8625-01A-11R-2403-07,lusc,tumor,2.699326092
TCGA-56-8626-01A-11R-2403-07,lusc,tumor,2.746661285
TCGA-56-8628-01A-11R-2403-07,lusc,tumor,1.665365393
TCGA-56-8629-01A-11R-2403-07,lusc,tumor,2.287492753
TCGA-56-A49D-01A-11R-A24H-07,lusc,tumor,2.733865622
TCGA-56-A4BW-01A-11R-A24H-07,lusc,tumor,2.780964094
TCGA-56-A4BX-01A-11R-A24H-07,lusc,tumor,2.722572853
TCGA-56-A4BY-01A-11R-A24H-07,lusc,tumor,2.905772644
TCGA-56-A4ZJ-01A-11R-A262-07,lusc,tumor,2.209661334
TCGA-56-A4ZK-01A-11R-A262-07,lusc,tumor,1.131266884
TCGA-56-A5DR-01A-11R-A27Q-07,lusc,tumor,2.792928512
TCGA-56-A5DS-01A-11R-A27Q-07,lusc,tumor,3.3232689
TCGA-56-A62T-01A-11R-A405-07,lusc,tumor,2.308966199
TCGA-58-8386-01A-11R-2296-07,lusc,tumor,2.143687395
TCGA-58-8387-01A-11R-2296-07,lusc,tumor,2.544802036
TCGA-58-8388-01A-11R-2326-07,lusc,tumor,2.551082303
TCGA-58-8390-01A-11R-2326-07,lusc,tumor,2.181556917
TCGA-58-8391-01A-11R-2326-07,lusc,tumor,2.638565658
TCGA-58-8392-01A-11R-2326-07,lusc,tumor,2.712583896
TCGA-58-8393-01A-11R-2326-07,lusc,tumor,2.442248627
TCGA-58-A46J-01A-11R-A24H-07,lusc,tumor,2.802403593
TCGA-58-A46K-01A-11R-A24H-07,lusc,tumor,2.883382871
TCGA-58-A46L-01A-11R-A24H-07,lusc,tumor,2.572845964
TCGA-58-A46M-01A-11R-A24H-07,lusc,tumor,2.35732168
TCGA-58-A46N-01A-11R-A24H-07,lusc,tumor,3.240811669
TCGA-60-2695-01A-01R-0851-07,lusc,tumor,3.043056537
TCGA-60-2696-01A-01R-0851-07,lusc,tumor,2.895843446
TCGA-60-2697-01A-11R-2125-07,lusc,tumor,2.958432947
TCGA-60-2698-01A-01R-0851-07,lusc,tumor,2.500189317
TCGA-60-2703-01A-11R-2045-07,lusc,tumor,2.65664309
TCGA-60-2704-01A-11R-2045-07,lusc,tumor,2.14610109
TCGA-60-2706-01A-01R-0851-07,lusc,tumor,2.630576405
TCGA-60-2707-01A-01R-0851-07,lusc,tumor,2.449465085
TCGA-60-2708-01A-01R-0851-07,lusc,tumor,2.09965828
TCGA-60-2709-01A-21R-1820-07,lusc,tumor,1.53172136
TCGA-60-2710-01A-01R-0851-07,lusc,tumor,2.172058137
TCGA-60-2711-01A-01R-0851-07,lusc,tumor,3.065923606
TCGA-60-2712-01A-01R-0851-07,lusc,tumor,2.249859951
TCGA-60-2713-01A-01R-0851-07,lusc,tumor,1.584858475
TCGA-60-2714-01A-01R-0851-07,lusc,tumor,2.706238791
TCGA-60-2715-01A-01R-0851-07,lusc,tumor,2.660083121
TCGA-60-2716-01A-01R-0851-07,lusc,tumor,2.858942988
TCGA-60-2719-01A-01R-0851-07,lusc,tumor,2.313567046
TCGA-60-2720-01A-01R-0851-07,lusc,tumor,2.27309257
TCGA-60-2721-01A-01R-0851-07,lusc,tumor,2.868680633
TCGA-60-2722-01A-01R-0851-07,lusc,tumor,2.546744559
TCGA-60-2723-01A-01R-0851-07,lusc,tumor,2.597571623
TCGA-60-2724-01A-01R-0851-07,lusc,tumor,2.441907644
TCGA-60-2725-01A-01R-1201-07,lusc,tumor,2.066614058
TCGA-60-2726-01A-01R-0851-07,lusc,tumor,2.644993177
TCGA-63-5128-01A-01R-1443-07,lusc,tumor,2.671268646
TCGA-63-5131-01A-01R-1443-07,lusc,tumor,2.771810554
TCGA-63-6202-01A-11R-1820-07,lusc,tumor,2.64381354
TCGA-63-7020-01A-11R-1949-07,lusc,tumor,2.718872762
TCGA-63-7021-01A-11R-1949-07,lusc,tumor,2.317730876
TCGA-63-7022-01A-11R-1949-07,lusc,tumor,2.284483638
TCGA-63-7023-01A-11R-1949-07,lusc,tumor,2.756052401
TCGA-63-A5M9-01A-11R-A26W-07,lusc,tumor,2.31096533
TCGA-63-A5MB-01A-11R-A26W-07,lusc,tumor,2.378618921
TCGA-63-A5MG-01A-12R-A27Q-07,lusc,tumor,2.595527501
TCGA-63-A5MH-01A-12R-A27Q-07,lusc,tumor,1.900912608
TCGA-63-A5MI-01A-12R-A27Q-07,lusc,tumor,2.813524972
TCGA-63-A5MJ-01A-11R-A27Q-07,lusc,tumor,1.835935281
TCGA-63-A5ML-01A-31R-A27Q-07,lusc,tumor,2.729664405
TCGA-63-A5MM-01A-11R-A26W-07,lusc,tumor,2.283286275
TCGA-63-A5MN-01A-22R-A27Q-07,lusc,tumor,2.722418703
TCGA-63-A5MP-01A-11R-A26W-07,lusc,tumor,1.994035967
TCGA-63-A5MR-01A-31R-A27Q-07,lusc,tumor,2.790519508
TCGA-63-A5MS-01A-11R-A26W-07,lusc,tumor,1.917329734
TCGA-63-A5MT-01A-21R-A26W-07,lusc,tumor,1.721174213
TCGA-63-A5MU-01A-11R-A26W-07,lusc,tumor,2.779848507
TCGA-63-A5MV-01A-21R-A26W-07,lusc,tumor,1.699700972
TCGA-63-A5MW-01A-11R-A26W-07,lusc,tumor,2.62752749
TCGA-63-A5MY-01A-11R-A26W-07,lusc,tumor,2.750548495
TCGA-66-2727-01A-01R-0980-07,lusc,tumor,2.411171001
TCGA-66-2734-01A-01R-0980-07,lusc,tumor,2.203968684
TCGA-66-2737-01A-01R-0980-07,lusc,tumor,2.583768814
TCGA-66-2742-01A-01R-0980-07,lusc,tumor,2.811240494
TCGA-66-2744-01A-01R-0980-07,lusc,tumor,1.943421632
TCGA-66-2753-01A-01R-0980-07,lusc,tumor,2.492197616
TCGA-66-2754-01A-01R-0980-07,lusc,tumor,2.330535401
TCGA-66-2755-01A-01R-0851-07,lusc,tumor,2.533746179
TCGA-66-2756-01A-01R-0851-07,lusc,tumor,2.670073498
TCGA-66-2757-01A-01R-0851-07,lusc,tumor,2.389853313
TCGA-66-2758-01A-02R-0851-07,lusc,tumor,2.633201252
TCGA-66-2759-01A-01R-0851-07,lusc,tumor,2.29700824
TCGA-66-2763-01A-01R-0851-07,lusc,tumor,2.415165744
TCGA-66-2765-01A-01R-0851-07,lusc,tumor,2.84159541
TCGA-66-2766-01A-01R-0851-07,lusc,tumor,2.26385782
TCGA-66-2767-01A-01R-0851-07,lusc,tumor,2.302437735
TCGA-66-2768-01A-01R-0851-07,lusc,tumor,1.893992556
TCGA-66-2769-01A-02R-0851-07,lusc,tumor,1.717370779
TCGA-66-2770-01A-01R-0851-07,lusc,tumor,1.981211559
TCGA-66-2771-01A-01R-0980-07,lusc,tumor,2.762416885
TCGA-66-2773-01A-01R-1201-07,lusc,tumor,2.765255388
TCGA-66-2777-01A-01R-1201-07,lusc,tumor,1.589737926
TCGA-66-2778-01A-02R-0851-07,lusc,tumor,2.682083648
TCGA-66-2780-01A-01R-0851-07,lusc,tumor,2.397950536
TCGA-66-2781-01A-01R-0851-07,lusc,tumor,2.942007755
TCGA-66-2782-01A-01R-0851-07,lusc,tumor,2.498753187
TCGA-66-2783-01A-01R-1201-07,lusc,tumor,2.783187697
TCGA-66-2785-01A-01R-0851-07,lusc,tumor,2.843646499
TCGA-66-2786-01A-01R-0851-07,lusc,tumor,2.702509972
TCGA-66-2787-01A-01R-0980-07,lusc,tumor,2.58680745
TCGA-66-2788-01A-01R-0980-07,lusc,tumor,2.686377081
TCGA-66-2789-01A-01R-0980-07,lusc,tumor,2.22105922
TCGA-66-2790-01A-01R-0980-07,lusc,tumor,2.510559697
TCGA-66-2791-01A-01R-0980-07,lusc,tumor,2.709364779
TCGA-66-2792-01A-01R-0980-07,lusc,tumor,2.069105929
TCGA-66-2793-01A-01R-1201-07,lusc,tumor,2.664332184
TCGA-66-2794-01A-01R-1201-07,lusc,tumor,2.798563051
TCGA-66-2795-01A-02R-0980-07,lusc,tumor,2.251091868
TCGA-66-2800-01A-01R-1201-07,lusc,tumor,1.977035714
TCGA-68-7755-01A-11R-2125-07,lusc,tumor,3.054990843
TCGA-68-7756-01A-11R-2125-07,lusc,tumor,2.125388289
TCGA-68-7757-01B-11R-2296-07,lusc,tumor,2.115616747
TCGA-68-8250-01A-11R-2296-07,lusc,tumor,2.61280063
TCGA-68-8251-01A-11R-2296-07,lusc,tumor,2.011920395
TCGA-68-A59I-01A-11R-A262-07,lusc,tumor,2.784771719
TCGA-68-A59J-01A-21R-A26W-07,lusc,tumor,2.652993664
TCGA-6A-AB49-01A-12R-A405-07,lusc,tumor,1.938382371
TCGA-70-6722-01A-11R-1820-07,lusc,tumor,2.101883201
TCGA-70-6723-01A-11R-1820-07,lusc,tumor,2.689303622
TCGA-77-6842-01A-11R-1949-07,lusc,tumor,2.605022327
TCGA-77-6843-01A-11R-1949-07,lusc,tumor,2.441931881
TCGA-77-6844-01A-11R-1949-07,lusc,tumor,2.956285681
TCGA-77-6845-01A-11R-1949-07,lusc,tumor,2.307393799
TCGA-77-7138-01A-41R-2045-07,lusc,tumor,2.183870235
TCGA-77-7139-01A-11R-2045-07,lusc,tumor,2.082892731
TCGA-77-7140-01A-41R-2045-07,lusc,tumor,2.811389054
TCGA-77-7141-01A-11R-2045-07,lusc,tumor,2.44636037
TCGA-77-7142-01A-11R-2045-07,lusc,tumor,2.375578122
TCGA-77-7335-01A-11R-2045-07,lusc,tumor,2.423128041
TCGA-77-7337-01A-21R-2045-07,lusc,tumor,2.100205224
TCGA-77-7338-01A-11R-2045-07,lusc,tumor,1.54525351
TCGA-77-7463-01A-11R-2045-07,lusc,tumor,2.594681625
TCGA-77-7465-01A-11R-2045-07,lusc,tumor,2.359634308
TCGA-77-8007-01A-11R-2187-07,lusc,tumor,1.663107385
TCGA-77-8008-01A-21R-2187-07,lusc,tumor,1.822302445
TCGA-77-8009-01A-11R-2187-07,lusc,tumor,1.500559649
TCGA-77-8128-01A-11R-2247-07,lusc,tumor,1.765729701
TCGA-77-8130-01A-11R-2247-07,lusc,tumor,1.57125656
TCGA-77-8131-01A-11R-2247-07,lusc,tumor,1.652065922
TCGA-77-8133-01A-12R-2247-07,lusc,tumor,2.179031489
TCGA-77-8136-01A-11R-2247-07,lusc,tumor,2.208678061
TCGA-77-8138-01A-11R-2247-07,lusc,tumor,1.461699296
TCGA-77-8139-01A-11R-2247-07,lusc,tumor,2.45103028
TCGA-77-8140-01A-11R-2247-07,lusc,tumor,3.179212592
TCGA-77-8143-01A-11R-2247-07,lusc,tumor,2.664158189
TCGA-77-8144-01A-11R-2247-07,lusc,tumor,2.259070954
TCGA-77-8145-01A-11R-2247-07,lusc,tumor,1.98593167
TCGA-77-8146-01A-11R-2247-07,lusc,tumor,2.219854771
TCGA-77-8148-01A-11R-2247-07,lusc,tumor,2.029522915
TCGA-77-8150-01A-11R-2247-07,lusc,tumor,2.40836687
TCGA-77-8153-01A-11R-2403-07,lusc,tumor,2.47697847
TCGA-77-8154-01A-11R-2247-07,lusc,tumor,2.325743402
TCGA-77-8156-01A-11R-2247-07,lusc,tumor,2.129808688
TCGA-77-A5FZ-01A-31R-A27Q-07,lusc,tumor,2.757271337
TCGA-77-A5G1-01A-11R-A27Q-07,lusc,tumor,1.891437742
TCGA-77-A5G3-01A-31R-A27Q-07,lusc,tumor,2.542799985
TCGA-77-A5G6-01A-11R-A27Q-07,lusc,tumor,3.02622485
TCGA-77-A5G7-01B-11R-A27Q-07,lusc,tumor,2.773870092
TCGA-77-A5G8-01B-11R-A27Q-07,lusc,tumor,2.470286832
TCGA-77-A5GA-01A-11R-A27Q-07,lusc,tumor,2.839783443
TCGA-77-A5GB-01B-11R-A27Q-07,lusc,tumor,2.052514302
TCGA-77-A5GF-01A-21R-A27Q-07,lusc,tumor,2.730237088
TCGA-77-A5GH-01A-11R-A27Q-07,lusc,tumor,2.784913536
TCGA-79-5596-01A-31R-1949-07,lusc,tumor,2.277380578
TCGA-85-6175-01A-11R-1820-07,lusc,tumor,2.308504585
TCGA-85-6560-01A-11R-1820-07,lusc,tumor,2.1836648
TCGA-85-6561-01A-11R-1820-07,lusc,tumor,2.660179953
TCGA-85-6798-01A-11R-1949-07,lusc,tumor,2.314390231
TCGA-85-7696-01A-11R-2125-07,lusc,tumor,1.932261356
TCGA-85-7697-01A-11R-2125-07,lusc,tumor,2.958118331
TCGA-85-7698-01A-11R-2125-07,lusc,tumor,1.854586039
TCGA-85-7699-01A-11R-2125-07,lusc,tumor,2.220412415
TCGA-85-7710-01A-11R-2125-07,lusc,tumor,2.971978173
TCGA-85-7843-01A-11R-2125-07,lusc,tumor,2.056875343
TCGA-85-7844-01A-11R-2125-07,lusc,tumor,1.682598902
TCGA-85-7950-01A-11R-2187-07,lusc,tumor,2.413485349
TCGA-85-8048-01A-11R-2247-07,lusc,tumor,2.751149168
TCGA-85-8049-01A-11R-2247-07,lusc,tumor,2.218604825
TCGA-85-8052-01A-11R-2247-07,lusc,tumor,1.588171639
TCGA-85-8070-01A-11R-2247-07,lusc,tumor,2.667835161
TCGA-85-8071-01A-11R-2247-07,lusc,tumor,3.090322701
TCGA-85-8072-01A-31R-2247-07,lusc,tumor,2.766527562
TCGA-85-8276-01A-11R-2296-07,lusc,tumor,1.644997698
TCGA-85-8277-01A-11R-2296-07,lusc,tumor,2.770911656
TCGA-85-8287-01A-11R-2296-07,lusc,tumor,2.83659911
TCGA-85-8288-01A-11R-2296-07,lusc,tumor,2.621538619
TCGA-85-8350-01A-11R-2296-07,lusc,tumor,2.692510985
TCGA-85-8351-01A-11R-2296-07,lusc,tumor,2.386933855
TCGA-85-8352-01A-31R-2326-07,lusc,tumor,2.621812369
TCGA-85-8353-01A-21R-2296-07,lusc,tumor,2.081627561
TCGA-85-8354-01A-31R-2326-07,lusc,tumor,2.543434174
TCGA-85-8355-01A-11R-2296-07,lusc,tumor,2.426344168
TCGA-85-8479-01A-11R-2326-07,lusc,tumor,2.063461113
TCGA-85-8481-01A-11R-2326-07,lusc,tumor,1.944597792
TCGA-85-8580-01A-31R-2403-07,lusc,tumor,2.065749767
TCGA-85-8582-01A-21R-2403-07,lusc,tumor,2.083805051
TCGA-85-8584-01A-11R-2403-07,lusc,tumor,3.110173691
TCGA-85-8664-01A-11R-2403-07,lusc,tumor,1.612335162
TCGA-85-8666-01A-11R-2403-07,lusc,tumor,2.092650241
TCGA-85-A4CL-01A-41R-A26W-07,lusc,tumor,2.711408322
TCGA-85-A4CN-01A-11R-A24H-07,lusc,tumor,1.875597694
TCGA-85-A4JB-01A-51R-A262-07,lusc,tumor,2.363598057
TCGA-85-A4JC-01A-11R-A24Z-07,lusc,tumor,2.351426663
TCGA-85-A4PA-01A-11R-A24Z-07,lusc,tumor,2.257295012
TCGA-85-A4QQ-01A-41R-A262-07,lusc,tumor,1.775489423
TCGA-85-A4QR-01A-11R-A24Z-07,lusc,tumor,2.76670053
TCGA-85-A50M-01A-21R-A262-07,lusc,tumor,2.6015579
TCGA-85-A50Z-01A-21R-A262-07,lusc,tumor,2.989091562
TCGA-85-A510-01A-11R-A26W-07,lusc,tumor,2.454444917
TCGA-85-A511-01A-21R-A262-07,lusc,tumor,2.34930228
TCGA-85-A512-01A-11R-A26W-07,lusc,tumor,1.778831071
TCGA-85-A513-01A-12R-A26W-07,lusc,tumor,2.614926769
TCGA-85-A53L-01A-21R-A26W-07,lusc,tumor,2.502634563
TCGA-85-A5B5-01A-21R-A26W-07,lusc,tumor,2.231210154
TCGA-90-6837-01A-11R-1949-07,lusc,tumor,2.373139095
TCGA-90-7766-01A-21R-2125-07,lusc,tumor,2.845907181
TCGA-90-7767-01A-11R-2125-07,lusc,tumor,1.869684118
TCGA-90-7769-01A-11R-2125-07,lusc,tumor,3.088991563
TCGA-90-7964-01A-21R-2187-07,lusc,tumor,2.150853325
TCGA-90-A4ED-01A-31R-A24Z-07,lusc,tumor,2.060324546
TCGA-90-A4EE-01A-11R-A24Z-07,lusc,tumor,2.589351377
TCGA-90-A59Q-01A-11R-A26W-07,lusc,tumor,2.969225943
TCGA-92-7340-01A-21R-2045-07,lusc,tumor,2.289299155
TCGA-92-7341-01A-31R-2045-07,lusc,tumor,1.888807298
TCGA-92-8063-01A-11R-2247-07,lusc,tumor,2.559845913
TCGA-92-8064-01A-11R-2247-07,lusc,tumor,2.842193435
TCGA-92-8065-01A-11R-2247-07,lusc,tumor,2.589545164
TCGA-94-7033-01A-11R-1949-07,lusc,tumor,2.489333348
TCGA-94-7557-01A-11R-2125-07,lusc,tumor,1.658736195
TCGA-94-7943-01A-11R-2187-07,lusc,tumor,2.676519872
TCGA-94-8035-01A-11R-2247-07,lusc,tumor,2.555644516
TCGA-94-8490-01A-11R-2326-07,lusc,tumor,2.582455336
TCGA-94-8491-01A-11R-2326-07,lusc,tumor,2.870768743
TCGA-94-A4VJ-01A-11R-A24Z-07,lusc,tumor,2.339611949
TCGA-94-A5I4-01A-11R-A26W-07,lusc,tumor,2.365215443
TCGA-94-A5I6-01A-21R-A27Q-07,lusc,tumor,1.781954667
TCGA-96-7544-01A-11R-2045-07,lusc,tumor,2.512736435
TCGA-96-7545-01A-21R-2045-07,lusc,tumor,3.041136614
TCGA-96-8169-01A-11R-2296-07,lusc,tumor,2.566161922
TCGA-96-8170-01A-11R-2296-07,lusc,tumor,2.585996497
TCGA-96-A4JK-01A-11R-A24Z-07,lusc,tumor,2.282573826
TCGA-96-A4JL-01A-11R-A24Z-07,lusc,tumor,2.618476527
TCGA-98-7454-01A-11R-2045-07,lusc,tumor,2.68854543
TCGA-98-8020-01A-11R-2247-07,lusc,tumor,1.760067725
TCGA-98-8021-01A-11R-2247-07,lusc,tumor,2.601304305
TCGA-98-8022-01A-11R-2247-07,lusc,tumor,2.129689114
TCGA-98-8023-01A-11R-2247-07,lusc,tumor,2.554057732
TCGA-98-A538-01A-11R-A262-07,lusc,tumor,2.42818281
TCGA-98-A539-01A-31R-A262-07,lusc,tumor,2.281002026
TCGA-98-A53A-01A-11R-A262-07,lusc,tumor,2.498094918
TCGA-98-A53B-01A-11R-A262-07,lusc,tumor,1.73204716
TCGA-98-A53C-01A-11R-A262-07,lusc,tumor,2.815363691
TCGA-98-A53D-01A-32R-A262-07,lusc,tumor,2.720163685
TCGA-98-A53H-01A-12R-A262-07,lusc,tumor,2.458619116
TCGA-98-A53I-01A-31R-A262-07,lusc,tumor,2.769520545
TCGA-98-A53J-01A-11R-A26W-07,lusc,tumor,2.301287012
TCGA-J1-A4AH-01A-31R-A24H-07,lusc,tumor,2.002965506
TCGA-L3-A4E7-01A-11R-A24Z-07,lusc,tumor,2.360763843
TCGA-L3-A524-01A-11R-A262-07,lusc,tumor,1.959706436
TCGA-LA-A446-01A-21R-A24Z-07,lusc,tumor,2.784998088
TCGA-LA-A7SW-01A-11R-A405-07,lusc,tumor,1.227479517
TCGA-MF-A522-01A-11R-A262-07,lusc,tumor,3.104370239
TCGA-NC-A5HD-01A-11R-A26W-07,lusc,tumor,2.459008483
TCGA-NC-A5HE-01A-11R-A26W-07,lusc,tumor,2.19656146
TCGA-NC-A5HF-01A-11R-A26W-07,lusc,tumor,2.290247961
TCGA-NC-A5HG-01A-11R-A26W-07,lusc,tumor,2.77092394
TCGA-NC-A5HH-01A-11R-A26W-07,lusc,tumor,2.33792744
TCGA-NC-A5HI-01A-11R-A26W-07,lusc,tumor,2.369778345
TCGA-NC-A5HJ-01A-11R-A26W-07,lusc,tumor,2.357400452
TCGA-NC-A5HK-01A-11R-A26W-07,lusc,tumor,3.03875378
TCGA-NC-A5HL-01A-11R-A26W-07,lusc,tumor,1.919227383
TCGA-NC-A5HM-01A-12R-A26W-07,lusc,tumor,2.220975013
TCGA-NC-A5HN-01A-11R-A26W-07,lusc,tumor,2.648191301
TCGA-NC-A5HO-01A-11R-A26W-07,lusc,tumor,2.873541494
TCGA-NC-A5HP-01A-11R-A26W-07,lusc,tumor,1.940033475
TCGA-NC-A5HQ-01A-11R-A26W-07,lusc,tumor,2.770673052
TCGA-NC-A5HR-01A-21R-A26W-07,lusc,tumor,2.310754948
TCGA-NC-A5HT-01A-11R-A26W-07,lusc,tumor,2.452843459
TCGA-NK-A5CR-01A-11R-A26W-07,lusc,tumor,2.835374225
TCGA-NK-A5CT-01A-31R-A26W-07,lusc,tumor,3.096393238
TCGA-NK-A5CX-01A-11R-A26W-07,lusc,tumor,1.989897726
TCGA-NK-A5D1-01A-11R-A26W-07,lusc,tumor,1.966362612
TCGA-NK-A7XE-01A-12R-A405-07,lusc,tumor,2.757897319
TCGA-O2-A52N-01A-11R-A26W-07,lusc,tumor,2.230513502
TCGA-O2-A52Q-01A-11R-A26W-07,lusc,tumor,1.476123269
TCGA-O2-A52S-01A-11R-A262-07,lusc,tumor,2.000176484
TCGA-O2-A52V-01A-31R-A262-07,lusc,tumor,1.821671501
TCGA-O2-A52W-01A-11R-A26W-07,lusc,tumor,2.214410424
TCGA-O2-A5IB-01A-11R-A27Q-07,lusc,tumor,3.019776655
TCGA-XC-AA0X-01A-32R-A405-07,lusc,tumor,2.116735531
TCGA-3H-AB3K-01A-11R-A40A-07,meso,tumor,1.18277619
TCGA-3H-AB3L-01A-11R-A40A-07,meso,tumor,2.669938862
TCGA-3H-AB3M-01A-11R-A40A-07,meso,tumor,2.6570761
TCGA-3H-AB3O-01A-11R-A40A-07,meso,tumor,2.130491292
TCGA-3H-AB3S-01A-21R-A40A-07,meso,tumor,2.602294362
TCGA-3H-AB3T-01A-11R-A40A-07,meso,tumor,2.441782476
TCGA-3H-AB3U-01A-21R-A40A-07,meso,tumor,2.852366499
TCGA-3H-AB3X-01A-11R-A40A-07,meso,tumor,2.41681731
TCGA-3U-A98D-01A-12R-A40A-07,meso,tumor,1.487263161
TCGA-3U-A98E-01A-11R-A40A-07,meso,tumor,3.189863291
TCGA-3U-A98F-01A-11R-A40A-07,meso,tumor,2.163661224
TCGA-3U-A98G-01A-11R-A40A-07,meso,tumor,1.886740019
TCGA-3U-A98H-01A-11R-A40A-07,meso,tumor,2.654363534
TCGA-3U-A98I-01A-11R-A40A-07,meso,tumor,1.881965848
TCGA-3U-A98J-01A-11R-A40A-07,meso,tumor,2.666173598
TCGA-LK-A4NW-01A-11R-A34F-07,meso,tumor,2.336426124
TCGA-LK-A4NY-01A-11R-A34F-07,meso,tumor,2.551294395
TCGA-LK-A4NZ-01A-12R-A34F-07,meso,tumor,2.910027305
TCGA-LK-A4O0-01A-11R-A34F-07,meso,tumor,1.624584143
TCGA-LK-A4O2-01A-11R-A34F-07,meso,tumor,2.06676539
TCGA-LK-A4O4-01A-11R-A34F-07,meso,tumor,3.129360342
TCGA-LK-A4O5-01A-11R-A34F-07,meso,tumor,2.508615748
TCGA-LK-A4O6-01A-11R-A34F-07,meso,tumor,2.735129292
TCGA-LK-A4O7-01A-11R-A34F-07,meso,tumor,2.526935867
TCGA-MQ-A4KX-01A-11R-A34F-07,meso,tumor,2.576515037
TCGA-MQ-A4LC-01A-31R-A34F-07,meso,tumor,2.988693727
TCGA-MQ-A4LI-01A-11R-A34F-07,meso,tumor,2.948906142
TCGA-MQ-A4LJ-01A-11R-A34F-07,meso,tumor,3.05218003
TCGA-MQ-A4LM-01A-11R-A34F-07,meso,tumor,1.715782364
TCGA-MQ-A4LP-01A-11R-A34F-07,meso,tumor,2.088304278
TCGA-MQ-A4LV-01A-11R-A34F-07,meso,tumor,2.17414615
TCGA-MQ-A6BL-01A-11R-A34F-07,meso,tumor,2.229821558
TCGA-MQ-A6BN-01A-12R-A34F-07,meso,tumor,2.446774062
TCGA-MQ-A6BQ-01A-11R-A34F-07,meso,tumor,2.389867623
TCGA-MQ-A6BR-01A-11R-A34F-07,meso,tumor,2.31354936
TCGA-MQ-A6BS-01A-12R-A34F-07,meso,tumor,2.670242138
TCGA-NQ-A57I-01A-11R-A34F-07,meso,tumor,1.749078802
TCGA-NQ-A638-01A-11R-A34F-07,meso,tumor,2.086300194
TCGA-SC-A6LM-01A-11R-A34F-07,meso,tumor,1.683345075
TCGA-SC-A6LN-01A-11R-A34F-07,meso,tumor,2.600702667
TCGA-SC-A6LP-01A-11R-A34F-07,meso,tumor,1.738298344
TCGA-SC-A6LQ-01A-11R-A34F-07,meso,tumor,2.202871048
TCGA-SC-A6LR-01A-11R-A34F-07,meso,tumor,2.45218668
TCGA-SC-AA5Z-01A-21R-A40A-07,meso,tumor,2.749660633
TCGA-SH-A7BC-01A-11R-A34F-07,meso,tumor,2.442789357
TCGA-SH-A7BD-01A-11R-A34F-07,meso,tumor,2.738604888
TCGA-SH-A7BH-01A-11R-A34F-07,meso,tumor,1.878937205
TCGA-SH-A9CT-01A-11R-A40A-07,meso,tumor,2.554362322
TCGA-SH-A9CU-01A-11R-A40A-07,meso,tumor,2.702108868
TCGA-TS-A7OU-01B-11R-A40A-07,meso,tumor,2.31337594
TCGA-TS-A7OY-01A-11R-A34F-07,meso,tumor,1.260023527
TCGA-TS-A7OZ-01A-21R-A40A-07,meso,tumor,2.454148011
TCGA-TS-A7P0-01A-11R-A34F-07,meso,tumor,2.474942163
TCGA-TS-A7P1-01A-41R-A40A-07,meso,tumor,1.950911166
TCGA-TS-A7P3-01A-12R-A34F-07,meso,tumor,1.833595458
TCGA-TS-A7P6-01A-21R-A34F-07,meso,tumor,2.481009814
TCGA-TS-A7P7-01A-11R-A40A-07,meso,tumor,2.763458679
TCGA-TS-A7P8-01A-11R-A34F-07,meso,tumor,2.073596783
TCGA-TS-A7PB-01A-11R-A34F-07,meso,tumor,2.443279254
TCGA-TS-A8AF-01A-11R-A40A-07,meso,tumor,2.793869454
TCGA-TS-A8AI-01A-11R-A40A-07,meso,tumor,1.779077299
TCGA-TS-A8AS-01A-21R-A40A-07,meso,tumor,3.277950745
TCGA-TS-A8AV-01A-12R-A40A-07,meso,tumor,2.113396127
TCGA-TS-A8AY-01A-21R-A40A-07,meso,tumor,2.653866705
TCGA-UD-AABY-01A-12R-A40A-07,meso,tumor,0.516073999
TCGA-UD-AABZ-01A-12R-A40A-07,meso,tumor,2.935095757
TCGA-UD-AAC1-01A-11R-A40A-07,meso,tumor,2.365159649
TCGA-UD-AAC4-01A-11R-A40A-07,meso,tumor,2.462935285
TCGA-UD-AAC5-01A-11R-A40A-07,meso,tumor,2.875888364
TCGA-UD-AAC6-01A-11R-A40A-07,meso,tumor,1.847807588
TCGA-UD-AAC7-01A-11R-A40A-07,meso,tumor,2.410540498
TCGA-UT-A88C-01B-11R-A40A-07,meso,tumor,2.876994906
TCGA-UT-A88D-01B-11R-A40A-07,meso,tumor,2.365467282
TCGA-UT-A88E-01B-11R-A40A-07,meso,tumor,2.790783627
TCGA-UT-A88G-01B-11R-A40A-07,meso,tumor,2.314890361
TCGA-UT-A97Y-01A-21R-A40A-07,meso,tumor,2.259590511
TCGA-XT-AASU-01A-11R-A40A-07,meso,tumor,2.644012028
TCGA-YS-A95B-01A-11R-A40A-07,meso,tumor,2.600111386
TCGA-YS-A95C-01A-11R-A40A-07,meso,tumor,2.229434306
TCGA-YS-AA4M-01A-11R-A40A-07,meso,tumor,2.487002522
TCGA-ZN-A9VO-01A-11R-A40A-07,meso,tumor,2.898536463
TCGA-ZN-A9VP-01A-11R-A40A-07,meso,tumor,2.644329859
TCGA-ZN-A9VQ-01A-11R-A40A-07,meso,tumor,2.465622729
TCGA-ZN-A9VS-01A-11R-A40A-07,meso,tumor,2.702258476
TCGA-ZN-A9VU-01A-11R-A40A-07,meso,tumor,2.695716348
TCGA-ZN-A9VV-01A-11R-A40A-07,meso,tumor,2.165763999
TCGA-ZN-A9VW-01A-11R-A40A-07,meso,tumor,2.082022451
TCGA-04-1348-01A-01R-1565-13,ov,tumor,2.298768641
TCGA-04-1357-01A-01R-1565-13,ov,tumor,2.669441553
TCGA-04-1362-01A-01R-1565-13,ov,tumor,2.62356182
TCGA-04-1364-01A-01R-1565-13,ov,tumor,2.132672951
TCGA-04-1365-01A-01R-1565-13,ov,tumor,2.671404962
TCGA-04-1514-01A-01R-1566-13,ov,tumor,2.858616027
TCGA-04-1519-01A-01R-1565-13,ov,tumor,2.892684251
TCGA-09-0364-01A-02R-1564-13,ov,tumor,2.325381769
TCGA-09-0366-01A-01R-1564-13,ov,tumor,2.342053457
TCGA-09-0367-01A-01R-1564-13,ov,tumor,2.687884494
TCGA-09-0369-01A-01R-1564-13,ov,tumor,1.325684227
TCGA-09-1659-01B-01R-1564-13,ov,tumor,2.502566998
TCGA-09-1662-01A-01R-1566-13,ov,tumor,2.201833106
TCGA-09-1666-01A-01R-1566-13,ov,tumor,2.496089009
TCGA-09-1667-01C-01R-1566-13,ov,tumor,2.259207317
TCGA-09-1668-01B-01R-1566-13,ov,tumor,2.314793488
TCGA-09-1669-01A-01R-1566-13,ov,tumor,2.732117559
TCGA-09-1670-01A-01R-1566-13,ov,tumor,2.385058676
TCGA-09-1673-01A-01R-1566-13,ov,tumor,2.67582922
TCGA-09-1674-01A-01R-1566-13,ov,tumor,2.413555726
TCGA-09-2044-01B-01R-1568-13,ov,tumor,2.741748815
TCGA-09-2045-01A-01R-1568-13,ov,tumor,2.775214606
TCGA-09-2048-01A-01R-1568-13,ov,tumor,2.754070621
TCGA-09-2051-01A-01R-1568-13,ov,tumor,2.922070848
TCGA-09-2054-01A-01R-1568-13,ov,tumor,2.766948773
TCGA-09-2056-01B-01R-1568-13,ov,tumor,2.676293664
TCGA-10-0928-01A-02R-1564-13,ov,tumor,2.85204614
TCGA-10-0936-01A-01R-1564-13,ov,tumor,3.118813058
TCGA-13-0730-01A-01R-1564-13,ov,tumor,2.430919782
TCGA-13-0799-01A-01R-1564-13,ov,tumor,2.782027672
TCGA-13-0800-01A-01R-1564-13,ov,tumor,2.652832268
TCGA-13-0801-01A-01R-1564-13,ov,tumor,1.516189595
TCGA-13-0890-01A-01R-1564-13,ov,tumor,2.831738869
TCGA-13-0893-01B-01R-1565-13,ov,tumor,3.104931982
TCGA-13-0897-01A-01R-1564-13,ov,tumor,2.668058093
TCGA-13-0899-01A-01R-1564-13,ov,tumor,2.663481184
TCGA-13-0913-01A-01R-1564-13,ov,tumor,2.928752804
TCGA-13-0916-01A-01R-1564-13,ov,tumor,2.21281989
TCGA-13-0920-01A-01R-1564-13,ov,tumor,2.499845625
TCGA-13-0924-01A-01R-1564-13,ov,tumor,2.814492768
TCGA-13-1403-01A-01R-1565-13,ov,tumor,2.628358901
TCGA-13-1405-01A-01R-1565-13,ov,tumor,2.898048074
TCGA-13-1410-01A-01R-1565-13,ov,tumor,2.768682573
TCGA-13-1411-01A-01R-1565-13,ov,tumor,1.773044372
TCGA-13-1481-01A-01R-1565-13,ov,tumor,2.68079189
TCGA-13-1489-02A-01R-1565-13,ov,tumor,2.961573871
TCGA-13-1497-01A-01R-1565-13,ov,tumor,2.429220505
TCGA-13-1498-01A-01R-1565-13,ov,tumor,2.469728446
TCGA-13-1505-01A-01R-1565-13,ov,tumor,2.664186986
TCGA-13-1506-01A-01R-1565-13,ov,tumor,2.956681773
TCGA-13-1507-01A-01R-1565-13,ov,tumor,2.455240972
TCGA-13-1511-01A-01R-1565-13,ov,tumor,2.848282755
TCGA-13-1512-01A-01R-1565-13,ov,tumor,1.837192165
TCGA-13-2060-01A-01R-1568-13,ov,tumor,2.472153447
TCGA-13-A5FT-01A-11R-A406-31,ov,tumor,2.720299683
TCGA-20-1682-01A-01R-1564-13,ov,tumor,2.352966027
TCGA-20-1683-01A-01R-1566-13,ov,tumor,2.257575594
TCGA-20-1684-01A-01R-1566-13,ov,tumor,2.704771209
TCGA-20-1685-01A-01R-1566-13,ov,tumor,1.738679585
TCGA-20-1687-01A-01R-1566-13,ov,tumor,2.76449593
TCGA-23-1023-01R-01R-1564-13,ov,tumor,2.735159617
TCGA-23-1026-01B-01R-1569-13,ov,tumor,2.715685885
TCGA-23-1027-01A-02R-1564-13,ov,tumor,2.051059709
TCGA-23-1029-01B-01R-1567-13,ov,tumor,2.781459117
TCGA-23-1109-01A-01R-1564-13,ov,tumor,2.152827443
TCGA-23-1111-01A-01R-1567-13,ov,tumor,2.773965776
TCGA-23-1114-01B-01R-1566-13,ov,tumor,2.215117253
TCGA-23-1120-01A-02R-1565-13,ov,tumor,2.394515036
TCGA-23-1122-01A-01R-1565-13,ov,tumor,2.77673213
TCGA-23-1123-01A-01R-1565-13,ov,tumor,2.402951305
TCGA-23-1809-01A-01R-1566-13,ov,tumor,2.277252641
TCGA-23-2077-01A-01R-1568-13,ov,tumor,2.151465063
TCGA-23-2078-01A-01R-1568-13,ov,tumor,2.872982863
TCGA-23-2081-01A-01R-1568-13,ov,tumor,2.920705216
TCGA-23-2084-01A-02R-1568-13,ov,tumor,3.021320458
TCGA-24-0975-01A-02R-1565-13,ov,tumor,2.527606786
TCGA-24-1103-01A-01R-1565-13,ov,tumor,3.104126829
TCGA-24-1413-01A-01R-1565-13,ov,tumor,2.581034344
TCGA-24-1416-01A-01R-1565-13,ov,tumor,2.4478882
TCGA-24-1417-01A-01R-1565-13,ov,tumor,2.286230597
TCGA-24-1418-01A-01R-1565-13,ov,tumor,2.53661706
TCGA-24-1419-01A-01R-1565-13,ov,tumor,2.812041282
TCGA-24-1423-01A-01R-1565-13,ov,tumor,2.720852464
TCGA-24-1424-01A-01R-1565-13,ov,tumor,2.419446295
TCGA-24-1425-01A-02R-1566-13,ov,tumor,2.007105929
TCGA-24-1427-01A-01R-1565-13,ov,tumor,2.70075011
TCGA-24-1428-01A-01R-1564-13,ov,tumor,1.726303195
TCGA-24-1430-01A-01R-1566-13,ov,tumor,2.498796648
TCGA-24-1434-01A-01R-1566-13,ov,tumor,2.303987686
TCGA-24-1435-01A-01R-1566-13,ov,tumor,2.219742075
TCGA-24-1436-01A-01R-1566-13,ov,tumor,2.962179211
TCGA-24-1463-01A-01R-1566-13,ov,tumor,1.42599052
TCGA-24-1467-01A-01R-1566-13,ov,tumor,2.608439311
TCGA-24-1469-01A-01R-1566-13,ov,tumor,2.423111355
TCGA-24-1474-01A-01R-1566-13,ov,tumor,2.527570754
TCGA-24-1544-01A-01R-1566-13,ov,tumor,2.474155958
TCGA-24-1545-01A-01R-1566-13,ov,tumor,2.821325576
TCGA-24-1546-01A-01R-1566-13,ov,tumor,2.474840687
TCGA-24-1548-01A-01R-1566-13,ov,tumor,2.990354538
TCGA-24-1549-01A-01R-1566-13,ov,tumor,2.784526454
TCGA-24-1550-01A-01R-1566-13,ov,tumor,1.535852492
TCGA-24-1551-01A-01R-1566-13,ov,tumor,2.354485609
TCGA-24-1552-01A-01R-1566-13,ov,tumor,2.369981049
TCGA-24-1553-01A-01R-1566-13,ov,tumor,2.502022869
TCGA-24-1555-01A-01R-1566-13,ov,tumor,2.557830151
TCGA-24-1556-01A-01R-1566-13,ov,tumor,2.721342682
TCGA-24-1557-01A-01R-1566-13,ov,tumor,2.482878046
TCGA-24-1558-01A-01R-1566-13,ov,tumor,2.034275857
TCGA-24-1560-01A-01R-1566-13,ov,tumor,2.6930533
TCGA-24-1562-01A-01R-1566-13,ov,tumor,2.061009264
TCGA-24-1563-01A-01R-1566-13,ov,tumor,2.290587505
TCGA-24-1564-01A-01R-1566-13,ov,tumor,1.353363465
TCGA-24-1567-01A-01R-1566-13,ov,tumor,2.750519838
TCGA-24-1603-01A-01R-1566-13,ov,tumor,2.582191904
TCGA-24-1604-01A-01R-1566-13,ov,tumor,2.737114486
TCGA-24-1616-01A-01R-1566-13,ov,tumor,2.702659909
TCGA-24-1842-01A-01R-1567-13,ov,tumor,2.353782225
TCGA-24-1843-01A-01R-1567-13,ov,tumor,1.912862051
TCGA-24-1844-01A-01R-1567-13,ov,tumor,2.788463475
TCGA-24-1846-01A-01R-1567-13,ov,tumor,2.087862686
TCGA-24-1847-01A-01R-1566-13,ov,tumor,2.711443456
TCGA-24-1849-01A-01R-1567-13,ov,tumor,2.851024838
TCGA-24-1850-01A-01R-1567-13,ov,tumor,2.071858471
TCGA-24-1924-01A-01R-1567-13,ov,tumor,2.512309146
TCGA-24-1928-01A-01R-1567-13,ov,tumor,2.414292474
TCGA-24-1930-01A-01R-1567-13,ov,tumor,2.121690128
TCGA-24-2019-01A-02R-1568-13,ov,tumor,2.858963713
TCGA-24-2020-01A-01R-1567-13,ov,tumor,2.15160234
TCGA-24-2023-01A-01R-1567-13,ov,tumor,2.85108147
TCGA-24-2024-01A-02R-1568-13,ov,tumor,2.389409048
TCGA-24-2026-01A-01R-1567-13,ov,tumor,2.5962165
TCGA-24-2027-01A-01R-1567-13,ov,tumor,2.470659461
TCGA-24-2033-01A-01R-1568-13,ov,tumor,2.805986158
TCGA-24-2035-01A-01R-1568-13,ov,tumor,2.404504908
TCGA-24-2036-01A-01R-1568-13,ov,tumor,2.397660603
TCGA-24-2038-01A-01R-1568-13,ov,tumor,2.519227366
TCGA-24-2254-01A-01R-1568-13,ov,tumor,2.262773283
TCGA-24-2261-01A-01R-1568-13,ov,tumor,2.554303387
TCGA-24-2262-01A-01R-1568-13,ov,tumor,2.473674494
TCGA-24-2267-01A-01R-1568-13,ov,tumor,2.449628609
TCGA-24-2271-01A-01R-1568-13,ov,tumor,2.833316738
TCGA-24-2281-01A-01R-1568-13,ov,tumor,2.141212247
TCGA-24-2288-01A-01R-1568-13,ov,tumor,3.001227291
TCGA-24-2289-01A-01R-1568-13,ov,tumor,2.601235578
TCGA-24-2290-01A-01R-1568-13,ov,tumor,2.190547358
TCGA-24-2293-01A-01R-1568-13,ov,tumor,2.358753297
TCGA-24-2297-01A-01R-1568-13,ov,tumor,2.864904732
TCGA-24-2298-01A-01R-1569-13,ov,tumor,2.671400252
TCGA-25-1312-01A-01R-1565-13,ov,tumor,2.456210643
TCGA-25-1313-01A-01R-1565-13,ov,tumor,2.655534177
TCGA-25-1314-01A-01R-1565-13,ov,tumor,2.629727238
TCGA-25-1315-01A-01R-1565-13,ov,tumor,2.606791105
TCGA-25-1316-01A-01R-1565-13,ov,tumor,2.575206878
TCGA-25-1317-01A-01R-1565-13,ov,tumor,2.576366403
TCGA-25-1318-01A-01R-1565-13,ov,tumor,1.859389294
TCGA-25-1319-01A-01R-1565-13,ov,tumor,2.649892703
TCGA-25-1320-01A-01R-1565-13,ov,tumor,2.174638296
TCGA-25-1321-01A-01R-1565-13,ov,tumor,2.72156766
TCGA-25-1322-01A-01R-1565-13,ov,tumor,2.788799705
TCGA-25-1323-01A-01R-1565-13,ov,tumor,2.434057836
TCGA-25-1324-01A-01R-1565-13,ov,tumor,2.86934617
TCGA-25-1326-01A-01R-1565-13,ov,tumor,2.224272523
TCGA-25-1328-01A-01R-1565-13,ov,tumor,2.69033043
TCGA-25-1329-01A-01R-1565-13,ov,tumor,2.144942033
TCGA-25-1623-01A-01R-1566-13,ov,tumor,2.523577375
TCGA-25-1625-01A-01R-1566-13,ov,tumor,2.622398359
TCGA-25-1626-01A-01R-1566-13,ov,tumor,3.019764477
TCGA-25-1627-01A-01R-1566-13,ov,tumor,2.382061841
TCGA-25-1628-01A-01R-1566-13,ov,tumor,2.56916856
TCGA-25-1630-01A-01R-1566-13,ov,tumor,2.047742008
TCGA-25-1631-01A-01R-1569-13,ov,tumor,2.731516981
TCGA-25-1632-01A-01R-1566-13,ov,tumor,2.786947773
TCGA-25-1633-01A-01R-1566-13,ov,tumor,2.656744514
TCGA-25-1634-01A-01R-1566-13,ov,tumor,2.229944724
TCGA-25-1635-01A-01R-1566-13,ov,tumor,2.157761021
TCGA-25-1870-01A-01R-1567-13,ov,tumor,2.799760871
TCGA-25-1871-01A-01R-1567-13,ov,tumor,2.659202122
TCGA-25-2042-01A-01R-1568-13,ov,tumor,2.651344414
TCGA-25-2391-01A-01R-1569-13,ov,tumor,2.742799932
TCGA-25-2392-01A-01R-1569-13,ov,tumor,2.019396842
TCGA-25-2393-01A-01R-1569-13,ov,tumor,2.284770083
TCGA-25-2396-01A-01R-1569-13,ov,tumor,2.662036381
TCGA-25-2397-01A-01R-1569-13,ov,tumor,2.928623655
TCGA-25-2398-01A-01R-1569-13,ov,tumor,1.374236339
TCGA-25-2399-01A-01R-1569-13,ov,tumor,2.592900774
TCGA-25-2400-01A-01R-1569-13,ov,tumor,2.634497343
TCGA-25-2401-01A-01R-1569-13,ov,tumor,2.229454135
TCGA-25-2404-01A-01R-1569-13,ov,tumor,2.602078895
TCGA-25-2409-01A-01R-1569-13,ov,tumor,2.436885257
TCGA-29-1688-01A-01R-1566-13,ov,tumor,2.106878401
TCGA-29-1690-01A-01R-1566-13,ov,tumor,2.562794672
TCGA-29-1691-01A-01R-1566-13,ov,tumor,2.448522463
TCGA-29-1693-01A-01R-1567-13,ov,tumor,2.846207865
TCGA-29-1694-01A-01R-1567-13,ov,tumor,2.477995314
TCGA-29-1695-01A-01R-1567-13,ov,tumor,0.713788937
TCGA-29-1696-01A-01R-1567-13,ov,tumor,2.576243368
TCGA-29-1697-01A-01R-1567-13,ov,tumor,2.927527561
TCGA-29-1698-01A-01R-1567-13,ov,tumor,2.695772528
TCGA-29-1699-01A-01R-1567-13,ov,tumor,2.671431903
TCGA-29-1701-01A-01R-1567-13,ov,tumor,2.60681592
TCGA-29-1702-01A-01R-1567-13,ov,tumor,2.757645081
TCGA-29-1703-01A-01R-1567-13,ov,tumor,2.192200594
TCGA-29-1705-01A-01R-1567-13,ov,tumor,1.731955422
TCGA-29-1710-01A-02R-1567-13,ov,tumor,2.630662532
TCGA-29-1711-01A-01R-1567-13,ov,tumor,2.689208416
TCGA-29-1761-01A-01R-1567-13,ov,tumor,2.00976771
TCGA-29-1762-01A-01R-1567-13,ov,tumor,2.705316989
TCGA-29-1763-01A-02R-1567-13,ov,tumor,2.304436421
TCGA-29-1770-01A-01R-1567-13,ov,tumor,2.337808801
TCGA-29-1770-02A-01R-1567-13,ov,tumor,2.797227108
TCGA-29-1776-01A-01R-1567-13,ov,tumor,2.794730658
TCGA-29-1778-01A-01R-1567-13,ov,tumor,2.689196153
TCGA-29-1781-01A-01R-1567-13,ov,tumor,2.063205498
TCGA-29-1783-01A-01R-1567-13,ov,tumor,2.345837283
TCGA-29-1784-01A-02R-1567-13,ov,tumor,2.336452008
TCGA-29-1785-01A-01R-1567-13,ov,tumor,2.485627332
TCGA-29-2414-01A-02R-1569-13,ov,tumor,2.523628128
TCGA-29-2414-02A-01R-1569-13,ov,tumor,2.274460368
TCGA-29-2425-01A-01R-1569-13,ov,tumor,2.216410261
TCGA-29-2427-01A-01R-1569-13,ov,tumor,2.28624549
TCGA-29-2428-01A-01R-1569-13,ov,tumor,2.178314769
TCGA-29-A5NZ-01A-11R-A406-31,ov,tumor,2.209128909
TCGA-30-1718-01A-01R-1567-13,ov,tumor,2.921284561
TCGA-30-1855-01A-01R-1567-13,ov,tumor,2.398059585
TCGA-30-1857-01A-02R-1569-13,ov,tumor,2.046552188
TCGA-30-1860-01A-01R-1568-13,ov,tumor,2.815426168
TCGA-30-1861-01A-01R-1568-13,ov,tumor,1.98241911
TCGA-30-1862-01A-02R-1568-13,ov,tumor,2.878208446
TCGA-30-1891-01A-01R-1568-13,ov,tumor,2.392558895
TCGA-31-1944-01A-01R-1568-13,ov,tumor,2.638383257
TCGA-31-1946-01A-01R-1568-13,ov,tumor,1.585468772
TCGA-31-1951-01A-01R-1568-13,ov,tumor,2.520462757
TCGA-31-1953-01A-01R-1568-13,ov,tumor,2.084761723
TCGA-31-1956-01A-01R-1568-13,ov,tumor,2.162993719
TCGA-31-1959-01A-01R-1568-13,ov,tumor,2.320415813
TCGA-36-1568-01A-01R-1566-13,ov,tumor,2.302671977
TCGA-36-1569-01A-01R-1566-13,ov,tumor,2.69252215
TCGA-36-1570-01A-01R-1566-13,ov,tumor,2.514631685
TCGA-36-1571-01A-01R-1566-13,ov,tumor,2.601001629
TCGA-36-1574-01A-01R-1566-13,ov,tumor,2.146564232
TCGA-36-1575-01A-01R-1566-13,ov,tumor,2.571099419
TCGA-36-1576-01A-01R-1566-13,ov,tumor,2.207730949
TCGA-36-1577-01A-01R-1566-13,ov,tumor,2.659731835
TCGA-36-1578-01A-01R-1566-13,ov,tumor,2.667449696
TCGA-36-1580-01A-01R-1566-13,ov,tumor,2.181547206
TCGA-36-1581-01A-01R-1566-13,ov,tumor,2.618699617
TCGA-3P-A9WA-01A-11R-A406-31,ov,tumor,2.443341135
TCGA-57-1582-01A-01R-1566-13,ov,tumor,2.516381352
TCGA-57-1583-01A-01R-1566-13,ov,tumor,2.034048658
TCGA-57-1584-01A-01R-1566-13,ov,tumor,2.74965226
TCGA-57-1585-01A-01R-1566-13,ov,tumor,2.024737368
TCGA-57-1993-01A-01R-1568-13,ov,tumor,2.29447234
TCGA-57-1994-01A-01R-1568-13,ov,tumor,2.2592404
TCGA-59-2348-01A-01R-1569-13,ov,tumor,2.682154683
TCGA-59-2350-01A-01R-1569-13,ov,tumor,2.591346658
TCGA-59-2351-01A-01R-1569-13,ov,tumor,2.436179397
TCGA-59-2352-01A-01R-1569-13,ov,tumor,2.428014165
TCGA-59-2354-01A-01R-1569-13,ov,tumor,2.289227603
TCGA-59-2355-01A-01R-1569-13,ov,tumor,2.536712785
TCGA-59-2363-01A-01R-1569-13,ov,tumor,2.813611652
TCGA-59-A5PD-01A-11R-A406-31,ov,tumor,2.080912882
TCGA-5X-AA5U-01A-11R-A406-31,ov,tumor,2.249474583
TCGA-61-1721-01A-01R-1569-13,ov,tumor,2.215912278
TCGA-61-1724-01A-01R-1568-13,ov,tumor,2.457025989
TCGA-61-1725-01A-01R-1567-13,ov,tumor,2.224441791
TCGA-61-1728-01A-01R-1568-13,ov,tumor,1.801070799
TCGA-61-1733-01A-01R-1567-13,ov,tumor,2.627526038
TCGA-61-1736-01B-01R-1568-13,ov,tumor,2.673548647
TCGA-61-1737-01A-01R-1567-13,ov,tumor,1.763180074
TCGA-61-1738-01A-01R-1567-13,ov,tumor,3.093819418
TCGA-61-1740-01A-01R-1567-13,ov,tumor,2.266168218
TCGA-61-1741-01A-02R-1567-13,ov,tumor,2.221177133
TCGA-61-1743-01A-01R-1568-13,ov,tumor,2.320342065
TCGA-61-1900-01A-01R-1567-13,ov,tumor,2.563552829
TCGA-61-1907-01A-01R-1567-13,ov,tumor,2.044875925
TCGA-61-1910-01A-01R-1567-13,ov,tumor,2.073714716
TCGA-61-1914-01A-01R-1567-13,ov,tumor,2.119365996
TCGA-61-1917-01A-01R-1568-13,ov,tumor,2.100113249
TCGA-61-1918-01A-01R-1568-13,ov,tumor,2.402213591
TCGA-61-1919-01A-01R-1568-13,ov,tumor,1.506678471
TCGA-61-1995-01A-01R-1568-13,ov,tumor,2.231336581
TCGA-61-1998-01A-01R-1568-13,ov,tumor,1.317679912
TCGA-61-2000-01A-01R-1568-13,ov,tumor,2.534839494
TCGA-61-2002-01A-01R-1568-13,ov,tumor,2.478447144
TCGA-61-2003-01A-01R-1568-13,ov,tumor,1.759201108
TCGA-61-2008-01A-02R-1568-13,ov,tumor,2.110508273
TCGA-61-2008-02A-01R-1568-13,ov,tumor,2.501926368
TCGA-61-2009-01A-01R-1568-13,ov,tumor,2.035660746
TCGA-61-2012-01A-01R-1568-13,ov,tumor,2.414906752
TCGA-61-2016-01A-01R-1568-13,ov,tumor,2.636981755
TCGA-61-2088-01A-01R-1568-13,ov,tumor,2.292884199
TCGA-61-2092-01A-01R-1568-13,ov,tumor,2.481804647
TCGA-61-2094-01A-01R-1568-13,ov,tumor,2.422776524
TCGA-61-2095-01A-01R-1568-13,ov,tumor,2.02795775
TCGA-61-2097-01A-02R-1568-13,ov,tumor,2.611989823
TCGA-61-2098-01A-01R-1568-13,ov,tumor,2.538719561
TCGA-61-2101-01A-01R-1568-13,ov,tumor,2.516580762
TCGA-61-2102-01A-01R-1568-13,ov,tumor,1.561284296
TCGA-61-2104-01A-01R-1568-13,ov,tumor,2.353669293
TCGA-61-2109-01A-01R-1568-13,ov,tumor,2.1929864
TCGA-61-2110-01A-01R-1568-13,ov,tumor,2.744495216
TCGA-61-2111-01A-01R-1568-13,ov,tumor,2.415799138
TCGA-61-2113-01A-01R-1568-13,ov,tumor,2.43945516
TCGA-OY-A56P-01A-12R-A406-31,ov,tumor,2.734270952
TCGA-OY-A56Q-01A-11R-A406-31,ov,tumor,2.544849498
TCGA-VG-A8LO-01A-11R-A406-31,ov,tumor,2.983444027
TCGA-WR-A838-01A-12R-A406-31,ov,tumor,2.835961331
TCGA-2J-AAB1-01A-11R-A41B-07,paad,tumor,2.663425262
TCGA-2J-AAB4-01A-12R-A41B-07,paad,tumor,2.364970167
TCGA-2J-AAB6-01A-11R-A41B-07,paad,tumor,1.931674119
TCGA-2J-AAB8-01A-12R-A41B-07,paad,tumor,2.77172382
TCGA-2J-AAB9-01A-11R-A41B-07,paad,tumor,2.763062835
TCGA-2J-AABA-01A-21R-A41B-07,paad,tumor,2.608662067
TCGA-2J-AABE-01A-12R-A41B-07,paad,tumor,2.63056394
TCGA-2J-AABF-01A-31R-A41B-07,paad,tumor,2.472895516
TCGA-2J-AABH-01A-21R-A41B-07,paad,tumor,2.522093318
TCGA-2J-AABI-01A-12R-A41B-07,paad,tumor,2.754995236
TCGA-2J-AABK-01A-31R-A41B-07,paad,tumor,2.196523606
TCGA-2J-AABO-01A-21R-A41B-07,paad,tumor,2.343022365
TCGA-2J-AABP-01A-11R-A41B-07,paad,tumor,1.513830861
TCGA-2J-AABR-01A-11R-A41B-07,paad,tumor,2.492416056
TCGA-2J-AABT-01A-11R-A41B-07,paad,tumor,2.172672949
TCGA-2J-AABU-01A-11R-A41B-07,paad,tumor,2.791578839
TCGA-2J-AABV-01A-12R-A41B-07,paad,tumor,3.081623793
TCGA-2L-AAQA-01A-21R-A38C-07,paad,tumor,2.520178047
TCGA-2L-AAQE-01A-11R-A39D-07,paad,tumor,2.576007847
TCGA-2L-AAQI-01A-12R-A39D-07,paad,tumor,1.906514141
TCGA-2L-AAQJ-01A-12R-A39D-07,paad,tumor,2.154513853
TCGA-2L-AAQL-01A-11R-A38C-07,paad,tumor,2.644743068
TCGA-2L-AAQM-01A-11R-A39D-07,paad,tumor,2.874150855
TCGA-3A-A9I5-01A-11R-A38C-07,paad,tumor,2.584110897
TCGA-3A-A9I7-01A-21R-A38C-07,paad,tumor,2.699865352
TCGA-3A-A9I9-01A-11R-A38C-07,paad,tumor,2.656087663
TCGA-3A-A9IB-01A-21R-A39D-07,paad,tumor,1.670373685
TCGA-3A-A9IC-01A-11R-A38C-07,paad,tumor,2.273831389
TCGA-3A-A9IH-01A-12R-A39D-07,paad,tumor,2.616768797
TCGA-3A-A9IJ-01A-11R-A39D-07,paad,tumor,2.520215823
TCGA-3A-A9IL-01A-11R-A38C-07,paad,tumor,2.677012454
TCGA-3A-A9IN-01A-11R-A39D-07,paad,tumor,2.658059195
TCGA-3A-A9IO-01A-11R-A38C-07,paad,tumor,2.95608659
TCGA-3A-A9IR-01A-11R-A38C-07,paad,tumor,2.660066106
TCGA-3A-A9IS-01A-21R-A39D-07,paad,tumor,2.970976892
TCGA-3A-A9IU-01A-11R-A39D-07,paad,tumor,2.607795721
TCGA-3A-A9IV-01A-11R-A41B-07,paad,tumor,2.092678691
TCGA-3A-A9IX-01A-11R-A41B-07,paad,tumor,3.079615093
TCGA-3A-A9IZ-01A-12R-A41B-07,paad,tumor,3.15657329
TCGA-3A-A9J0-01A-11R-A41B-07,paad,tumor,2.222453915
TCGA-3E-AAAY-01A-11R-A38C-07,paad,tumor,2.726658327
TCGA-3E-AAAZ-01A-11R-A38C-07,paad,tumor,2.422054111
TCGA-F2-6879-01A-11R-2156-07,paad,tumor,2.379219032
TCGA-F2-6880-01A-11R-2156-07,paad,tumor,2.910043757
TCGA-F2-7273-01A-11R-2156-07,paad,tumor,2.489698084
TCGA-F2-7276-01A-11R-2156-07,paad,tumor,1.941771329
TCGA-F2-A44G-01A-11R-A26U-07,paad,tumor,2.810175722
TCGA-F2-A44H-01A-11R-A26U-07,paad,tumor,1.354427146
TCGA-F2-A7TX-01A-33R-A38C-07,paad,tumor,2.467646527
TCGA-F2-A8YN-01A-11R-A37L-07,paad,tumor,2.291391458
TCGA-FB-A4P5-01A-11R-A26U-07,paad,tumor,2.766489678
TCGA-FB-A4P6-01A-12R-A26U-07,paad,tumor,2.854241458
TCGA-FB-A545-01A-11R-A26U-07,paad,tumor,2.020840523
TCGA-FB-A5VM-01A-11R-A32O-07,paad,tumor,2.227965496
TCGA-FB-A78T-01A-12R-A32O-07,paad,tumor,2.336443706
TCGA-FB-A7DR-01A-21R-A33R-07,paad,tumor,2.820463089
TCGA-FB-AAPP-01A-12R-A41B-07,paad,tumor,2.350471592
TCGA-FB-AAPQ-01A-11R-A41B-07,paad,tumor,2.358452727
TCGA-FB-AAPS-01A-12R-A39D-07,paad,tumor,2.227861
TCGA-FB-AAPU-01A-31R-A41B-07,paad,tumor,2.984574343
TCGA-FB-AAPY-01A-11R-A41B-07,paad,tumor,2.734305221
TCGA-FB-AAPZ-01A-11R-A41B-07,paad,tumor,2.19233413
TCGA-FB-AAQ0-01A-31R-A41B-07,paad,tumor,2.259164365
TCGA-FB-AAQ1-01A-12R-A41B-07,paad,tumor,2.393001326
TCGA-FB-AAQ2-01A-31R-A41B-07,paad,tumor,2.959023488
TCGA-FB-AAQ3-01A-11R-A41B-07,paad,tumor,2.050766111
TCGA-FB-AAQ6-01A-11R-A41B-07,paad,tumor,2.171509631
TCGA-H6-8124-01A-11R-2404-07,paad,tumor,2.531068485
TCGA-H6-A45N-01A-11R-A26U-07,paad,tumor,1.837657501
TCGA-H8-A6C1-01A-11R-A32O-07,paad,tumor,3.135163969
TCGA-HV-A5A3-01A-11R-A26U-07,paad,tumor,2.631811989
TCGA-HV-A5A4-01A-11R-A26U-07,paad,tumor,1.60034327
TCGA-HV-A5A5-01A-11R-A26U-07,paad,tumor,2.460311219
TCGA-HV-A5A6-01A-11R-A26U-07,paad,tumor,1.73344293
TCGA-HV-A7OL-01A-11R-A33R-07,paad,tumor,2.859780897
TCGA-HV-A7OP-01A-11R-A33R-07,paad,tumor,2.815200375
TCGA-HV-AA8V-01A-11R-A41B-07,paad,tumor,2.165150756
TCGA-HV-AA8X-01A-11R-A39D-07,paad,tumor,2.454797571
TCGA-HZ-7289-01A-11R-2156-07,paad,tumor,2.713990137
TCGA-HZ-7918-01A-11R-2156-07,paad,tumor,2.63617512
TCGA-HZ-7919-01A-11R-2156-07,paad,tumor,2.727406153
TCGA-HZ-7920-01A-11R-2204-07,paad,tumor,2.674891817
TCGA-HZ-7922-01A-11R-2156-07,paad,tumor,2.80200478
TCGA-HZ-7923-01A-12R-2156-07,paad,tumor,2.968507136
TCGA-HZ-7924-01A-11R-2156-07,paad,tumor,2.62409104
TCGA-HZ-7925-01A-11R-2156-07,paad,tumor,2.493837205
TCGA-HZ-7926-01A-11R-2156-07,paad,tumor,2.783718933
TCGA-HZ-8001-01A-11R-2204-07,paad,tumor,2.656068326
TCGA-HZ-8002-01A-11R-2204-07,paad,tumor,2.68857312
TCGA-HZ-8003-01A-21R-2204-07,paad,tumor,2.639250349
TCGA-HZ-8005-01A-11R-2204-07,paad,tumor,1.886848649
TCGA-HZ-8315-01A-11R-2404-07,paad,tumor,2.339405292
TCGA-HZ-8317-01A-11R-2404-07,paad,tumor,2.484805931
TCGA-HZ-8519-01A-11R-2404-07,paad,tumor,2.498662199
TCGA-HZ-8636-01A-21R-2404-07,paad,tumor,2.141505987
TCGA-HZ-8637-01A-11R-2404-07,paad,tumor,2.279865158
TCGA-HZ-8638-01A-11R-2404-07,paad,tumor,3.037997592
TCGA-HZ-A49G-01A-11R-A26U-07,paad,tumor,1.822208617
TCGA-HZ-A49H-01A-11R-A26U-07,paad,tumor,2.822731468
TCGA-HZ-A49I-01A-12R-A26U-07,paad,tumor,2.290382924
TCGA-HZ-A4BH-01A-11R-A26U-07,paad,tumor,2.380859284
TCGA-HZ-A4BK-01A-11R-A26U-07,paad,tumor,2.321509056
TCGA-HZ-A77O-01A-11R-A33R-07,paad,tumor,2.409885176
TCGA-HZ-A77P-01A-11R-A33R-07,paad,tumor,2.31710877
TCGA-HZ-A77Q-01A-11R-A36G-07,paad,tumor,2.532113455
TCGA-HZ-A8P0-01A-11R-A36G-07,paad,tumor,2.20327186
TCGA-HZ-A8P1-01A-11R-A37L-07,paad,tumor,2.104463817
TCGA-HZ-A9TJ-06A-11R-A41B-07,paad,tumor,2.935219702
TCGA-HZ-A9TJ-01A-11R-A41I-07,paad,tumor,2.316042594
TCGA-IB-7644-01A-11R-2156-07,paad,tumor,2.650059
TCGA-IB-7645-01A-22R-2204-07,paad,tumor,2.322605674
TCGA-IB-7646-01A-11R-2156-07,paad,tumor,2.421833703
TCGA-IB-7647-01A-11R-2156-07,paad,tumor,2.615517243
TCGA-IB-7649-01A-11R-2156-07,paad,tumor,2.639467036
TCGA-IB-7651-01A-11R-2156-07,paad,tumor,2.337600307
TCGA-IB-7652-01A-11R-2156-07,paad,tumor,2.394578825
TCGA-IB-7654-01A-11R-2156-07,paad,tumor,2.31169357
TCGA-IB-7885-01A-11R-2156-07,paad,tumor,2.675601363
TCGA-IB-7886-01A-11R-2156-07,paad,tumor,2.112923237
TCGA-IB-7887-01A-11R-2156-07,paad,tumor,3.02375765
TCGA-IB-7888-01A-11R-2156-07,paad,tumor,2.947116375
TCGA-IB-7889-01A-11R-2156-07,paad,tumor,2.512501171
TCGA-IB-7890-01A-12R-2204-07,paad,tumor,1.928367912
TCGA-IB-7891-01A-11R-2204-07,paad,tumor,2.679489413
TCGA-IB-7893-01A-11R-2204-07,paad,tumor,1.53450189
TCGA-IB-7897-01A-21R-2204-07,paad,tumor,2.519779253
TCGA-IB-8126-01A-11R-2404-07,paad,tumor,2.90732956
TCGA-IB-8127-01A-11R-2404-07,paad,tumor,2.011156912
TCGA-IB-A5SO-01A-11R-A32O-07,paad,tumor,2.088090288
TCGA-IB-A5SP-01A-11R-A32O-07,paad,tumor,2.176346641
TCGA-IB-A5SQ-01A-11R-A32O-07,paad,tumor,1.805394693
TCGA-IB-A5SS-01A-11R-A32O-07,paad,tumor,2.06058464
TCGA-IB-A5ST-01A-11R-A32O-07,paad,tumor,2.0969509
TCGA-IB-A6UF-01A-23R-A33R-07,paad,tumor,2.507699418
TCGA-IB-A6UG-01A-32R-A33R-07,paad,tumor,2.982779511
TCGA-IB-A7LX-01A-12R-A36G-07,paad,tumor,2.404789116
TCGA-IB-A7M4-01A-11R-A36G-07,paad,tumor,2.424215026
TCGA-IB-AAUM-01A-11R-A37L-07,paad,tumor,2.378579174
TCGA-IB-AAUN-01A-12R-A38C-07,paad,tumor,2.708257323
TCGA-IB-AAUO-01A-12R-A38C-07,paad,tumor,2.954725093
TCGA-IB-AAUP-01A-11R-A37L-07,paad,tumor,2.085698921
TCGA-IB-AAUQ-01A-22R-A41I-07,paad,tumor,1.963203992
TCGA-IB-AAUR-01A-21R-A38C-07,paad,tumor,2.349745345
TCGA-IB-AAUS-01A-12R-A38C-07,paad,tumor,1.806694782
TCGA-IB-AAUT-01A-11R-A37L-07,paad,tumor,2.556657632
TCGA-IB-AAUU-01A-11R-A37L-07,paad,tumor,2.751345458
TCGA-IB-AAUV-01A-11R-A38C-07,paad,tumor,2.616865543
TCGA-IB-AAUW-01A-12R-A38C-07,paad,tumor,2.704154511
TCGA-L1-A7W4-01A-12R-A36G-07,paad,tumor,2.478697013
TCGA-LB-A7SX-01A-11R-A33R-07,paad,tumor,2.561838461
TCGA-LB-A8F3-01A-11R-A36G-07,paad,tumor,2.34796581
TCGA-LB-A9Q5-01A-11R-A39D-07,paad,tumor,2.983102743
TCGA-M8-A5N4-01A-11R-A26U-07,paad,tumor,2.823157223
TCGA-OE-A75W-01A-12R-A32O-07,paad,tumor,2.370688946
TCGA-PZ-A5RE-01A-11R-A32O-07,paad,tumor,2.327626975
TCGA-Q3-A5QY-01A-12R-A32O-07,paad,tumor,2.372649958
TCGA-Q3-AA2A-01A-11R-A37L-07,paad,tumor,1.54231682
TCGA-RB-A7B8-01A-12R-A33R-07,paad,tumor,2.371282741
TCGA-RB-AA9M-01A-11R-A39D-07,paad,tumor,2.21402973
TCGA-RL-AAAS-01A-32R-A39D-07,paad,tumor,3.019696697
TCGA-S4-A8RM-01A-11R-A37L-07,paad,tumor,2.193220686
TCGA-S4-A8RO-01A-12R-A37L-07,paad,tumor,1.744402438
TCGA-S4-A8RP-01A-11R-A36G-07,paad,tumor,2.317751325
TCGA-US-A774-01A-21R-A32O-07,paad,tumor,2.644550042
TCGA-US-A776-01A-13R-A33R-07,paad,tumor,2.77926445
TCGA-US-A779-01A-11R-A32O-07,paad,tumor,2.392285512
TCGA-US-A77E-01A-11R-A32O-07,paad,tumor,2.080563727
TCGA-US-A77G-01A-11R-A32O-07,paad,tumor,2.189710974
TCGA-US-A77J-01A-11R-A32O-07,paad,tumor,2.177966776
TCGA-XD-AAUG-01A-61R-A41B-07,paad,tumor,2.480306961
TCGA-XD-AAUH-01A-42R-A41B-07,paad,tumor,2.296201747
TCGA-XD-AAUI-01A-42R-A41B-07,paad,tumor,2.333916476
TCGA-XD-AAUL-01A-21R-A39D-07,paad,tumor,2.604803018
TCGA-XN-A8T3-01A-11R-A36G-07,paad,tumor,2.056652472
TCGA-XN-A8T5-01A-12R-A36G-07,paad,tumor,2.490576132
TCGA-YB-A89D-01A-12R-A36G-07,paad,tumor,2.315508237
TCGA-YH-A8SY-01A-11R-A37L-07,paad,tumor,1.957274327
TCGA-YY-A8LH-01A-11R-A36G-07,paad,tumor,3.081321361
TCGA-Z5-AAPL-01A-12R-A41B-07,paad,tumor,2.258712986
TCGA-P7-A5NX-01A-11R-A35K-07,pcpg,tumor,2.669694188
TCGA-P7-A5NY-05A-11R-A35K-07,pcpg,tumor,2.696194146
TCGA-P7-A5NY-01A-12R-A35K-07,pcpg,tumor,2.351225708
TCGA-P8-A5KC-01A-11R-A35K-07,pcpg,tumor,2.95935061
TCGA-P8-A5KD-01A-11R-A35K-07,pcpg,tumor,2.480707618
TCGA-P8-A6RX-01A-11R-A35K-07,pcpg,tumor,2.266868559
TCGA-P8-A6RY-01A-12R-A35K-07,pcpg,tumor,2.971840542
TCGA-PR-A5PF-01A-11R-A35K-07,pcpg,tumor,2.837119979
TCGA-PR-A5PG-01A-11R-A35K-07,pcpg,tumor,2.693067617
TCGA-PR-A5PH-01A-11R-A35K-07,pcpg,tumor,2.801744176
TCGA-QR-A6GO-01A-11R-A35K-07,pcpg,tumor,3.095810895
TCGA-QR-A6GR-01A-11R-A35K-07,pcpg,tumor,2.479957402
TCGA-QR-A6GS-01A-11R-A35K-07,pcpg,tumor,2.508634731
TCGA-QR-A6GT-01A-11R-A35K-07,pcpg,tumor,1.67733074
TCGA-QR-A6GU-01A-11R-A35K-07,pcpg,tumor,2.63768116
TCGA-QR-A6GW-01A-11R-A35K-07,pcpg,tumor,2.270453215
TCGA-QR-A6GX-01A-11R-A35K-07,pcpg,tumor,2.394510972
TCGA-QR-A6GY-01A-11R-A35K-07,pcpg,tumor,2.867635501
TCGA-QR-A6GZ-05A-11R-A35K-07,pcpg,tumor,2.576318669
TCGA-QR-A6GZ-01A-11R-A35K-07,pcpg,tumor,2.140992267
TCGA-QR-A6H0-01A-11R-A35K-07,pcpg,tumor,2.370166997
TCGA-QR-A6H1-01A-11R-A35K-07,pcpg,tumor,2.766595486
TCGA-QR-A6H2-01A-11R-A35K-07,pcpg,tumor,2.850786576
TCGA-QR-A6H3-01A-11R-A35K-07,pcpg,tumor,2.604827052
TCGA-QR-A6H4-01A-11R-A35K-07,pcpg,tumor,2.777867979
TCGA-QR-A6H5-01A-11R-A35K-07,pcpg,tumor,2.188386557
TCGA-QR-A6H6-01A-11R-A35K-07,pcpg,tumor,2.621800043
TCGA-QR-A6ZZ-01A-11R-A35K-07,pcpg,tumor,2.367063678
TCGA-QR-A700-01A-11R-A35K-07,pcpg,tumor,2.394609697
TCGA-QR-A702-01A-11R-A35K-07,pcpg,tumor,2.594351701
TCGA-QR-A703-01A-11R-A35K-07,pcpg,tumor,2.213125949
TCGA-QR-A705-01A-11R-A35K-07,pcpg,tumor,2.751041237
TCGA-QR-A706-01A-11R-A35K-07,pcpg,tumor,2.717457712
TCGA-QR-A707-01A-11R-A35K-07,pcpg,tumor,2.622399296
TCGA-QR-A708-01A-11R-A35K-07,pcpg,tumor,3.006381031
TCGA-QR-A70A-01A-11R-A35K-07,pcpg,tumor,2.634453681
TCGA-QR-A70C-01A-21R-A35K-07,pcpg,tumor,2.562861853
TCGA-QR-A70D-01A-11R-A35K-07,pcpg,tumor,2.43802796
TCGA-QR-A70E-01A-11R-A35K-07,pcpg,tumor,2.584468277
TCGA-QR-A70G-01B-11R-A35K-07,pcpg,tumor,2.522139374
TCGA-QR-A70H-01A-12R-A35K-07,pcpg,tumor,3.222992816
TCGA-QR-A70I-01A-11R-A35K-07,pcpg,tumor,2.825044265
TCGA-QR-A70J-01A-11R-A35K-07,pcpg,tumor,2.774060328
TCGA-QR-A70K-01A-12R-A35K-07,pcpg,tumor,2.77075637
TCGA-QR-A70M-01A-11R-A35K-07,pcpg,tumor,2.842072563
TCGA-QR-A70N-01A-12R-A35K-07,pcpg,tumor,2.64765645
TCGA-QR-A70O-01A-11R-A35K-07,pcpg,tumor,2.346944645
TCGA-QR-A70P-01A-11R-A35K-07,pcpg,tumor,2.895615348
TCGA-QR-A70Q-01A-13R-A35K-07,pcpg,tumor,2.586826068
TCGA-QR-A70R-01A-11R-A35K-07,pcpg,tumor,2.684690194
TCGA-QR-A70T-01A-11R-A35K-07,pcpg,tumor,2.597543653
TCGA-QR-A70U-01A-11R-A35K-07,pcpg,tumor,2.987964721
TCGA-QR-A70V-01A-11R-A35K-07,pcpg,tumor,2.380280048
TCGA-QR-A70W-01A-12R-A35K-07,pcpg,tumor,2.651481873
TCGA-QR-A70X-01A-11R-A35K-07,pcpg,tumor,2.810258634
TCGA-QR-A7IN-01A-11R-A35K-07,pcpg,tumor,2.75209974
TCGA-QR-A7IP-01A-11R-A35K-07,pcpg,tumor,2.555162494
TCGA-QT-A5XJ-01A-11R-A35K-07,pcpg,tumor,2.473040584
TCGA-QT-A5XK-01A-11R-A35K-07,pcpg,tumor,2.557973793
TCGA-QT-A5XL-01A-11R-A35K-07,pcpg,tumor,2.084545753
TCGA-QT-A5XM-01A-11R-A35K-07,pcpg,tumor,2.672828492
TCGA-QT-A5XN-01A-11R-A35K-07,pcpg,tumor,2.38715142
TCGA-QT-A5XO-01A-11R-A35K-07,pcpg,tumor,2.192382377
TCGA-QT-A5XP-01A-11R-A35K-07,pcpg,tumor,2.56720834
TCGA-QT-A69Q-01A-11R-A35K-07,pcpg,tumor,2.470693988
TCGA-QT-A7U0-01A-11R-A35K-07,pcpg,tumor,2.869426044
TCGA-RM-A68T-01A-11R-A35K-07,pcpg,tumor,2.304896184
TCGA-RM-A68W-01A-11R-A35K-07,pcpg,tumor,2.445688768
TCGA-RT-A6Y9-01A-12R-A35K-07,pcpg,tumor,2.361709366
TCGA-RT-A6YA-01A-12R-A35K-07,pcpg,tumor,2.881410896
TCGA-RT-A6YC-01A-12R-A35K-07,pcpg,tumor,2.107096067
TCGA-RW-A67V-01A-11R-A35K-07,pcpg,tumor,2.789956359
TCGA-RW-A67W-01A-11R-A35K-07,pcpg,tumor,2.574092783
TCGA-RW-A67X-01A-11R-A35K-07,pcpg,tumor,2.981484145
TCGA-RW-A67Y-01A-11R-A35K-07,pcpg,tumor,2.733033418
TCGA-RW-A680-01A-11R-A35K-07,pcpg,tumor,2.388367328
TCGA-RW-A681-01A-11R-A35K-07,pcpg,tumor,2.594471415
TCGA-RW-A684-01A-12R-A35K-07,pcpg,tumor,2.943046001
TCGA-RW-A685-01A-11R-A35K-07,pcpg,tumor,2.654304932
TCGA-RW-A686-06A-11R-A35K-07,pcpg,tumor,2.684787789
TCGA-RW-A686-01A-11R-A35K-07,pcpg,tumor,2.477344245
TCGA-RW-A688-01A-11R-A35K-07,pcpg,tumor,2.61368873
TCGA-RW-A689-01A-11R-A35K-07,pcpg,tumor,2.221849749
TCGA-RW-A68A-01A-11R-A35K-07,pcpg,tumor,2.794246522
TCGA-RW-A68B-01A-11R-A35K-07,pcpg,tumor,2.817576398
TCGA-RW-A68C-01A-11R-A35K-07,pcpg,tumor,2.551871896
TCGA-RW-A68D-01A-11R-A35K-07,pcpg,tumor,2.689775316
TCGA-RW-A68F-01A-11R-A35K-07,pcpg,tumor,2.872604359
TCGA-RW-A68G-01A-11R-A35K-07,pcpg,tumor,1.945085365
TCGA-RW-A7CZ-01A-11R-A35K-07,pcpg,tumor,2.850776204
TCGA-RW-A7D0-01A-11R-A35K-07,pcpg,tumor,2.768193226
TCGA-RW-A8AZ-01A-11R-A35K-07,pcpg,tumor,2.497833417
TCGA-RX-A8JQ-01A-11R-A35L-07,pcpg,tumor,2.653156237
TCGA-S7-A7WL-01A-11R-A35L-07,pcpg,tumor,2.563865278
TCGA-S7-A7WM-01A-12R-A35L-07,pcpg,tumor,2.796170196
TCGA-S7-A7WN-01A-12R-A35L-07,pcpg,tumor,2.727378605
TCGA-S7-A7WO-01A-11R-A35L-07,pcpg,tumor,2.870001243
TCGA-S7-A7WP-01A-11R-A35L-07,pcpg,tumor,2.383217706
TCGA-S7-A7WQ-01A-12R-A35L-07,pcpg,tumor,2.431117188
TCGA-S7-A7WR-01A-11R-A35L-07,pcpg,tumor,2.981922679
TCGA-S7-A7WT-01A-12R-A35L-07,pcpg,tumor,2.705279404
TCGA-S7-A7WU-01A-11R-A35L-07,pcpg,tumor,2.721412777
TCGA-S7-A7WV-01A-11R-A35L-07,pcpg,tumor,1.723887778
TCGA-S7-A7WW-01A-11R-A35L-07,pcpg,tumor,2.551305766
TCGA-S7-A7WX-01A-11R-A35L-07,pcpg,tumor,2.722461259
TCGA-S7-A7X0-01A-12R-A35L-07,pcpg,tumor,2.623954225
TCGA-S7-A7X1-01A-11R-A35L-07,pcpg,tumor,2.478056219
TCGA-S7-A7X2-01A-12R-A35L-07,pcpg,tumor,2.816361517
TCGA-SA-A6C2-01A-11R-A35L-07,pcpg,tumor,2.452526311
TCGA-SP-A6QC-01A-11R-A35L-07,pcpg,tumor,2.947198814
TCGA-SP-A6QD-01A-12R-A35L-07,pcpg,tumor,2.550413315
TCGA-SP-A6QF-01A-12R-A35L-07,pcpg,tumor,2.579932804
TCGA-SP-A6QG-01A-12R-A35L-07,pcpg,tumor,2.880345936
TCGA-SP-A6QH-01A-21R-A35L-07,pcpg,tumor,2.314627461
TCGA-SP-A6QI-01A-12R-A35L-07,pcpg,tumor,2.707133019
TCGA-SP-A6QJ-01A-11R-A35L-07,pcpg,tumor,2.382695468
TCGA-SP-A6QK-01A-11R-A35L-07,pcpg,tumor,2.473626614
TCGA-SQ-A6I4-01A-11R-A35L-07,pcpg,tumor,2.317610724
TCGA-SQ-A6I6-01A-11R-A35L-07,pcpg,tumor,2.607766753
TCGA-SR-A6MP-01A-11R-A35L-07,pcpg,tumor,2.373509047
TCGA-SR-A6MQ-01A-11R-A35L-07,pcpg,tumor,2.359586237
TCGA-SR-A6MR-01A-11R-A35L-07,pcpg,tumor,2.902510275
TCGA-SR-A6MS-01A-11R-A35L-07,pcpg,tumor,2.845203172
TCGA-SR-A6MT-01A-11R-A35L-07,pcpg,tumor,2.383290915
TCGA-SR-A6MU-01A-11R-A35L-07,pcpg,tumor,2.694749149
TCGA-SR-A6MV-01A-11R-A35L-07,pcpg,tumor,3.103241442
TCGA-SR-A6MX-05A-11R-A35L-07,pcpg,tumor,2.448564097
TCGA-SR-A6MX-06A-11R-A35L-07,pcpg,tumor,2.827195345
TCGA-SR-A6MX-01A-11R-A35L-07,pcpg,tumor,2.601341014
TCGA-SR-A6MY-01A-11R-A35L-07,pcpg,tumor,2.442494471
TCGA-SR-A6MZ-01A-11R-A35L-07,pcpg,tumor,2.802447776
TCGA-SR-A6N0-01A-11R-A35L-07,pcpg,tumor,2.328260736
TCGA-TT-A6YJ-01A-11R-A35L-07,pcpg,tumor,2.857391614
TCGA-TT-A6YK-01A-11R-A35L-07,pcpg,tumor,2.613688525
TCGA-TT-A6YN-01A-12R-A35L-07,pcpg,tumor,2.7283818
TCGA-TT-A6YO-01A-11R-A35L-07,pcpg,tumor,2.873554586
TCGA-TT-A6YP-01A-21R-A35L-07,pcpg,tumor,2.274734028
TCGA-W2-A7H5-01B-11R-A35L-07,pcpg,tumor,2.809055872
TCGA-W2-A7H7-01A-11R-A35L-07,pcpg,tumor,2.453776017
TCGA-W2-A7HA-01B-11R-A35L-07,pcpg,tumor,2.744659919
TCGA-W2-A7HB-01A-11R-A35L-07,pcpg,tumor,2.617831841
TCGA-W2-A7HC-01A-11R-A35L-07,pcpg,tumor,2.876416859
TCGA-W2-A7HD-01A-11R-A35L-07,pcpg,tumor,2.257271387
TCGA-W2-A7HE-01A-11R-A35L-07,pcpg,tumor,2.631060214
TCGA-W2-A7HF-01A-11R-A35L-07,pcpg,tumor,2.546169134
TCGA-W2-A7HH-01A-11R-A35L-07,pcpg,tumor,2.846524642
TCGA-W2-A7UY-01A-11R-A35L-07,pcpg,tumor,2.254482583
TCGA-WB-A80K-01A-11R-A35L-07,pcpg,tumor,2.837995728
TCGA-WB-A80L-01A-11R-A35L-07,pcpg,tumor,2.600717865
TCGA-WB-A80M-01A-11R-A35L-07,pcpg,tumor,3.195834355
TCGA-WB-A80N-01A-11R-A35L-07,pcpg,tumor,2.643869151
TCGA-WB-A80O-01A-11R-A35L-07,pcpg,tumor,2.37125534
TCGA-WB-A80P-01A-11R-A35L-07,pcpg,tumor,1.843249156
TCGA-WB-A80Q-01A-11R-A35L-07,pcpg,tumor,2.872234895
TCGA-WB-A80V-01A-12R-A35L-07,pcpg,tumor,2.617086207
TCGA-WB-A80Y-01A-11R-A35L-07,pcpg,tumor,2.982684941
TCGA-WB-A814-01A-11R-A35L-07,pcpg,tumor,2.461978824
TCGA-WB-A815-01A-11R-A35L-07,pcpg,tumor,2.793525577
TCGA-WB-A816-01A-11R-A35L-07,pcpg,tumor,2.715445735
TCGA-WB-A817-01A-11R-A35L-07,pcpg,tumor,2.782285873
TCGA-WB-A818-01A-11R-A35L-07,pcpg,tumor,2.634271569
TCGA-WB-A819-01A-11R-A35L-07,pcpg,tumor,2.868784639
TCGA-WB-A81A-01A-11R-A35L-07,pcpg,tumor,2.625014012
TCGA-WB-A81D-01A-11R-A35L-07,pcpg,tumor,2.446808836
TCGA-WB-A81E-01A-11R-A35L-07,pcpg,tumor,2.666312425
TCGA-WB-A81F-01A-11R-A35L-07,pcpg,tumor,2.322571067
TCGA-WB-A81G-01A-11R-A35L-07,pcpg,tumor,2.657300955
TCGA-WB-A81H-01A-11R-A35L-07,pcpg,tumor,2.643283412
TCGA-WB-A81I-01A-11R-A35L-07,pcpg,tumor,2.462699822
TCGA-WB-A81J-01A-11R-A35L-07,pcpg,tumor,2.691128381
TCGA-WB-A81K-01A-11R-A35L-07,pcpg,tumor,2.67573052
TCGA-WB-A81M-01A-11R-A35L-07,pcpg,tumor,2.515740817
TCGA-WB-A81N-01A-11R-A35L-07,pcpg,tumor,2.79040797
TCGA-WB-A81P-01A-11R-A35L-07,pcpg,tumor,2.829830459
TCGA-WB-A81Q-01A-11R-A35L-07,pcpg,tumor,2.582261628
TCGA-WB-A81R-01A-11R-A35L-07,pcpg,tumor,2.7498948
TCGA-WB-A81S-01A-11R-A35L-07,pcpg,tumor,2.837091199
TCGA-WB-A81T-01A-11R-A35L-07,pcpg,tumor,1.957372884
TCGA-WB-A81V-01A-11R-A35L-07,pcpg,tumor,2.577235439
TCGA-WB-A81W-01A-11R-A35L-07,pcpg,tumor,2.4452344
TCGA-WB-A820-01A-11R-A35L-07,pcpg,tumor,2.648598741
TCGA-WB-A821-01A-11R-A35L-07,pcpg,tumor,2.924628556
TCGA-WB-A822-01A-11R-A35L-07,pcpg,tumor,2.144374871
TCGA-XG-A823-01A-11R-A35L-07,pcpg,tumor,2.493249854
TCGA-2A-A8VL-01A-21R-A37L-07,prad,tumor,2.692433393
TCGA-2A-A8VO-01A-11R-A37L-07,prad,tumor,2.890236318
TCGA-2A-A8VT-01A-11R-A37L-07,prad,tumor,2.448254143
TCGA-2A-A8VV-01A-11R-A37L-07,prad,tumor,2.718720254
TCGA-2A-A8VX-01A-11R-A37L-07,prad,tumor,2.80322328
TCGA-2A-A8W1-01A-11R-A37L-07,prad,tumor,2.72999908
TCGA-2A-A8W3-01A-11R-A37L-07,prad,tumor,2.759849789
TCGA-2A-AAYF-01A-11R-A41O-07,prad,tumor,2.655343214
TCGA-2A-AAYO-01A-11R-A41O-07,prad,tumor,3.002078989
TCGA-2A-AAYU-01A-11R-A41O-07,prad,tumor,2.621647957
TCGA-4L-AA1F-01A-11R-A41O-07,prad,tumor,1.576408895
TCGA-CH-5737-01A-11R-1580-07,prad,tumor,2.371796393
TCGA-CH-5738-01A-11R-1580-07,prad,tumor,2.593867114
TCGA-CH-5739-01A-11R-1580-07,prad,tumor,2.611543704
TCGA-CH-5740-01A-11R-1580-07,prad,tumor,2.728238684
TCGA-CH-5741-01A-11R-1580-07,prad,tumor,2.76422328
TCGA-CH-5743-01A-21R-1580-07,prad,tumor,3.124138641
TCGA-CH-5744-01A-11R-1580-07,prad,tumor,2.889363136
TCGA-CH-5745-01A-11R-1580-07,prad,tumor,2.756616715
TCGA-CH-5746-01A-11R-1580-07,prad,tumor,2.578075342
TCGA-CH-5748-01A-11R-1580-07,prad,tumor,2.690550799
TCGA-CH-5750-01A-11R-1580-07,prad,tumor,2.446523876
TCGA-CH-5751-01A-11R-1580-07,prad,tumor,2.610854672
TCGA-CH-5752-01A-11R-1580-07,prad,tumor,2.309235956
TCGA-CH-5753-01A-11R-1580-07,prad,tumor,2.403291859
TCGA-CH-5754-01A-11R-1580-07,prad,tumor,2.828411892
TCGA-CH-5761-01A-11R-1580-07,prad,tumor,2.050618263
TCGA-CH-5762-01A-11R-1580-07,prad,tumor,2.837724171
TCGA-CH-5763-01A-11R-1580-07,prad,tumor,2.697277638
TCGA-CH-5764-01A-21R-1580-07,prad,tumor,2.722787475
TCGA-CH-5765-01A-11R-1580-07,prad,tumor,2.520214568
TCGA-CH-5766-01A-11R-1580-07,prad,tumor,2.509178975
TCGA-CH-5767-01A-11R-1789-07,prad,tumor,2.663754793
TCGA-CH-5768-01A-11R-1580-07,prad,tumor,2.522079391
TCGA-CH-5769-01A-11R-1580-07,prad,tumor,2.887123745
TCGA-CH-5771-01A-21R-1580-07,prad,tumor,2.519041894
TCGA-CH-5772-01A-11R-1580-07,prad,tumor,2.788804242
TCGA-CH-5788-01A-11R-1580-07,prad,tumor,2.412918068
TCGA-CH-5789-01A-11R-1580-07,prad,tumor,2.711751762
TCGA-CH-5790-01A-11R-1580-07,prad,tumor,2.737956911
TCGA-CH-5791-01A-11R-1580-07,prad,tumor,2.620447832
TCGA-CH-5792-01A-11R-1580-07,prad,tumor,2.821813134
TCGA-CH-5794-01A-11R-1580-07,prad,tumor,2.506299894
TCGA-EJ-5494-01A-01R-1580-07,prad,tumor,2.673558859
TCGA-EJ-5495-01A-01R-1580-07,prad,tumor,2.680308585
TCGA-EJ-5496-01A-01R-1580-07,prad,tumor,2.693096374
TCGA-EJ-5497-01A-02R-1580-07,prad,tumor,2.476689702
TCGA-EJ-5498-01A-01R-1580-07,prad,tumor,2.666983179
TCGA-EJ-5499-01A-01R-1580-07,prad,tumor,2.829005714
TCGA-EJ-5501-01A-01R-1580-07,prad,tumor,2.824648577
TCGA-EJ-5502-01A-01R-1580-07,prad,tumor,2.84967745
TCGA-EJ-5503-01A-01R-1580-07,prad,tumor,2.626355308
TCGA-EJ-5504-01A-01R-1580-07,prad,tumor,2.602531382
TCGA-EJ-5505-01A-01R-1580-07,prad,tumor,2.738216387
TCGA-EJ-5506-01A-01R-1580-07,prad,tumor,2.610339809
TCGA-EJ-5507-01A-01R-1580-07,prad,tumor,2.676550011
TCGA-EJ-5508-01A-02R-1580-07,prad,tumor,2.566137176
TCGA-EJ-5509-01A-01R-1580-07,prad,tumor,2.568259859
TCGA-EJ-5510-01A-01R-1580-07,prad,tumor,2.972676235
TCGA-EJ-5511-01A-01R-1580-07,prad,tumor,2.80002209
TCGA-EJ-5512-01A-01R-1580-07,prad,tumor,2.809308807
TCGA-EJ-5514-01A-01R-1580-07,prad,tumor,2.319674667
TCGA-EJ-5515-01A-01R-1580-07,prad,tumor,2.819208272
TCGA-EJ-5516-01A-01R-1580-07,prad,tumor,2.530813056
TCGA-EJ-5517-01A-01R-1580-07,prad,tumor,2.69616229
TCGA-EJ-5518-01A-01R-1580-07,prad,tumor,2.444713669
TCGA-EJ-5519-01A-01R-1580-07,prad,tumor,2.480585077
TCGA-EJ-5521-01A-01R-1580-07,prad,tumor,2.69294755
TCGA-EJ-5522-01A-01R-1580-07,prad,tumor,2.694907378
TCGA-EJ-5524-01A-01R-1580-07,prad,tumor,2.434255655
TCGA-EJ-5525-01A-01R-1580-07,prad,tumor,2.274931755
TCGA-EJ-5526-01A-01R-1580-07,prad,tumor,2.381540792
TCGA-EJ-5527-01A-01R-1580-07,prad,tumor,2.757299317
TCGA-EJ-5530-01A-01R-1580-07,prad,tumor,2.818097625
TCGA-EJ-5531-01A-01R-1580-07,prad,tumor,2.714057174
TCGA-EJ-5532-01A-01R-1580-07,prad,tumor,2.595245357
TCGA-EJ-5542-01A-01R-1580-07,prad,tumor,2.75301045
TCGA-EJ-7115-01A-11R-2118-07,prad,tumor,2.757386605
TCGA-EJ-7123-01A-11R-1965-07,prad,tumor,2.576663334
TCGA-EJ-7125-01A-11R-1965-07,prad,tumor,2.845543645
TCGA-EJ-7218-01B-11R-A32O-07,prad,tumor,2.89321475
TCGA-EJ-7312-01B-21R-A32O-07,prad,tumor,2.642595675
TCGA-EJ-7314-01A-31R-2118-07,prad,tumor,2.686608746
TCGA-EJ-7315-01A-31R-2118-07,prad,tumor,2.713779147
TCGA-EJ-7317-01A-31R-2118-07,prad,tumor,2.617305412
TCGA-EJ-7318-01B-11R-A32O-07,prad,tumor,2.81194651
TCGA-EJ-7321-01A-31R-2263-07,prad,tumor,2.668705809
TCGA-EJ-7325-01B-11R-A32O-07,prad,tumor,2.694253496
TCGA-EJ-7327-01A-11R-2118-07,prad,tumor,2.642909911
TCGA-EJ-7328-01A-31R-2118-07,prad,tumor,2.921352279
TCGA-EJ-7330-01A-11R-2118-07,prad,tumor,2.929434771
TCGA-EJ-7331-01A-11R-2118-07,prad,tumor,2.622634976
TCGA-EJ-7781-01A-11R-2118-07,prad,tumor,2.761984904
TCGA-EJ-7782-01A-11R-2118-07,prad,tumor,2.531977311
TCGA-EJ-7783-01A-11R-2118-07,prad,tumor,2.935531013
TCGA-EJ-7784-01A-11R-2118-07,prad,tumor,2.868965696
TCGA-EJ-7785-01A-11R-2118-07,prad,tumor,2.781231067
TCGA-EJ-7786-01A-11R-2118-07,prad,tumor,2.697456987
TCGA-EJ-7788-01A-11R-2118-07,prad,tumor,2.550620976
TCGA-EJ-7789-01A-11R-2118-07,prad,tumor,2.587235
TCGA-EJ-7791-01A-11R-2118-07,prad,tumor,2.666112391
TCGA-EJ-7792-01A-11R-2118-07,prad,tumor,2.879660602
TCGA-EJ-7793-01A-31R-2263-07,prad,tumor,2.532824118
TCGA-EJ-7794-01A-11R-2118-07,prad,tumor,2.750262576
TCGA-EJ-7797-01A-11R-2263-07,prad,tumor,2.798742132
TCGA-EJ-8468-01A-21R-2403-07,prad,tumor,2.610350763
TCGA-EJ-8469-01A-11R-2403-07,prad,tumor,2.575155784
TCGA-EJ-8470-01A-11R-2403-07,prad,tumor,2.473552031
TCGA-EJ-8472-01A-11R-2403-07,prad,tumor,2.435636824
TCGA-EJ-8474-01A-11R-2403-07,prad,tumor,2.453893591
TCGA-EJ-A46B-01A-31R-A250-07,prad,tumor,2.46222158
TCGA-EJ-A46D-01A-21R-A32Y-07,prad,tumor,2.820944313
TCGA-EJ-A46E-01A-31R-A250-07,prad,tumor,3.047359515
TCGA-EJ-A46F-01A-31R-A250-07,prad,tumor,2.797173679
TCGA-EJ-A46G-01A-31R-A26U-07,prad,tumor,2.734919619
TCGA-EJ-A46H-01A-31R-A26U-07,prad,tumor,2.850434389
TCGA-EJ-A46I-01A-12R-A26U-07,prad,tumor,2.634660481
TCGA-EJ-A65B-01A-12R-A30B-07,prad,tumor,2.416671248
TCGA-EJ-A65D-01A-11R-A30B-07,prad,tumor,2.482692903
TCGA-EJ-A65E-01A-11R-A29R-07,prad,tumor,2.671267936
TCGA-EJ-A65F-01A-21R-A311-07,prad,tumor,2.67055428
TCGA-EJ-A65G-01A-21R-A29R-07,prad,tumor,2.841996118
TCGA-EJ-A65J-01A-11R-A311-07,prad,tumor,2.588114071
TCGA-EJ-A65M-01A-11R-A29R-07,prad,tumor,2.724254192
TCGA-EJ-A6RA-01A-11R-A33R-07,prad,tumor,2.876844205
TCGA-EJ-A6RC-01A-11R-A32O-07,prad,tumor,2.993948171
TCGA-EJ-A7NF-01A-11R-A33R-07,prad,tumor,2.6764145
TCGA-EJ-A7NG-01A-31R-A33R-07,prad,tumor,2.995908091
TCGA-EJ-A7NH-01A-12R-A33R-07,prad,tumor,2.822358836
TCGA-EJ-A7NJ-01A-22R-A352-07,prad,tumor,2.818213587
TCGA-EJ-A7NK-01A-12R-A352-07,prad,tumor,2.934124887
TCGA-EJ-A7NM-01A-21R-A33R-07,prad,tumor,2.87229438
TCGA-EJ-A7NN-01A-11R-A33R-07,prad,tumor,3.032307465
TCGA-EJ-A8FN-01A-11R-A352-07,prad,tumor,2.724990339
TCGA-EJ-A8FO-01A-21R-A36G-07,prad,tumor,2.699597112
TCGA-EJ-A8FP-01A-21R-A36G-07,prad,tumor,2.701513406
TCGA-EJ-A8FS-01A-11R-A352-07,prad,tumor,2.712614144
TCGA-EJ-A8FU-01A-11R-A36G-07,prad,tumor,2.69163108
TCGA-EJ-AB20-01A-12R-A41O-07,prad,tumor,3.035286166
TCGA-EJ-AB27-01A-11R-A41O-07,prad,tumor,2.922411934
TCGA-FC-7708-01A-11R-2118-07,prad,tumor,2.590562353
TCGA-FC-7961-01A-11R-A29R-07,prad,tumor,2.584105059
TCGA-FC-A4JI-01A-11R-A250-07,prad,tumor,3.134835629
TCGA-FC-A5OB-01A-11R-A29R-07,prad,tumor,2.372314895
TCGA-FC-A66V-01A-21R-A30B-07,prad,tumor,2.515659023
TCGA-FC-A6HD-01A-11R-A31N-07,prad,tumor,2.810782977
TCGA-FC-A8O0-01A-41R-A37L-07,prad,tumor,2.631060311
TCGA-G9-6329-01A-13R-1965-07,prad,tumor,2.866891139
TCGA-G9-6332-01A-11R-1789-07,prad,tumor,2.779195903
TCGA-G9-6333-01A-12R-1965-07,prad,tumor,2.689134967
TCGA-G9-6336-01A-11R-1789-07,prad,tumor,2.414044694
TCGA-G9-6338-01A-12R-1965-07,prad,tumor,3.095490832
TCGA-G9-6339-01A-12R-A311-07,prad,tumor,2.987212285
TCGA-G9-6342-01A-11R-1965-07,prad,tumor,2.719978237
TCGA-G9-6343-01A-21R-1965-07,prad,tumor,2.642818304
TCGA-G9-6347-01A-11R-A31N-07,prad,tumor,3.124923684
TCGA-G9-6348-01A-11R-1789-07,prad,tumor,2.655241689
TCGA-G9-6351-01A-21R-1965-07,prad,tumor,2.508515486
TCGA-G9-6353-01A-11R-1965-07,prad,tumor,2.520435161
TCGA-G9-6354-01A-11R-A311-07,prad,tumor,2.672898915
TCGA-G9-6356-01A-11R-1789-07,prad,tumor,3.015109545
TCGA-G9-6361-01A-21R-1965-07,prad,tumor,2.59462252
TCGA-G9-6362-01A-11R-1789-07,prad,tumor,2.395956512
TCGA-G9-6363-01A-21R-1789-07,prad,tumor,2.599564852
TCGA-G9-6364-01A-21R-1789-07,prad,tumor,2.331209741
TCGA-G9-6365-01A-11R-1789-07,prad,tumor,2.712710608
TCGA-G9-6366-01A-11R-2118-07,prad,tumor,2.59360412
TCGA-G9-6367-01A-11R-1789-07,prad,tumor,2.710491627
TCGA-G9-6369-01A-21R-1965-07,prad,tumor,2.839559013
TCGA-G9-6370-01A-11R-1789-07,prad,tumor,2.560324814
TCGA-G9-6371-01A-11R-1789-07,prad,tumor,2.768884552
TCGA-G9-6373-01A-11R-1789-07,prad,tumor,2.843954416
TCGA-G9-6377-01A-11R-1965-07,prad,tumor,2.593577439
TCGA-G9-6378-01A-11R-1789-07,prad,tumor,2.787495106
TCGA-G9-6379-01A-11R-A31N-07,prad,tumor,2.935647237
TCGA-G9-6384-01A-11R-1789-07,prad,tumor,2.971327838
TCGA-G9-6385-01A-11R-1789-07,prad,tumor,2.784557886
TCGA-G9-6494-01A-11R-1789-07,prad,tumor,2.612673773
TCGA-G9-6496-01A-11R-1789-07,prad,tumor,2.520187043
TCGA-G9-6498-01A-12R-A311-07,prad,tumor,2.974887671
TCGA-G9-6499-01A-12R-1965-07,prad,tumor,2.84621091
TCGA-G9-7509-01A-11R-A41O-07,prad,tumor,2.654088417
TCGA-G9-7510-01A-11R-2263-07,prad,tumor,2.411769356
TCGA-G9-7519-01A-11R-2263-07,prad,tumor,2.72109588
TCGA-G9-7521-01A-11R-2263-07,prad,tumor,2.696674217
TCGA-G9-7522-01A-11R-2263-07,prad,tumor,2.488122093
TCGA-G9-7523-01A-11R-2263-07,prad,tumor,2.942972164
TCGA-G9-7525-01A-31R-2263-07,prad,tumor,2.50334725
TCGA-G9-A9S0-01A-11R-A41O-07,prad,tumor,2.961675471
TCGA-G9-A9S4-01A-11R-A41O-07,prad,tumor,2.870732769
TCGA-G9-A9S7-01A-11R-A41O-07,prad,tumor,2.856120826
TCGA-H9-7775-01A-11R-2118-07,prad,tumor,2.624440872
TCGA-H9-A6BX-01A-31R-A311-07,prad,tumor,2.394865401
TCGA-H9-A6BY-01A-11R-A30B-07,prad,tumor,2.722628828
TCGA-HC-7075-01A-11R-1965-07,prad,tumor,2.860050877
TCGA-HC-7077-01A-11R-1965-07,prad,tumor,2.367407181
TCGA-HC-7078-01A-11R-2118-07,prad,tumor,2.61430743
TCGA-HC-7079-01A-11R-1965-07,prad,tumor,2.46159795
TCGA-HC-7080-01A-11R-1965-07,prad,tumor,2.741573692
TCGA-HC-7081-01A-11R-1965-07,prad,tumor,2.4720754
TCGA-HC-7209-01A-11R-2118-07,prad,tumor,2.9669682
TCGA-HC-7210-01A-11R-2118-07,prad,tumor,2.784488224
TCGA-HC-7211-01A-11R-2118-07,prad,tumor,2.957023101
TCGA-HC-7212-01A-11R-2118-07,prad,tumor,2.56944834
TCGA-HC-7213-01A-11R-2118-07,prad,tumor,2.889083327
TCGA-HC-7230-01A-11R-2118-07,prad,tumor,2.433269051
TCGA-HC-7231-01A-11R-2118-07,prad,tumor,2.62827776
TCGA-HC-7232-01A-11R-2118-07,prad,tumor,2.414685274
TCGA-HC-7233-01A-11R-2118-07,prad,tumor,2.752439334
TCGA-HC-7736-01A-11R-2118-07,prad,tumor,2.253822792
TCGA-HC-7737-01A-11R-2118-07,prad,tumor,2.748769947
TCGA-HC-7738-01A-11R-2118-07,prad,tumor,2.44689623
TCGA-HC-7740-01A-11R-2118-07,prad,tumor,2.648980635
TCGA-HC-7742-01A-11R-2118-07,prad,tumor,2.848128922
TCGA-HC-7744-01A-11R-2118-07,prad,tumor,2.694838648
TCGA-HC-7745-01A-11R-2118-07,prad,tumor,2.761760499
TCGA-HC-7747-01A-11R-2118-07,prad,tumor,2.739128057
TCGA-HC-7748-01A-11R-2118-07,prad,tumor,2.713808972
TCGA-HC-7749-01A-11R-2118-07,prad,tumor,2.544958562
TCGA-HC-7750-01A-11R-2118-07,prad,tumor,2.954175683
TCGA-HC-7752-01A-11R-2118-07,prad,tumor,2.965722236
TCGA-HC-7817-01B-11R-A29R-07,prad,tumor,2.887468069
TCGA-HC-7818-01A-11R-2118-07,prad,tumor,2.968797346
TCGA-HC-7819-01A-11R-2118-07,prad,tumor,2.607639258
TCGA-HC-7820-01A-11R-2118-07,prad,tumor,2.794723428
TCGA-HC-7821-01A-12R-2118-07,prad,tumor,2.552232587
TCGA-HC-8213-01A-11R-A29R-07,prad,tumor,2.373232266
TCGA-HC-8216-01A-11R-A29R-07,prad,tumor,2.540876593
TCGA-HC-8256-01A-11R-2263-07,prad,tumor,2.72816524
TCGA-HC-8257-01A-11R-2263-07,prad,tumor,2.959270643
TCGA-HC-8258-01A-11R-2263-07,prad,tumor,2.689844892
TCGA-HC-8259-01A-11R-2263-07,prad,tumor,2.300144792
TCGA-HC-8260-01A-11R-2263-07,prad,tumor,2.737035229
TCGA-HC-8261-01A-11R-2263-07,prad,tumor,2.716142025
TCGA-HC-8262-01A-11R-2263-07,prad,tumor,2.760873266
TCGA-HC-8264-01B-11R-2403-07,prad,tumor,2.290763965
TCGA-HC-8265-01A-11R-2263-07,prad,tumor,2.969958114
TCGA-HC-8266-01A-11R-2263-07,prad,tumor,2.561725753
TCGA-HC-A48F-01A-11R-A250-07,prad,tumor,2.460409547
TCGA-HC-A4ZV-01A-11R-A26U-07,prad,tumor,2.51536076
TCGA-HC-A631-01A-11R-A29R-07,prad,tumor,2.854695353
TCGA-HC-A632-01A-11R-A29R-07,prad,tumor,2.64840686
TCGA-HC-A6AL-01A-11R-A30B-07,prad,tumor,2.624486185
TCGA-HC-A6AN-01A-11R-A30B-07,prad,tumor,2.4006316
TCGA-HC-A6AO-01A-11R-A30B-07,prad,tumor,3.02503772
TCGA-HC-A6AP-01A-11R-A30B-07,prad,tumor,2.167112978
TCGA-HC-A6AQ-01A-11R-A30B-07,prad,tumor,2.494058041
TCGA-HC-A6AS-01A-11R-A30B-07,prad,tumor,2.571597378
TCGA-HC-A6HX-01A-11R-A31N-07,prad,tumor,2.947148598
TCGA-HC-A6HY-01A-11R-A31N-07,prad,tumor,2.78153157
TCGA-HC-A76W-01A-11R-A33R-07,prad,tumor,2.68134934
TCGA-HC-A76X-01A-11R-A33R-07,prad,tumor,2.919822285
TCGA-HC-A8CY-01A-11R-A36G-07,prad,tumor,2.824090063
TCGA-HC-A8D0-01A-11R-A36G-07,prad,tumor,2.979684494
TCGA-HC-A8D1-01A-11R-A36G-07,prad,tumor,2.762739646
TCGA-HC-A9TE-01A-11R-A41O-07,prad,tumor,2.939687702
TCGA-HC-A9TH-01A-11R-A41O-07,prad,tumor,2.775874705
TCGA-HI-7168-01A-11R-2118-07,prad,tumor,2.397440782
TCGA-HI-7169-01A-11R-2118-07,prad,tumor,2.805244669
TCGA-HI-7170-01A-11R-2118-07,prad,tumor,2.85831602
TCGA-HI-7171-01A-12R-2118-07,prad,tumor,2.811836752
TCGA-J4-8198-01A-11R-2263-07,prad,tumor,2.773740745
TCGA-J4-8200-01A-11R-A29R-07,prad,tumor,2.36666767
TCGA-J4-A67K-01A-21R-A30B-07,prad,tumor,2.915016682
TCGA-J4-A67L-01A-11R-A30B-07,prad,tumor,2.97952054
TCGA-J4-A67M-01A-11R-A30B-07,prad,tumor,2.826554162
TCGA-J4-A67N-01A-11R-A30B-07,prad,tumor,1.986377122
TCGA-J4-A67O-01A-11R-A30B-07,prad,tumor,2.976495239
TCGA-J4-A67Q-01A-21R-A30B-07,prad,tumor,2.912822787
TCGA-J4-A67R-01A-21R-A30B-07,prad,tumor,2.926379501
TCGA-J4-A67S-01A-11R-A30B-07,prad,tumor,2.816197359
TCGA-J4-A67T-01A-11R-A311-07,prad,tumor,2.763122255
TCGA-J4-A6G1-01A-11R-A311-07,prad,tumor,2.519499205
TCGA-J4-A6G3-01A-11R-A311-07,prad,tumor,2.686009399
TCGA-J4-A6M7-01A-11R-A31N-07,prad,tumor,2.747642491
TCGA-J4-A83I-01A-11R-A36G-07,prad,tumor,2.775711495
TCGA-J4-A83J-01A-11R-A36G-07,prad,tumor,2.655069324
TCGA-J4-A83K-01A-11R-A352-07,prad,tumor,2.921544176
TCGA-J4-A83L-01A-11R-A352-07,prad,tumor,2.706847356
TCGA-J4-A83M-01A-11R-A352-07,prad,tumor,2.656841947
TCGA-J4-A83N-01A-11R-A352-07,prad,tumor,2.745755449
TCGA-J4-AATV-01A-11R-A41O-07,prad,tumor,3.143927667
TCGA-J4-AATZ-01A-11R-A41O-07,prad,tumor,2.747678171
TCGA-J4-AAU2-01A-11R-A41O-07,prad,tumor,2.850073396
TCGA-J9-A52B-01A-11R-A26U-07,prad,tumor,2.768427906
TCGA-J9-A52C-01A-11R-A26U-07,prad,tumor,2.363903574
TCGA-J9-A52D-01A-11R-A29R-07,prad,tumor,2.764696099
TCGA-J9-A52E-01A-11R-A26U-07,prad,tumor,2.493292714
TCGA-J9-A8CK-01A-11R-A352-07,prad,tumor,2.656953233
TCGA-J9-A8CL-01A-11R-A352-07,prad,tumor,2.626184972
TCGA-J9-A8CM-01A-11R-A352-07,prad,tumor,2.706805716
TCGA-J9-A8CN-01A-11R-A352-07,prad,tumor,3.002207373
TCGA-J9-A8CP-01A-11R-A352-07,prad,tumor,2.150044808
TCGA-KC-A4BL-01A-31R-A250-07,prad,tumor,2.874611305
TCGA-KC-A4BN-01A-61R-A250-07,prad,tumor,2.849523861
TCGA-KC-A4BR-01A-32R-A32Y-07,prad,tumor,2.9270077
TCGA-KC-A4BV-01A-31R-A26U-07,prad,tumor,2.795157416
TCGA-KC-A7F3-01A-21R-A33R-07,prad,tumor,2.818271326
TCGA-KC-A7F5-01A-11R-A33R-07,prad,tumor,3.09775906
TCGA-KC-A7F6-01A-11R-A33R-07,prad,tumor,2.8490442
TCGA-KC-A7FA-01A-21R-A33R-07,prad,tumor,2.73258041
TCGA-KC-A7FD-01A-11R-A33R-07,prad,tumor,3.049656176
TCGA-KC-A7FE-01A-12R-A33R-07,prad,tumor,2.636832799
TCGA-KK-A59V-01A-11R-A29R-07,prad,tumor,2.556718769
TCGA-KK-A59X-01A-11R-A29R-07,prad,tumor,2.525534516
TCGA-KK-A59Y-01A-11R-A26U-07,prad,tumor,2.857116638
TCGA-KK-A59Z-01A-12R-A26U-07,prad,tumor,2.461326384
TCGA-KK-A5A1-01A-11R-A29R-07,prad,tumor,2.62534593
TCGA-KK-A6DY-01A-12R-A311-07,prad,tumor,2.773150615
TCGA-KK-A6E0-01A-11R-A311-07,prad,tumor,2.588376798
TCGA-KK-A6E1-01A-11R-A311-07,prad,tumor,2.834341565
TCGA-KK-A6E2-01A-11R-A311-07,prad,tumor,2.570626134
TCGA-KK-A6E3-01A-21R-A30B-07,prad,tumor,2.828281352
TCGA-KK-A6E4-01A-11R-A30B-07,prad,tumor,2.971305345
TCGA-KK-A6E5-01A-11R-A311-07,prad,tumor,2.489722512
TCGA-KK-A6E6-01A-11R-A311-07,prad,tumor,2.79489958
TCGA-KK-A6E7-01A-11R-A31N-07,prad,tumor,2.604657234
TCGA-KK-A6E8-01A-11R-A31N-07,prad,tumor,2.854330391
TCGA-KK-A7AP-01A-12R-A33R-07,prad,tumor,2.616420354
TCGA-KK-A7AQ-01A-11R-A33R-07,prad,tumor,2.939987738
TCGA-KK-A7AU-01A-11R-A32O-07,prad,tumor,2.669503533
TCGA-KK-A7AV-01A-11R-A32O-07,prad,tumor,3.078910988
TCGA-KK-A7AW-01A-11R-A32O-07,prad,tumor,2.998631069
TCGA-KK-A7AY-01A-11R-A33R-07,prad,tumor,2.746746661
TCGA-KK-A7AZ-01A-12R-A32O-07,prad,tumor,2.784983494
TCGA-KK-A7B0-01A-11R-A32O-07,prad,tumor,2.766178719
TCGA-KK-A7B1-01A-11R-A32O-07,prad,tumor,2.642272159
TCGA-KK-A7B2-01A-12R-A32O-07,prad,tumor,2.631300616
TCGA-KK-A7B3-01A-11R-A33R-07,prad,tumor,2.334566778
TCGA-KK-A7B4-01A-11R-A32O-07,prad,tumor,3.027089473
TCGA-KK-A8I4-01A-11R-A36G-07,prad,tumor,2.8546885
TCGA-KK-A8I5-01A-11R-A36G-07,prad,tumor,2.489132249
TCGA-KK-A8I6-01A-11R-A36G-07,prad,tumor,2.545685697
TCGA-KK-A8I7-01A-21R-A36G-07,prad,tumor,2.773922162
TCGA-KK-A8I8-01A-11R-A36G-07,prad,tumor,2.744335399
TCGA-KK-A8I9-01A-11R-A36G-07,prad,tumor,2.958144466
TCGA-KK-A8IA-01A-11R-A36G-07,prad,tumor,2.435420292
TCGA-KK-A8IB-01A-11R-A36G-07,prad,tumor,3.035076852
TCGA-KK-A8IC-01A-11R-A36G-07,prad,tumor,2.823134874
TCGA-KK-A8ID-01A-11R-A36G-07,prad,tumor,2.909093012
TCGA-KK-A8IF-01A-11R-A36G-07,prad,tumor,2.691404656
TCGA-KK-A8IG-01A-11R-A36G-07,prad,tumor,2.710964242
TCGA-KK-A8IH-01A-11R-A36G-07,prad,tumor,2.549671806
TCGA-KK-A8II-01A-11R-A36G-07,prad,tumor,2.506682482
TCGA-KK-A8IJ-01A-11R-A352-07,prad,tumor,2.692845833
TCGA-KK-A8IK-01A-11R-A36G-07,prad,tumor,2.6402036
TCGA-KK-A8IL-01A-11R-A36G-07,prad,tumor,2.958113386
TCGA-KK-A8IM-01A-11R-A36G-07,prad,tumor,2.88201184
TCGA-M7-A71Y-01A-22R-A32O-07,prad,tumor,2.748632496
TCGA-M7-A71Z-01A-12R-A32O-07,prad,tumor,2.579320715
TCGA-M7-A720-01A-12R-A32O-07,prad,tumor,2.86287327
TCGA-M7-A721-01A-12R-A32O-07,prad,tumor,2.694173047
TCGA-M7-A722-01A-12R-A36G-07,prad,tumor,2.907083638
TCGA-M7-A723-01A-12R-A32O-07,prad,tumor,2.646330228
TCGA-M7-A724-01A-12R-A32O-07,prad,tumor,2.75246966
TCGA-M7-A725-01A-12R-A32O-07,prad,tumor,2.492474692
TCGA-MG-AAMC-01A-11R-A41O-07,prad,tumor,2.520588488
TCGA-QU-A6IL-01A-11R-A31N-07,prad,tumor,2.451498257
TCGA-QU-A6IM-01A-11R-A31N-07,prad,tumor,2.706166466
TCGA-QU-A6IN-01A-11R-A31N-07,prad,tumor,2.713220852
TCGA-QU-A6IO-01A-11R-A31N-07,prad,tumor,2.766586571
TCGA-QU-A6IP-01A-11R-A31N-07,prad,tumor,2.785833606
TCGA-SU-A7E7-01A-22R-A33R-07,prad,tumor,3.082608159
TCGA-TK-A8OK-01A-22R-A36G-07,prad,tumor,2.302934192
TCGA-TP-A8TT-01A-12R-A41O-07,prad,tumor,2.582279225
TCGA-TP-A8TV-01A-11R-A41O-07,prad,tumor,2.684658796
TCGA-V1-A8MF-01A-11R-A36G-07,prad,tumor,2.73255896
TCGA-V1-A8MG-01A-11R-A36G-07,prad,tumor,2.798461841
TCGA-V1-A8MJ-01A-11R-A36G-07,prad,tumor,2.486608824
TCGA-V1-A8MK-01A-11R-A36G-07,prad,tumor,2.72645521
TCGA-V1-A8ML-01A-11R-A37L-07,prad,tumor,2.612060721
TCGA-V1-A8MM-01A-11R-A37L-07,prad,tumor,2.874446328
TCGA-V1-A8MU-01A-11R-A37L-07,prad,tumor,2.792966639
TCGA-V1-A8WL-01A-11R-A37L-07,prad,tumor,2.688301629
TCGA-V1-A8WN-01A-11R-A37L-07,prad,tumor,2.565557956
TCGA-V1-A8WS-01A-11R-A37L-07,prad,tumor,2.932312113
TCGA-V1-A8WV-01A-11R-A37L-07,prad,tumor,2.982639979
TCGA-V1-A8WW-01A-11R-A37L-07,prad,tumor,2.52751653
TCGA-V1-A8X3-01A-11R-A37L-07,prad,tumor,2.746448897
TCGA-V1-A9O5-06A-11R-A41O-07,prad,tumor,2.805140205
TCGA-V1-A9O5-01A-11R-A41O-07,prad,tumor,2.630430938
TCGA-V1-A9O7-01A-21R-A41O-07,prad,tumor,2.70914932
TCGA-V1-A9O9-01A-11R-A41O-07,prad,tumor,2.713363205
TCGA-V1-A9OA-01A-11R-A41O-07,prad,tumor,2.515137716
TCGA-V1-A9OF-01A-11R-A41O-07,prad,tumor,2.706714854
TCGA-V1-A9OH-01A-11R-A41O-07,prad,tumor,2.651853967
TCGA-V1-A9OL-01A-11R-A41O-07,prad,tumor,2.655151441
TCGA-V1-A9OQ-01A-11R-A41O-07,prad,tumor,2.869754008
TCGA-V1-A9OT-01A-11R-A41O-07,prad,tumor,3.013325693
TCGA-V1-A9OX-01A-11R-A41O-07,prad,tumor,2.695832972
TCGA-V1-A9OY-01A-11R-A41O-07,prad,tumor,2.695074998
TCGA-V1-A9Z7-01A-11R-A41O-07,prad,tumor,2.373583763
TCGA-V1-A9Z8-01A-11R-A41O-07,prad,tumor,2.911998901
TCGA-V1-A9Z9-01A-21R-A41O-07,prad,tumor,2.649759654
TCGA-V1-A9ZG-01A-11R-A41O-07,prad,tumor,2.716277116
TCGA-V1-A9ZI-01A-11R-A41O-07,prad,tumor,2.280521662
TCGA-V1-A9ZK-01A-11R-A41O-07,prad,tumor,2.584847429
TCGA-V1-A9ZR-01A-11R-A41O-07,prad,tumor,2.506134135
TCGA-VN-A88I-01A-11R-A352-07,prad,tumor,2.728480597
TCGA-VN-A88K-01A-11R-A352-07,prad,tumor,2.853020033
TCGA-VN-A88L-01A-11R-A352-07,prad,tumor,2.840874476
TCGA-VN-A88M-01A-11R-A352-07,prad,tumor,2.806329806
TCGA-VN-A88N-01A-11R-A36G-07,prad,tumor,2.856494587
TCGA-VN-A88O-01A-11R-A352-07,prad,tumor,2.799056024
TCGA-VN-A88P-01A-11R-A352-07,prad,tumor,2.734872448
TCGA-VN-A88Q-01A-11R-A352-07,prad,tumor,2.430281983
TCGA-VN-A88R-01A-11R-A36G-07,prad,tumor,2.470769994
TCGA-VN-A943-01A-11R-A41O-07,prad,tumor,2.818913221
TCGA-VP-A872-01A-11R-A352-07,prad,tumor,3.133568425
TCGA-VP-A875-01A-31R-A352-07,prad,tumor,2.909394484
TCGA-VP-A876-01A-11R-A352-07,prad,tumor,2.666725588
TCGA-VP-A878-01A-31R-A352-07,prad,tumor,2.82178683
TCGA-VP-A879-01A-11R-A352-07,prad,tumor,2.913881805
TCGA-VP-A87B-01A-11R-A352-07,prad,tumor,2.65831876
TCGA-VP-A87C-01A-11R-A352-07,prad,tumor,2.555407194
TCGA-VP-A87D-01A-11R-A352-07,prad,tumor,2.630275823
TCGA-VP-A87E-01A-31R-A352-07,prad,tumor,2.819688933
TCGA-VP-A87H-01A-11R-A352-07,prad,tumor,3.028121843
TCGA-VP-A87J-01A-11R-A352-07,prad,tumor,2.895276024
TCGA-VP-A87K-01A-11R-A352-07,prad,tumor,2.816299409
TCGA-VP-AA1N-01A-31R-A41O-07,prad,tumor,2.594052109
TCGA-WW-A8ZI-01A-11R-A37L-07,prad,tumor,2.738931857
TCGA-X4-A8KQ-01A-12R-A36G-07,prad,tumor,2.887378491
TCGA-X4-A8KS-01A-12R-A36G-07,prad,tumor,2.861375596
TCGA-XA-A8JR-01A-11R-A36G-07,prad,tumor,2.745678756
TCGA-XJ-A83F-01A-11R-A352-07,prad,tumor,2.216521607
TCGA-XJ-A83G-01A-11R-A352-07,prad,tumor,2.632870695
TCGA-XJ-A83H-01A-11R-A352-07,prad,tumor,2.911576077
TCGA-XJ-A9DI-01A-11R-A37L-07,prad,tumor,2.476171695
TCGA-XJ-A9DK-01A-11R-A37L-07,prad,tumor,2.642393786
TCGA-XJ-A9DQ-01A-11R-A37L-07,prad,tumor,2.662497308
TCGA-XJ-A9DX-01A-11R-A37L-07,prad,tumor,2.562170759
TCGA-XK-AAIR-01A-11R-A41O-07,prad,tumor,2.817727467
TCGA-XK-AAIV-01A-11R-A41O-07,prad,tumor,2.672067485
TCGA-XK-AAIW-01A-11R-A41O-07,prad,tumor,2.542321605
TCGA-XK-AAJ3-01A-11R-A41O-07,prad,tumor,2.604171253
TCGA-XK-AAJA-01A-11R-A41O-07,prad,tumor,2.967720439
TCGA-XK-AAJP-01A-11R-A41O-07,prad,tumor,2.837670477
TCGA-XK-AAJR-01A-11R-A41O-07,prad,tumor,2.67400849
TCGA-XK-AAJT-01A-11R-A41O-07,prad,tumor,2.611368202
TCGA-XK-AAJU-01A-11R-A41O-07,prad,tumor,2.88452913
TCGA-XK-AAK1-01A-11R-A41O-07,prad,tumor,2.844297053
TCGA-XQ-A8TA-01A-11R-A36G-07,prad,tumor,2.26316779
TCGA-XQ-A8TB-01A-11R-A36G-07,prad,tumor,2.113334127
TCGA-Y6-A8TL-01A-21R-A37L-07,prad,tumor,2.679748388
TCGA-Y6-A9XI-01A-11R-A41O-07,prad,tumor,2.871151216
TCGA-YJ-A8SW-01A-11R-A37L-07,prad,tumor,2.796558734
TCGA-YL-A8HJ-01A-11R-A36G-07,prad,tumor,2.409556044
TCGA-YL-A8HK-01A-11R-A36G-07,prad,tumor,2.461917349
TCGA-YL-A8HL-01A-11R-A36G-07,prad,tumor,2.500748629
TCGA-YL-A8HM-01A-11R-A36G-07,prad,tumor,2.822812053
TCGA-YL-A8HO-01A-11R-A36G-07,prad,tumor,2.358505577
TCGA-YL-A8S8-01A-11R-A37L-07,prad,tumor,2.739915635
TCGA-YL-A8S9-01A-11R-A37L-07,prad,tumor,2.848451573
TCGA-YL-A8SA-01A-21R-A37L-07,prad,tumor,2.884847417
TCGA-YL-A8SB-01A-31R-A37L-07,prad,tumor,2.781336817
TCGA-YL-A8SC-01A-11R-A37L-07,prad,tumor,2.721509084
TCGA-YL-A8SF-01A-11R-A37L-07,prad,tumor,2.477536464
TCGA-YL-A8SH-01B-11R-A37L-07,prad,tumor,2.73179096
TCGA-YL-A8SI-01A-11R-A41O-07,prad,tumor,3.101233226
TCGA-YL-A8SJ-01B-11R-A37L-07,prad,tumor,2.397069698
TCGA-YL-A8SK-01B-21R-A37L-07,prad,tumor,2.827081083
TCGA-YL-A8SL-01B-21R-A37L-07,prad,tumor,2.642005375
TCGA-YL-A8SO-01B-31R-A37L-07,prad,tumor,2.446628236
TCGA-YL-A8SP-01B-11R-A37L-07,prad,tumor,2.514778991
TCGA-YL-A8SQ-01B-11R-A37L-07,prad,tumor,2.856592815
TCGA-YL-A8SR-01B-11R-A37L-07,prad,tumor,2.624662387
TCGA-YL-A9WH-01A-11R-A37L-07,prad,tumor,2.654372742
TCGA-YL-A9WI-01A-11R-A37L-07,prad,tumor,2.813456021
TCGA-YL-A9WJ-01A-11R-A37L-07,prad,tumor,2.582772478
TCGA-YL-A9WK-01A-11R-A37L-07,prad,tumor,2.75652393
TCGA-YL-A9WL-01A-11R-A41O-07,prad,tumor,2.898066526
TCGA-YL-A9WX-01A-21R-A41O-07,prad,tumor,2.90788944
TCGA-YL-A9WY-01A-11R-A41O-07,prad,tumor,2.237019403
TCGA-ZG-A8QW-01A-11R-A37L-07,prad,tumor,2.882152645
TCGA-ZG-A8QX-01A-11R-A37L-07,prad,tumor,2.64319736
TCGA-ZG-A8QY-01A-11R-A37L-07,prad,tumor,2.697284872
TCGA-ZG-A8QZ-01A-11R-A37L-07,prad,tumor,2.667159455
TCGA-ZG-A9KY-01A-11R-A41O-07,prad,tumor,2.54673339
TCGA-ZG-A9L0-01A-11R-A41O-07,prad,tumor,2.938105252
TCGA-ZG-A9L1-01A-11R-A41O-07,prad,tumor,2.486988812
TCGA-ZG-A9L2-01A-31R-A41O-07,prad,tumor,2.636226376
TCGA-ZG-A9L4-01A-11R-A41O-07,prad,tumor,2.237474961
TCGA-ZG-A9L5-01A-12R-A41O-07,prad,tumor,2.689021515
TCGA-ZG-A9L6-01A-11R-A41O-07,prad,tumor,2.601428481
TCGA-ZG-A9L9-01A-11R-A41O-07,prad,tumor,2.394949125
TCGA-ZG-A9LB-01A-11R-A41O-07,prad,tumor,3.045506918
TCGA-ZG-A9LM-01A-11R-A41O-07,prad,tumor,2.5572134
TCGA-ZG-A9LN-01A-11R-A41O-07,prad,tumor,2.941715325
TCGA-ZG-A9LS-01A-12R-A41O-07,prad,tumor,3.049632219
TCGA-ZG-A9LU-01A-11R-A41O-07,prad,tumor,2.800579903
TCGA-ZG-A9LY-01A-11R-A41O-07,prad,tumor,2.571947448
TCGA-ZG-A9LZ-01A-11R-A41O-07,prad,tumor,2.898735275
TCGA-ZG-A9M4-01A-11R-A41O-07,prad,tumor,2.927318344
TCGA-ZG-A9MC-01A-31R-A41O-07,prad,tumor,2.701038169
TCGA-ZG-A9N3-01A-11R-A41O-07,prad,tumor,2.330417674
TCGA-ZG-A9ND-01A-11R-A41O-07,prad,tumor,2.975933731
TCGA-ZG-A9NI-01A-11R-A41O-07,prad,tumor,2.486333787
TCGA-AF-2687-01A-02R-1736-07,read,tumor,1.781034792
TCGA-AF-2690-01A-02R-1736-07,read,tumor,2.02523159
TCGA-AF-2693-01A-02R-1736-07,read,tumor,2.980808771
TCGA-AF-3911-01A-01R-1736-07,read,tumor,2.377979729
TCGA-AF-4110-01A-02R-1736-07,read,tumor,2.323266207
TCGA-AF-5654-01A-01R-1660-07,read,tumor,2.901288634
TCGA-AF-6136-01A-11R-1830-07,read,tumor,2.89687835
TCGA-AF-6655-01A-11R-1830-07,read,tumor,2.879308395
TCGA-AF-6672-01A-11R-1830-07,read,tumor,3.202861955
TCGA-AF-A56K-01A-32R-A39D-07,read,tumor,2.427065686
TCGA-AF-A56L-01A-31R-A39D-07,read,tumor,2.338303278
TCGA-AF-A56N-01A-12R-A39D-07,read,tumor,2.668191081
TCGA-AG-3591-01A-01R-1736-07,read,tumor,2.562350792
TCGA-AG-3592-01A-02R-1736-07,read,tumor,2.742410612
TCGA-AG-3725-01A-11R-1736-07,read,tumor,2.48258679
TCGA-AG-3731-01A-11R-1736-07,read,tumor,2.251498342
TCGA-AG-3732-01A-11R-1660-07,read,tumor,2.99557248
TCGA-AG-3742-01A-11R-1660-07,read,tumor,2.266598728
TCGA-AG-3902-01A-01R-A32Z-07,read,tumor,2.788717559
TCGA-AG-4021-01A-01R-1736-07,read,tumor,1.828738192
TCGA-AG-4022-01A-01R-1736-07,read,tumor,2.394205407
TCGA-AH-6544-01A-11R-1830-07,read,tumor,2.551921102
TCGA-AH-6547-01A-11R-1830-07,read,tumor,2.564686883
TCGA-AH-6549-01A-11R-1830-07,read,tumor,2.731847527
TCGA-AH-6643-01A-11R-1830-07,read,tumor,2.626505642
TCGA-AH-6644-01A-21R-1830-07,read,tumor,2.485135088
TCGA-AH-6897-01A-11R-1928-07,read,tumor,2.520545802
TCGA-AH-6903-01A-11R-1928-07,read,tumor,2.533826959
TCGA-BM-6198-01A-11R-1736-07,read,tumor,2.034966961
TCGA-CI-6619-01B-11R-1830-07,read,tumor,2.805368257
TCGA-CI-6620-01A-11R-1830-07,read,tumor,2.856660444
TCGA-CI-6621-01A-11R-1830-07,read,tumor,2.174129053
TCGA-CI-6622-01A-11R-1830-07,read,tumor,3.028288075
TCGA-CI-6623-01B-11R-1830-07,read,tumor,2.639061261
TCGA-CI-6624-01C-11R-1830-07,read,tumor,2.681224341
TCGA-CL-4957-01A-01R-1736-07,read,tumor,2.487192651
TCGA-CL-5917-01A-11R-1660-07,read,tumor,2.559382064
TCGA-CL-5918-01A-11R-1660-07,read,tumor,2.850330558
TCGA-DC-4745-01A-01R-A32Z-07,read,tumor,2.314983327
TCGA-DC-4749-01A-01R-1736-07,read,tumor,2.472196355
TCGA-DC-5337-01A-01R-1660-07,read,tumor,2.165943719
TCGA-DC-5869-01A-01R-1660-07,read,tumor,2.617365194
TCGA-DC-6154-01A-31R-1928-07,read,tumor,2.509997504
TCGA-DC-6155-01A-11R-1660-07,read,tumor,2.727929955
TCGA-DC-6156-01A-11R-1660-07,read,tumor,1.78701509
TCGA-DC-6157-01A-11R-1660-07,read,tumor,2.398174589
TCGA-DC-6158-01A-11R-1660-07,read,tumor,2.018961728
TCGA-DC-6160-01A-11R-1660-07,read,tumor,2.724764649
TCGA-DC-6681-01A-11R-A32Z-07,read,tumor,2.213801763
TCGA-DC-6682-01A-11R-1830-07,read,tumor,2.426145154
TCGA-DC-6683-01A-11R-1830-07,read,tumor,1.972931735
TCGA-DT-5265-01A-21R-1830-07,read,tumor,1.222319094
TCGA-DY-A0XA-01A-11R-A155-07,read,tumor,2.506531405
TCGA-DY-A1DC-01A-31R-A155-07,read,tumor,2.654185022
TCGA-DY-A1DD-01A-21R-A155-07,read,tumor,1.93196306
TCGA-DY-A1DE-01A-11R-A155-07,read,tumor,1.738461672
TCGA-DY-A1DF-01A-11R-A155-07,read,tumor,2.545306071
TCGA-DY-A1DG-01A-11R-A32Y-07,read,tumor,2.305214654
TCGA-DY-A1H8-01A-21R-A155-07,read,tumor,2.205766753
TCGA-EF-5830-01A-01R-1660-07,read,tumor,2.587588442
TCGA-EF-5831-01A-01R-1660-07,read,tumor,2.301196516
TCGA-EI-6506-01A-11R-1736-07,read,tumor,2.619883026
TCGA-EI-6507-01A-11R-1736-07,read,tumor,2.450015664
TCGA-EI-6508-01A-11R-1736-07,read,tumor,2.74816072
TCGA-EI-6509-01A-11R-1736-07,read,tumor,1.245250685
TCGA-EI-6510-01A-11R-1736-07,read,tumor,2.941299599
TCGA-EI-6511-01A-11R-1736-07,read,tumor,2.206996219
TCGA-EI-6512-01A-11R-1736-07,read,tumor,2.209559944
TCGA-EI-6513-01A-21R-1736-07,read,tumor,2.379949215
TCGA-EI-6514-01A-11R-1736-07,read,tumor,2.092387822
TCGA-EI-6881-01A-11R-A32Z-07,read,tumor,2.874559461
TCGA-EI-6882-01A-11R-1928-07,read,tumor,2.344036281
TCGA-EI-6883-01A-31R-1928-07,read,tumor,2.307002122
TCGA-EI-6884-01A-11R-1928-07,read,tumor,2.72519332
TCGA-EI-6885-01A-11R-1928-07,read,tumor,1.930236787
TCGA-EI-6917-01A-11R-1928-07,read,tumor,1.974225429
TCGA-EI-7002-01A-11R-1928-07,read,tumor,2.570184803
TCGA-EI-7004-01A-11R-1928-07,read,tumor,1.58511609
TCGA-F5-6464-01A-11R-1736-07,read,tumor,2.071658954
TCGA-F5-6465-01A-11R-1736-07,read,tumor,2.591333909
TCGA-F5-6571-01A-12R-1830-07,read,tumor,2.306494374
TCGA-F5-6702-01A-11R-1830-07,read,tumor,1.812320816
TCGA-F5-6810-01A-11R-1830-07,read,tumor,2.217426567
TCGA-F5-6811-01A-11R-1830-07,read,tumor,1.986433972
TCGA-F5-6812-01A-11R-1830-07,read,tumor,2.141785221
TCGA-F5-6813-01A-11R-1830-07,read,tumor,2.218506959
TCGA-F5-6814-01A-31R-1928-07,read,tumor,2.3714726
TCGA-F5-6861-01A-11R-1928-07,read,tumor,2.571676983
TCGA-F5-6863-01A-11R-1928-07,read,tumor,2.172739737
TCGA-F5-6864-01A-11R-1928-07,read,tumor,2.12464426
TCGA-G5-6233-01A-11R-1736-07,read,tumor,2.173390151
TCGA-G5-6235-01A-11R-1736-07,read,tumor,2.926806567
TCGA-G5-6572-01A-11R-1830-07,read,tumor,2.382774048
TCGA-G5-6572-02A-12R-1830-07,read,tumor,2.62882652
TCGA-G5-6641-01A-11R-A32Z-07,read,tumor,3.112656966
TCGA-3B-A9HI-01A-11R-A38C-07,sarc,tumor,1.845953925
TCGA-3B-A9HJ-01A-11R-A38C-07,sarc,tumor,2.492114669
TCGA-3B-A9HL-01A-11R-A38C-07,sarc,tumor,1.70422069
TCGA-3B-A9HO-01A-11R-A38C-07,sarc,tumor,2.079031543
TCGA-3B-A9HP-01A-11R-A38C-07,sarc,tumor,1.947072212
TCGA-3B-A9HQ-01A-11R-A38C-07,sarc,tumor,2.426492779
TCGA-3B-A9HR-01A-11R-A38C-07,sarc,tumor,2.562871861
TCGA-3B-A9HS-01A-11R-A39D-07,sarc,tumor,2.450939726
TCGA-3B-A9HT-01A-11R-A39D-07,sarc,tumor,2.190257516
TCGA-3B-A9HU-01A-11R-A39D-07,sarc,tumor,2.329774638
TCGA-3B-A9HV-01A-11R-A39D-07,sarc,tumor,2.414960532
TCGA-3B-A9HX-01A-11R-A39D-07,sarc,tumor,2.778496248
TCGA-3B-A9HY-01A-11R-A39D-07,sarc,tumor,1.733771657
TCGA-3B-A9HZ-01A-11R-A39D-07,sarc,tumor,2.468010385
TCGA-3B-A9I0-01A-11R-A39D-07,sarc,tumor,2.500599802
TCGA-3B-A9I1-01A-11R-A39D-07,sarc,tumor,1.881295961
TCGA-3B-A9I3-01A-11R-A39D-07,sarc,tumor,2.601128811
TCGA-3R-A8YX-01A-11R-A37L-07,sarc,tumor,2.269902123
TCGA-DX-A1KU-01A-32R-A24X-07,sarc,tumor,2.418507579
TCGA-DX-A1KW-01A-22R-A24X-07,sarc,tumor,2.282974456
TCGA-DX-A1KX-01A-22R-A24X-07,sarc,tumor,2.069975306
TCGA-DX-A1KY-01A-11R-A24X-07,sarc,tumor,2.743037016
TCGA-DX-A1KZ-01A-11R-A24X-07,sarc,tumor,1.753612477
TCGA-DX-A1L0-01A-11R-A24X-07,sarc,tumor,2.013318407
TCGA-DX-A1L1-01A-11R-A24X-07,sarc,tumor,2.093910986
TCGA-DX-A1L2-01A-22R-A24X-07,sarc,tumor,1.827085176
TCGA-DX-A1L3-01A-11R-A24X-07,sarc,tumor,1.895131459
TCGA-DX-A1L4-01A-12R-A26T-07,sarc,tumor,2.170319973
TCGA-DX-A23R-01A-11R-A26T-07,sarc,tumor,2.590121265
TCGA-DX-A23T-01A-11R-A26T-07,sarc,tumor,2.382130712
TCGA-DX-A23U-01A-11R-A26T-07,sarc,tumor,0.913985157
TCGA-DX-A23V-01A-11R-A29R-07,sarc,tumor,1.943695784
TCGA-DX-A23Y-01A-11R-A27Q-07,sarc,tumor,2.33834317
TCGA-DX-A23Z-01A-11R-A27Q-07,sarc,tumor,2.209258952
TCGA-DX-A240-01A-32R-A27Q-07,sarc,tumor,2.017926998
TCGA-DX-A2IZ-01A-11R-A21T-07,sarc,tumor,2.419060185
TCGA-DX-A2J0-01A-11R-A21T-07,sarc,tumor,2.880207394
TCGA-DX-A2J1-01A-11R-A21T-07,sarc,tumor,1.678531073
TCGA-DX-A2J4-01A-32R-A21T-07,sarc,tumor,1.695241579
TCGA-DX-A3LS-01A-11R-A21T-07,sarc,tumor,1.957535875
TCGA-DX-A3LT-01A-12R-A21T-07,sarc,tumor,1.843731473
TCGA-DX-A3LU-01A-11R-A21T-07,sarc,tumor,2.127165914
TCGA-DX-A3LW-01A-21R-A21T-07,sarc,tumor,2.690427501
TCGA-DX-A3LY-01B-11R-A27Q-07,sarc,tumor,1.29082235
TCGA-DX-A3M1-01A-11R-A22K-07,sarc,tumor,1.135609684
TCGA-DX-A3M2-01A-21R-A22K-07,sarc,tumor,1.79215814
TCGA-DX-A3U5-01A-11R-A22K-07,sarc,tumor,1.80398399
TCGA-DX-A3U6-01A-11R-A29R-07,sarc,tumor,2.509539964
TCGA-DX-A3U7-01A-11R-A29R-07,sarc,tumor,2.406271624
TCGA-DX-A3U8-01A-11R-A29R-07,sarc,tumor,1.96966464
TCGA-DX-A3U9-01A-11R-A30C-07,sarc,tumor,2.5749053
TCGA-DX-A3UA-01A-12R-A30C-07,sarc,tumor,1.512386398
TCGA-DX-A3UB-01A-11R-A30C-07,sarc,tumor,2.223907506
TCGA-DX-A3UC-01A-11R-A30C-07,sarc,tumor,2.326662784
TCGA-DX-A3UD-01A-11R-A30C-07,sarc,tumor,2.458865203
TCGA-DX-A3UE-01A-11R-A30C-07,sarc,tumor,2.222710519
TCGA-DX-A3UF-01A-11R-A30C-07,sarc,tumor,2.048506569
TCGA-DX-A48J-01A-21R-A30C-07,sarc,tumor,2.120429708
TCGA-DX-A48K-01A-11R-A30C-07,sarc,tumor,2.2320735
TCGA-DX-A48L-01A-11R-A30C-07,sarc,tumor,2.470513398
TCGA-DX-A48N-01A-11R-A30C-07,sarc,tumor,2.614500116
TCGA-DX-A48O-01A-11R-A30C-07,sarc,tumor,2.515507749
TCGA-DX-A48P-01A-11R-A30C-07,sarc,tumor,2.492179902
TCGA-DX-A48R-01A-11R-A30C-07,sarc,tumor,2.677189653
TCGA-DX-A48U-01A-11R-A30C-07,sarc,tumor,2.203515994
TCGA-DX-A6B7-01A-11R-A30C-07,sarc,tumor,2.640976942
TCGA-DX-A6B8-01A-11R-A30C-07,sarc,tumor,2.079745968
TCGA-DX-A6B9-01A-12R-A32Q-07,sarc,tumor,2.382116098
TCGA-DX-A6BA-01A-11R-A30C-07,sarc,tumor,2.584944853
TCGA-DX-A6BB-01A-12R-A32Q-07,sarc,tumor,2.515681652
TCGA-DX-A6BE-01A-41R-A32Q-07,sarc,tumor,2.070659787
TCGA-DX-A6BF-01A-11R-A30C-07,sarc,tumor,1.686626539
TCGA-DX-A6BG-01A-11R-A30C-07,sarc,tumor,2.122870347
TCGA-DX-A6BH-01A-12R-A30C-07,sarc,tumor,1.951717131
TCGA-DX-A6YQ-01A-12R-A33J-07,sarc,tumor,1.875370405
TCGA-DX-A6YR-01A-33R-A355-07,sarc,tumor,2.324064867
TCGA-DX-A6YS-01A-12R-A355-07,sarc,tumor,2.484987328
TCGA-DX-A6YT-01A-21R-A355-07,sarc,tumor,2.193340698
TCGA-DX-A6YU-01A-12R-A33J-07,sarc,tumor,1.553835423
TCGA-DX-A6YV-01A-12R-A355-07,sarc,tumor,1.967684933
TCGA-DX-A6YX-01A-11R-A41I-07,sarc,tumor,1.632471303
TCGA-DX-A6YZ-01A-12R-A355-07,sarc,tumor,2.246989567
TCGA-DX-A6Z0-01A-13R-A36F-07,sarc,tumor,2.262578386
TCGA-DX-A6Z2-01A-12R-A36F-07,sarc,tumor,2.482265804
TCGA-DX-A7EF-01A-11R-A33J-07,sarc,tumor,1.428395155
TCGA-DX-A7EI-01A-11R-A33J-07,sarc,tumor,3.055834615
TCGA-DX-A7EL-01A-12R-A36F-07,sarc,tumor,2.573612664
TCGA-DX-A7EM-01A-11R-A36F-07,sarc,tumor,2.466016644
TCGA-DX-A7EN-01A-11R-A39D-07,sarc,tumor,2.448728449
TCGA-DX-A7EO-01A-11R-A36F-07,sarc,tumor,2.845507644
TCGA-DX-A7EQ-01A-11R-A466-07,sarc,tumor,1.733167302
TCGA-DX-A7ER-01A-11R-A36F-07,sarc,tumor,2.400238467
TCGA-DX-A7ES-01A-31R-A39D-07,sarc,tumor,2.341942201
TCGA-DX-A7ET-01A-11R-A36F-07,sarc,tumor,2.361786524
TCGA-DX-A7EU-01A-22R-A36F-07,sarc,tumor,1.914984942
TCGA-DX-A8BG-01A-12R-A41I-07,sarc,tumor,2.218264485
TCGA-DX-A8BH-01A-11R-A37L-07,sarc,tumor,2.283167441
TCGA-DX-A8BJ-01A-11R-A41I-07,sarc,tumor,1.202832027
TCGA-DX-A8BK-01A-11R-A37L-07,sarc,tumor,1.604868501
TCGA-DX-A8BL-01A-11R-A41I-07,sarc,tumor,2.723257151
TCGA-DX-A8BM-01A-11R-A41I-07,sarc,tumor,2.1210192
TCGA-DX-A8BN-01A-11R-A37L-07,sarc,tumor,1.786196668
TCGA-DX-A8BO-01A-11R-A41I-07,sarc,tumor,1.982716708
TCGA-DX-A8BP-01A-11R-A37L-07,sarc,tumor,1.761930414
TCGA-DX-A8BQ-01A-11R-A37L-07,sarc,tumor,1.934652292
TCGA-DX-A8BR-01A-11R-A41I-07,sarc,tumor,1.809137052
TCGA-DX-A8BS-01A-11R-A37L-07,sarc,tumor,1.354826413
TCGA-DX-A8BT-01A-11R-A37L-07,sarc,tumor,1.459537963
TCGA-DX-A8BU-01A-11R-A37L-07,sarc,tumor,2.809332702
TCGA-DX-A8BV-01A-11R-A37L-07,sarc,tumor,2.094426939
TCGA-DX-A8BX-01A-11R-A37L-07,sarc,tumor,1.848424339
TCGA-DX-A8BZ-01A-11R-A37L-07,sarc,tumor,0.671427975
TCGA-DX-AATS-01A-12R-A41I-07,sarc,tumor,1.813061393
TCGA-DX-AB2E-01A-11R-A39D-07,sarc,tumor,1.999325151
TCGA-DX-AB2F-01A-11R-A38C-07,sarc,tumor,1.951319124
TCGA-DX-AB2G-01A-11R-A39D-07,sarc,tumor,1.817238742
TCGA-DX-AB2H-01A-11R-A39D-07,sarc,tumor,2.164861316
TCGA-DX-AB2J-01A-11R-A38C-07,sarc,tumor,2.343181412
TCGA-DX-AB2L-01A-32R-A41I-07,sarc,tumor,1.353083034
TCGA-DX-AB2O-01A-12R-A39D-07,sarc,tumor,2.478346343
TCGA-DX-AB2P-01A-11R-A38C-07,sarc,tumor,0.900147221
TCGA-DX-AB2Q-01A-11R-A39D-07,sarc,tumor,1.566030937
TCGA-DX-AB2S-01A-11R-A39D-07,sarc,tumor,2.271647141
TCGA-DX-AB2T-01A-11R-A38C-07,sarc,tumor,2.179603904
TCGA-DX-AB2V-01A-11R-A41I-07,sarc,tumor,2.442360078
TCGA-DX-AB2W-01A-11R-A39D-07,sarc,tumor,1.577721774
TCGA-DX-AB2X-01A-11R-A38C-07,sarc,tumor,1.507031696
TCGA-DX-AB2Z-01A-11R-A38C-07,sarc,tumor,2.138977946
TCGA-DX-AB30-01A-11R-A39D-07,sarc,tumor,2.019728829
TCGA-DX-AB32-01A-11R-A41I-07,sarc,tumor,2.103681903
TCGA-DX-AB35-01A-21R-A41I-07,sarc,tumor,2.038527156
TCGA-DX-AB36-01A-11R-A41I-07,sarc,tumor,2.204997824
TCGA-DX-AB37-01A-11R-A41I-07,sarc,tumor,2.10591969
TCGA-DX-AB3A-01A-11R-A41I-07,sarc,tumor,2.522779948
TCGA-DX-AB3B-01A-11R-A41I-07,sarc,tumor,2.805035074
TCGA-DX-AB3C-01A-11R-A41I-07,sarc,tumor,2.956340056
TCGA-FX-A2QS-01A-11R-A21T-07,sarc,tumor,1.989116606
TCGA-FX-A3NJ-01A-11R-A21T-07,sarc,tumor,2.364195334
TCGA-FX-A3NK-01A-11R-A21T-07,sarc,tumor,2.54123454
TCGA-FX-A3RE-01A-11R-A22K-07,sarc,tumor,2.213761505
TCGA-FX-A3TO-01A-11R-A22K-07,sarc,tumor,2.052693712
TCGA-FX-A48G-01A-11R-A24X-07,sarc,tumor,3.000410971
TCGA-FX-A76Y-01A-11R-A355-07,sarc,tumor,2.459389728
TCGA-FX-A8OO-01A-11R-A36F-07,sarc,tumor,2.543995712
TCGA-HB-A2OT-01A-11R-A21T-07,sarc,tumor,0.616036828
TCGA-HB-A3L4-01A-11R-A21T-07,sarc,tumor,1.520184369
TCGA-HB-A3YV-01A-11R-A24X-07,sarc,tumor,2.769535381
TCGA-HB-A43Z-01A-11R-A24X-07,sarc,tumor,2.159472031
TCGA-HB-A5W3-01A-11R-A29R-07,sarc,tumor,2.442035897
TCGA-HS-A5N7-01A-21R-A26T-07,sarc,tumor,1.995337873
TCGA-HS-A5N8-01A-11R-A26T-07,sarc,tumor,2.810818344
TCGA-HS-A5N9-01A-11R-A26T-07,sarc,tumor,1.499406394
TCGA-HS-A5NA-01A-11R-A26T-07,sarc,tumor,2.517102245
TCGA-IE-A3OV-01A-11R-A22K-07,sarc,tumor,2.18830082
TCGA-IE-A4EH-01A-11R-A24X-07,sarc,tumor,2.411093175
TCGA-IE-A4EI-01A-11R-A24X-07,sarc,tumor,1.80737303
TCGA-IE-A4EJ-01A-11R-A24X-07,sarc,tumor,2.198463722
TCGA-IE-A4EK-01A-11R-A24X-07,sarc,tumor,2.582360225
TCGA-IE-A6BZ-01A-11R-A30C-07,sarc,tumor,2.321368407
TCGA-IF-A3RQ-01A-11R-A22K-07,sarc,tumor,1.600776615
TCGA-IF-A4AJ-01A-11R-A24X-07,sarc,tumor,2.027396881
TCGA-IF-A4AK-01A-21R-A24X-07,sarc,tumor,1.778205627
TCGA-IS-A3K6-01A-11R-A21T-07,sarc,tumor,2.908731396
TCGA-IS-A3K7-01A-11R-A21T-07,sarc,tumor,2.166829091
TCGA-IS-A3K8-01A-11R-A21T-07,sarc,tumor,2.065636996
TCGA-IS-A3KA-01A-11R-A21T-07,sarc,tumor,1.944735715
TCGA-IW-A3M4-01A-11R-A21T-07,sarc,tumor,2.574881648
TCGA-IW-A3M5-01A-22R-A21T-07,sarc,tumor,0.62659867
TCGA-IW-A3M6-01A-11R-A21T-07,sarc,tumor,1.999083737
TCGA-JV-A5VE-01A-11R-A29R-07,sarc,tumor,2.230721881
TCGA-JV-A5VF-01A-11R-A29R-07,sarc,tumor,1.185532241
TCGA-JV-A75J-01A-11R-A32Q-07,sarc,tumor,2.382290849
TCGA-K1-A3PN-01A-11R-A22K-07,sarc,tumor,2.406445212
TCGA-K1-A3PN-02A-11R-A22K-07,sarc,tumor,2.275396275
TCGA-K1-A3PO-01A-11R-A21T-07,sarc,tumor,2.769736018
TCGA-K1-A42W-01A-11R-A24X-07,sarc,tumor,2.315421633
TCGA-K1-A42X-01A-11R-A24X-07,sarc,tumor,2.418944591
TCGA-K1-A42X-02A-11R-A24X-07,sarc,tumor,2.602338848
TCGA-K1-A6RT-01A-32R-A33J-07,sarc,tumor,2.585523969
TCGA-K1-A6RU-01A-11R-A32Q-07,sarc,tumor,1.657922565
TCGA-K1-A6RV-01A-11R-A32Q-07,sarc,tumor,1.194408757
TCGA-KD-A5QS-01A-11R-A27Q-07,sarc,tumor,1.735792
TCGA-KD-A5QT-01A-11R-A27Q-07,sarc,tumor,2.581192758
TCGA-KD-A5QU-01A-11R-A27Q-07,sarc,tumor,2.191162688
TCGA-KF-A41W-01A-11R-A24X-07,sarc,tumor,2.312304656
TCGA-LI-A67I-01A-31R-A30C-07,sarc,tumor,1.632357204
TCGA-LI-A9QH-01A-11R-A37L-07,sarc,tumor,2.352803263
TCGA-MB-A5Y8-01A-11R-A29R-07,sarc,tumor,0.705405734
TCGA-MB-A5Y9-01A-11R-A29R-07,sarc,tumor,1.941356424
TCGA-MB-A5YA-01A-11R-A29R-07,sarc,tumor,2.553443607
TCGA-MB-A8JK-01A-11R-A36F-07,sarc,tumor,2.319878018
TCGA-MB-A8JL-01A-11R-A36F-07,sarc,tumor,1.812234787
TCGA-MJ-A68H-01A-11R-A30C-07,sarc,tumor,2.570627069
TCGA-MJ-A68J-01A-11R-A30C-07,sarc,tumor,2.336452393
TCGA-MJ-A850-01A-11R-A355-07,sarc,tumor,2.460604383
TCGA-MO-A47P-01A-11R-A24X-07,sarc,tumor,2.963661055
TCGA-MO-A47R-01A-11R-A24X-07,sarc,tumor,1.971432047
TCGA-N1-A6IA-01A-12R-A32Q-07,sarc,tumor,1.298166059
TCGA-PC-A5DK-01A-11R-A27Q-07,sarc,tumor,2.744026768
TCGA-PC-A5DL-01A-11R-A26T-07,sarc,tumor,2.328654441
TCGA-PC-A5DM-01A-11R-A27Q-07,sarc,tumor,1.707449661
TCGA-PC-A5DN-01A-12R-A27Q-07,sarc,tumor,2.410136
TCGA-PC-A5DO-01A-11R-A26T-07,sarc,tumor,2.314553967
TCGA-PC-A5DP-01A-11R-A26T-07,sarc,tumor,2.652267067
TCGA-PT-A8TR-01A-11R-A37L-07,sarc,tumor,2.192339518
TCGA-QC-A6FX-01A-11R-A32Q-07,sarc,tumor,1.740333364
TCGA-QC-A7B5-01A-11R-A33J-07,sarc,tumor,1.140491921
TCGA-QC-AA9N-01A-11R-A39D-07,sarc,tumor,1.968356307
TCGA-QQ-A5V2-01A-11R-A32Q-07,sarc,tumor,1.77809067
TCGA-QQ-A5V9-01A-11R-A32Q-07,sarc,tumor,1.434385118
TCGA-QQ-A5VA-01A-12R-A32Q-07,sarc,tumor,2.640631447
TCGA-QQ-A5VB-01A-11R-A36F-07,sarc,tumor,1.865915394
TCGA-QQ-A5VC-01A-31R-A32Q-07,sarc,tumor,2.348495702
TCGA-QQ-A5VD-01A-21R-A32Q-07,sarc,tumor,1.211535998
TCGA-QQ-A8VB-01A-11R-A37L-07,sarc,tumor,2.468048169
TCGA-QQ-A8VD-01A-42R-A39D-07,sarc,tumor,2.212359696
TCGA-QQ-A8VF-01A-11R-A37L-07,sarc,tumor,2.436575964
TCGA-QQ-A8VG-01A-11R-A37L-07,sarc,tumor,1.950326292
TCGA-QQ-A8VH-01A-11R-A37L-07,sarc,tumor,2.240444455
TCGA-RN-A68Q-01A-11R-A30C-07,sarc,tumor,2.21784762
TCGA-RN-AAAQ-01A-21R-A39D-07,sarc,tumor,1.720318755
TCGA-SG-A6Z4-01A-22R-A33J-07,sarc,tumor,1.934269894
TCGA-SG-A6Z7-01A-12R-A32Q-07,sarc,tumor,1.705390582
TCGA-SG-A849-01A-11R-A355-07,sarc,tumor,2.298437985
TCGA-SI-A71O-06A-11R-A38C-07,sarc,tumor,2.380373011
TCGA-SI-A71O-01A-12R-A33J-07,sarc,tumor,2.014524772
TCGA-SI-A71P-01A-12R-A33J-07,sarc,tumor,2.134875625
TCGA-SI-A71Q-01A-12R-A33J-07,sarc,tumor,2.50943927
TCGA-SI-AA8B-01A-11R-A38C-07,sarc,tumor,0.747295283
TCGA-SI-AA8C-01A-11R-A38C-07,sarc,tumor,1.928627659
TCGA-UE-A6QT-01A-12R-A32Q-07,sarc,tumor,2.595631565
TCGA-UE-A6QU-01A-12R-A32Q-07,sarc,tumor,2.008342858
TCGA-VT-A80G-01A-11R-A36F-07,sarc,tumor,2.171597382
TCGA-VT-A80J-01A-11R-A36F-07,sarc,tumor,1.901324866
TCGA-VT-A80J-02A-11R-A41I-07,sarc,tumor,2.249994634
TCGA-VT-AB3D-01A-12R-A41I-07,sarc,tumor,1.939024888
TCGA-WK-A8XO-01A-11R-A37L-07,sarc,tumor,1.953643975
TCGA-WK-A8XQ-01A-11R-A37L-07,sarc,tumor,2.974178709
TCGA-WK-A8XS-01A-11R-A37L-07,sarc,tumor,2.469741726
TCGA-WK-A8XT-01A-11R-A37L-07,sarc,tumor,2.493183851
TCGA-WK-A8XX-01A-11R-A37L-07,sarc,tumor,1.703229892
TCGA-WK-A8XY-01A-11R-A37L-07,sarc,tumor,2.429282372
TCGA-WK-A8XZ-01A-11R-A37L-07,sarc,tumor,2.23587978
TCGA-WK-A8Y0-01A-11R-A41I-07,sarc,tumor,2.082788688
TCGA-WP-A9GB-01A-11R-A37L-07,sarc,tumor,2.686426256
TCGA-X2-A95T-01A-11R-A37L-07,sarc,tumor,2.208650714
TCGA-X6-A7W8-01A-21R-A355-07,sarc,tumor,1.495530641
TCGA-X6-A7WA-01A-12R-A355-07,sarc,tumor,2.405697995
TCGA-X6-A7WB-01A-11R-A355-07,sarc,tumor,2.00785535
TCGA-X6-A7WC-01A-12R-A355-07,sarc,tumor,2.135020416
TCGA-X6-A7WD-01A-21R-A355-07,sarc,tumor,1.401203734
TCGA-X6-A8C2-01A-11R-A36F-07,sarc,tumor,0.809883085
TCGA-X6-A8C3-01A-11R-A36F-07,sarc,tumor,1.901785347
TCGA-X6-A8C4-01A-11R-A36F-07,sarc,tumor,2.328184592
TCGA-X6-A8C5-01A-11R-A36F-07,sarc,tumor,2.513895964
TCGA-X6-A8C6-01A-11R-A36F-07,sarc,tumor,1.84989049
TCGA-X6-A8C7-01A-11R-A36F-07,sarc,tumor,2.19465712
TCGA-X9-A971-01A-11R-A38C-07,sarc,tumor,1.604615587
TCGA-X9-A973-01A-11R-A38C-07,sarc,tumor,2.49463098
TCGA-Z4-A8JB-01A-23R-A37L-07,sarc,tumor,2.526644664
TCGA-Z4-A9VC-01A-11R-A37L-07,sarc,tumor,2.247019537
TCGA-Z4-AAPF-01A-11R-A39D-07,sarc,tumor,1.93474933
TCGA-Z4-AAPG-01A-11R-A39D-07,sarc,tumor,1.635979058
TCGA-3N-A9WB-06A-11R-A38C-07,skcm,tumor,2.65912634
TCGA-3N-A9WC-06A-11R-A38C-07,skcm,tumor,2.711337474
TCGA-3N-A9WD-06A-11R-A38C-07,skcm,tumor,2.133064961
TCGA-BF-A1PU-01A-11R-A18S-07,skcm,tumor,2.366222305
TCGA-BF-A1PV-01A-11R-A18U-07,skcm,tumor,2.820613468
TCGA-BF-A1PX-01A-12R-A18T-07,skcm,tumor,2.44940286
TCGA-BF-A1PZ-01A-11R-A18S-07,skcm,tumor,2.336573981
TCGA-BF-A1Q0-01A-21R-A18S-07,skcm,tumor,2.673947062
TCGA-BF-A3DJ-01A-11R-A20F-07,skcm,tumor,2.26153124
TCGA-BF-A3DL-01A-11R-A20F-07,skcm,tumor,2.231203654
TCGA-BF-A3DM-01A-11R-A20F-07,skcm,tumor,2.927739569
TCGA-BF-A3DN-01A-11R-A20F-07,skcm,tumor,2.882938932
TCGA-BF-A5EO-01A-12R-A27Q-07,skcm,tumor,2.4430236
TCGA-BF-A5EP-01A-12R-A27Q-07,skcm,tumor,2.007594923
TCGA-BF-A5EQ-01A-21R-A27Q-07,skcm,tumor,2.490803787
TCGA-BF-A5ER-01A-12R-A27Q-07,skcm,tumor,1.82826172
TCGA-BF-A5ES-01A-11R-A27Q-07,skcm,tumor,2.477812014
TCGA-BF-A9VF-01A-11R-A37K-07,skcm,tumor,2.509972962
TCGA-BF-AAOU-01A-12R-A39D-07,skcm,tumor,2.332140124
TCGA-BF-AAOX-01A-11R-A39D-07,skcm,tumor,2.481272
TCGA-BF-AAP0-06A-11R-A39D-07,skcm,tumor,2.730404711
TCGA-BF-AAP1-01A-11R-A39D-07,skcm,tumor,2.827435013
TCGA-BF-AAP2-01A-11R-A40A-07,skcm,tumor,2.571942816
TCGA-BF-AAP4-01A-11R-A40A-07,skcm,tumor,2.586645597
TCGA-BF-AAP6-01A-11R-A40A-07,skcm,tumor,1.487205028
TCGA-BF-AAP7-01A-11R-A40A-07,skcm,tumor,2.656007285
TCGA-BF-AAP8-01A-11R-A40A-07,skcm,tumor,2.451858458
TCGA-D3-A1Q1-06A-21R-A18T-07,skcm,tumor,2.783696873
TCGA-D3-A1Q3-06A-11R-A18T-07,skcm,tumor,2.67912239
TCGA-D3-A1Q4-06A-11R-A18T-07,skcm,tumor,1.400428834
TCGA-D3-A1Q5-06A-11R-A18T-07,skcm,tumor,2.117769919
TCGA-D3-A1Q6-06A-11R-A18T-07,skcm,tumor,2.647594978
TCGA-D3-A1Q7-06A-11R-A18T-07,skcm,tumor,2.356573648
TCGA-D3-A1Q8-06A-11R-A18T-07,skcm,tumor,2.512891899
TCGA-D3-A1Q9-06A-11R-A18T-07,skcm,tumor,2.259237915
TCGA-D3-A1QA-07A-11R-A37K-07,skcm,tumor,2.257931511
TCGA-D3-A1QA-06A-11R-A18T-07,skcm,tumor,2.296086994
TCGA-D3-A1QB-06A-11R-A18T-07,skcm,tumor,2.265316438
TCGA-D3-A2J6-06A-11R-A18T-07,skcm,tumor,2.181941971
TCGA-D3-A2J7-06A-11R-A18T-07,skcm,tumor,2.189260094
TCGA-D3-A2J8-06A-11R-A18T-07,skcm,tumor,2.333150323
TCGA-D3-A2J9-06A-11R-A18T-07,skcm,tumor,1.949531316
TCGA-D3-A2JA-06A-11R-A18T-07,skcm,tumor,1.301519543
TCGA-D3-A2JB-06A-11R-A18T-07,skcm,tumor,2.549024771
TCGA-D3-A2JC-06A-11R-A18T-07,skcm,tumor,2.529587704
TCGA-D3-A2JD-06A-11R-A18T-07,skcm,tumor,2.664691539
TCGA-D3-A2JE-06A-11R-A37K-07,skcm,tumor,2.516552801
TCGA-D3-A2JF-06A-11R-A18S-07,skcm,tumor,2.318034579
TCGA-D3-A2JG-06A-11R-A18T-07,skcm,tumor,2.659371393
TCGA-D3-A2JH-06A-11R-A18T-07,skcm,tumor,2.481595485
TCGA-D3-A2JK-06A-11R-A18S-07,skcm,tumor,1.218618704
TCGA-D3-A2JL-06A-11R-A18S-07,skcm,tumor,2.261976211
TCGA-D3-A2JN-06A-11R-A18S-07,skcm,tumor,2.788694678
TCGA-D3-A2JO-06A-11R-A18S-07,skcm,tumor,2.376772642
TCGA-D3-A2JP-06A-11R-A18S-07,skcm,tumor,2.685016834
TCGA-D3-A3BZ-06A-12R-A18S-07,skcm,tumor,2.716582369
TCGA-D3-A3C1-06A-12R-A18S-07,skcm,tumor,2.765986858
TCGA-D3-A3C3-06A-12R-A18S-07,skcm,tumor,2.531227963
TCGA-D3-A3C6-06A-12R-A18U-07,skcm,tumor,1.352479002
TCGA-D3-A3C7-06A-11R-A18U-07,skcm,tumor,1.842317182
TCGA-D3-A3C8-06A-12R-A18S-07,skcm,tumor,2.40450391
TCGA-D3-A3CB-06A-11R-A18S-07,skcm,tumor,2.018109784
TCGA-D3-A3CC-06A-11R-A18S-07,skcm,tumor,2.527025063
TCGA-D3-A3CE-06A-11R-A18S-07,skcm,tumor,2.82724547
TCGA-D3-A3CF-06A-11R-A18T-07,skcm,tumor,2.733159147
TCGA-D3-A3ML-06A-11R-A21D-07,skcm,tumor,2.369910146
TCGA-D3-A3MO-06A-11R-A21D-07,skcm,tumor,0.775753205
TCGA-D3-A3MR-06A-11R-A21D-07,skcm,tumor,2.292499186
TCGA-D3-A3MU-06A-11R-A21D-07,skcm,tumor,1.371980717
TCGA-D3-A3MV-06A-11R-A21D-07,skcm,tumor,2.25061636
TCGA-D3-A51E-06A-11R-A266-07,skcm,tumor,2.480296856
TCGA-D3-A51F-06A-11R-A266-07,skcm,tumor,1.96168087
TCGA-D3-A51G-06A-11R-A266-07,skcm,tumor,1.739085209
TCGA-D3-A51H-06A-12R-A266-07,skcm,tumor,1.991917398
TCGA-D3-A51J-06A-11R-A266-07,skcm,tumor,2.481394147
TCGA-D3-A51K-06A-11R-A266-07,skcm,tumor,2.569018122
TCGA-D3-A51N-06A-11R-A266-07,skcm,tumor,1.419432985
TCGA-D3-A51R-06A-11R-A266-07,skcm,tumor,2.079254493
TCGA-D3-A51T-06A-11R-A266-07,skcm,tumor,2.683011653
TCGA-D3-A5GL-06A-11R-A27Q-07,skcm,tumor,2.36845482
TCGA-D3-A5GN-06A-11R-A27Q-07,skcm,tumor,2.121807642
TCGA-D3-A5GO-06A-12R-A27Q-07,skcm,tumor,1.768000603
TCGA-D3-A5GR-06A-11R-A27Q-07,skcm,tumor,1.759624701
TCGA-D3-A5GS-06A-11R-A27Q-07,skcm,tumor,2.199544802
TCGA-D3-A5GT-01A-12R-A311-07,skcm,tumor,2.911220297
TCGA-D3-A5GU-06A-11R-A27Q-07,skcm,tumor,2.455802621
TCGA-D3-A8GB-06A-11R-A37K-07,skcm,tumor,2.751236069
TCGA-D3-A8GC-06A-11R-A37K-07,skcm,tumor,2.309114083
TCGA-D3-A8GD-06A-11R-A37K-07,skcm,tumor,2.302376424
TCGA-D3-A8GE-06A-11R-A37K-07,skcm,tumor,2.649727259
TCGA-D3-A8GI-06A-11R-A37K-07,skcm,tumor,1.547476008
TCGA-D3-A8GJ-06A-11R-A37K-07,skcm,tumor,2.076321506
TCGA-D3-A8GK-06A-11R-A37K-07,skcm,tumor,2.209349316
TCGA-D3-A8GL-06A-11R-A37K-07,skcm,tumor,2.562264849
TCGA-D3-A8GM-06A-11R-A37K-07,skcm,tumor,2.355299398
TCGA-D3-A8GN-06A-11R-A37K-07,skcm,tumor,2.820298348
TCGA-D3-A8GO-06A-11R-A37K-07,skcm,tumor,2.561491311
TCGA-D3-A8GP-06A-11R-A37K-07,skcm,tumor,2.434455727
TCGA-D3-A8GQ-06A-11R-A37K-07,skcm,tumor,1.974341455
TCGA-D3-A8GR-06A-11R-A37K-07,skcm,tumor,2.291478531
TCGA-D3-A8GS-06A-12R-A37K-07,skcm,tumor,2.790289124
TCGA-D3-A8GV-06A-11R-A37K-07,skcm,tumor,1.95987814
TCGA-D9-A148-06A-11R-A18S-07,skcm,tumor,2.12515698
TCGA-D9-A149-06A-11R-A18S-07,skcm,tumor,2.564320193
TCGA-D9-A1JW-06A-11R-A18S-07,skcm,tumor,2.558153622
TCGA-D9-A1JX-06A-11R-A18S-07,skcm,tumor,2.523395899
TCGA-D9-A1X3-06A-11R-A18S-07,skcm,tumor,1.605514134
TCGA-D9-A3Z1-06A-11R-A239-07,skcm,tumor,2.542477848
TCGA-D9-A3Z3-06A-11R-A239-07,skcm,tumor,2.485217331
TCGA-D9-A3Z4-01A-11R-A239-07,skcm,tumor,2.541793963
TCGA-D9-A4Z2-01A-11R-A24X-07,skcm,tumor,2.677031386
TCGA-D9-A4Z3-01A-11R-A266-07,skcm,tumor,2.692227162
TCGA-D9-A4Z5-01A-11R-A266-07,skcm,tumor,2.044972562
TCGA-D9-A4Z6-06A-12R-A266-07,skcm,tumor,2.102169637
TCGA-D9-A6E9-06A-12R-A311-07,skcm,tumor,2.312146059
TCGA-D9-A6EA-06A-11R-A311-07,skcm,tumor,2.85381297
TCGA-D9-A6EC-06A-11R-A311-07,skcm,tumor,1.636831228
TCGA-D9-A6EG-06A-12R-A32P-07,skcm,tumor,1.903665287
TCGA-DA-A1HV-06A-21R-A18S-07,skcm,tumor,2.584578069
TCGA-DA-A1HW-06A-11R-A18U-07,skcm,tumor,2.864821094
TCGA-DA-A1HY-06A-11R-A18T-07,skcm,tumor,1.719999671
TCGA-DA-A1I0-06A-11R-A20F-07,skcm,tumor,2.788291229
TCGA-DA-A1I1-06A-12R-A18U-07,skcm,tumor,2.215166348
TCGA-DA-A1I2-06A-21R-A18U-07,skcm,tumor,2.535056708
TCGA-DA-A1I4-06A-11R-A18U-07,skcm,tumor,1.311476039
TCGA-DA-A1I5-06A-11R-A18T-07,skcm,tumor,1.60901837
TCGA-DA-A1I7-06A-22R-A18S-07,skcm,tumor,1.456111417
TCGA-DA-A1I8-06A-11R-A18T-07,skcm,tumor,1.936355183
TCGA-DA-A1IA-06A-11R-A18S-07,skcm,tumor,2.976907832
TCGA-DA-A1IB-06A-11R-A18S-07,skcm,tumor,2.265998747
TCGA-DA-A1IC-06A-11R-A18S-07,skcm,tumor,2.563678423
TCGA-DA-A3F2-06A-11R-A20F-07,skcm,tumor,2.270892395
TCGA-DA-A3F3-06A-11R-A20F-07,skcm,tumor,2.150919266
TCGA-DA-A3F5-06A-11R-A20F-07,skcm,tumor,2.532359901
TCGA-DA-A3F8-06A-11R-A20F-07,skcm,tumor,2.494093377
TCGA-DA-A95V-06A-11R-A37K-07,skcm,tumor,2.577684201
TCGA-DA-A95W-06A-11R-A37K-07,skcm,tumor,2.161252802
TCGA-DA-A95X-06A-11R-A37K-07,skcm,tumor,2.673448121
TCGA-DA-A95Y-06A-11R-A37K-07,skcm,tumor,2.420274485
TCGA-DA-A95Z-06A-11R-A37K-07,skcm,tumor,2.070339612
TCGA-DA-A960-01A-11R-A37K-07,skcm,tumor,2.629431469
TCGA-EB-A1NK-01A-11R-A18T-07,skcm,tumor,2.39007803
TCGA-EB-A24C-01A-11R-A18T-07,skcm,tumor,2.548277894
TCGA-EB-A24D-01A-11R-A18T-07,skcm,tumor,2.82432151
TCGA-EB-A299-01A-21R-A18U-07,skcm,tumor,2.008876238
TCGA-EB-A3HV-01A-11R-A21D-07,skcm,tumor,2.212216216
TCGA-EB-A3XB-01A-11R-A239-07,skcm,tumor,2.203700184
TCGA-EB-A3XC-01A-11R-A239-07,skcm,tumor,2.137040721
TCGA-EB-A3XD-01A-22R-A239-07,skcm,tumor,2.519715794
TCGA-EB-A3XE-01A-12R-A239-07,skcm,tumor,2.425420649
TCGA-EB-A3XF-01A-31R-A239-07,skcm,tumor,2.310471383
TCGA-EB-A3Y6-01A-21R-A239-07,skcm,tumor,2.348966949
TCGA-EB-A3Y7-01A-11R-A239-07,skcm,tumor,1.930885721
TCGA-EB-A41A-01A-11R-A24X-07,skcm,tumor,2.431470315
TCGA-EB-A41B-01A-11R-A24X-07,skcm,tumor,2.495009271
TCGA-EB-A42Y-01A-12R-A24X-07,skcm,tumor,1.949053565
TCGA-EB-A42Z-01A-12R-A24X-07,skcm,tumor,1.748895126
TCGA-EB-A430-01A-11R-A24X-07,skcm,tumor,2.411893307
TCGA-EB-A431-01A-11R-A266-07,skcm,tumor,2.550078766
TCGA-EB-A44N-01A-11R-A266-07,skcm,tumor,2.536754817
TCGA-EB-A44O-01A-11R-A266-07,skcm,tumor,2.317198834
TCGA-EB-A44P-01A-11R-A266-07,skcm,tumor,2.381091346
TCGA-EB-A44Q-06A-11R-A266-07,skcm,tumor,2.468624995
TCGA-EB-A44R-06A-41R-A266-07,skcm,tumor,2.18559619
TCGA-EB-A4IQ-01A-12R-A266-07,skcm,tumor,2.150488661
TCGA-EB-A4IS-01A-21R-A266-07,skcm,tumor,2.678873101
TCGA-EB-A4OY-01A-11R-A266-07,skcm,tumor,1.942666707
TCGA-EB-A4OZ-01A-12R-A266-07,skcm,tumor,2.525132287
TCGA-EB-A4P0-01A-41R-A266-07,skcm,tumor,2.226414054
TCGA-EB-A4XL-01A-11R-A27Q-07,skcm,tumor,2.524984376
TCGA-EB-A51B-01A-11R-A27Q-07,skcm,tumor,2.49718067
TCGA-EB-A550-01A-61R-A27Q-07,skcm,tumor,2.341535913
TCGA-EB-A551-01A-21R-A27Q-07,skcm,tumor,2.69282867
TCGA-EB-A553-01A-12R-A27Q-07,skcm,tumor,2.418078851
TCGA-EB-A57M-01A-51R-A311-07,skcm,tumor,3.204639742
TCGA-EB-A5FP-01A-11R-A27Q-07,skcm,tumor,2.36165216
TCGA-EB-A5KH-06A-11R-A27Q-07,skcm,tumor,2.949269687
TCGA-EB-A5SE-01A-11R-A311-07,skcm,tumor,2.587491158
TCGA-EB-A5SF-01A-11R-A311-07,skcm,tumor,1.812850261
TCGA-EB-A5SG-06A-11R-A311-07,skcm,tumor,2.659542482
TCGA-EB-A5SH-06A-11R-A311-07,skcm,tumor,2.842755939
TCGA-EB-A5UL-06A-11R-A311-07,skcm,tumor,2.820097069
TCGA-EB-A5UM-01A-11R-A311-07,skcm,tumor,2.70748697
TCGA-EB-A5UN-06A-11R-A311-07,skcm,tumor,2.750143844
TCGA-EB-A5VU-01A-21R-A32P-07,skcm,tumor,2.545321407
TCGA-EB-A5VV-06A-11R-A32P-07,skcm,tumor,2.233276346
TCGA-EB-A6L9-06A-11R-A32P-07,skcm,tumor,2.615832507
TCGA-EB-A6QY-01A-12R-A32P-07,skcm,tumor,2.339701836
TCGA-EB-A6QZ-01A-12R-A32P-07,skcm,tumor,1.990190137
TCGA-EB-A6R0-01A-12R-A32P-07,skcm,tumor,2.439732364
TCGA-EB-A82B-01A-11R-A352-07,skcm,tumor,2.50407521
TCGA-EB-A82C-01A-11R-A352-07,skcm,tumor,3.051457141
TCGA-EB-A85I-01A-11R-A352-07,skcm,tumor,2.250176311
TCGA-EB-A85J-01A-12R-A352-07,skcm,tumor,2.031518284
TCGA-EB-A97M-01A-11R-A38C-07,skcm,tumor,2.260974632
TCGA-EE-A17X-06A-11R-A18S-07,skcm,tumor,2.077313038
TCGA-EE-A17Y-06A-11R-A18T-07,skcm,tumor,1.596012435
TCGA-EE-A17Z-06A-11R-A18S-07,skcm,tumor,2.698811261
TCGA-EE-A180-06A-11R-A21D-07,skcm,tumor,2.934614978
TCGA-EE-A181-06A-11R-A18S-07,skcm,tumor,2.19657638
TCGA-EE-A182-06A-11R-A18T-07,skcm,tumor,1.408087804
TCGA-EE-A183-06A-11R-A18S-07,skcm,tumor,2.450399364
TCGA-EE-A184-06A-11R-A18S-07,skcm,tumor,2.923293375
TCGA-EE-A185-06A-11R-A18S-07,skcm,tumor,2.446559668
TCGA-EE-A20B-06A-11R-A18U-07,skcm,tumor,2.139747441
TCGA-EE-A20C-06A-11R-A18S-07,skcm,tumor,2.535618272
TCGA-EE-A20F-06A-21R-A18S-07,skcm,tumor,2.449214197
TCGA-EE-A20H-06A-11R-A18S-07,skcm,tumor,2.128722137
TCGA-EE-A20I-06A-11R-A18U-07,skcm,tumor,2.253568131
TCGA-EE-A29A-06A-12R-A18U-07,skcm,tumor,2.292510477
TCGA-EE-A29B-06A-11R-A18U-07,skcm,tumor,2.222790746
TCGA-EE-A29C-06A-21R-A18S-07,skcm,tumor,1.72180209
TCGA-EE-A29D-06A-11R-A18T-07,skcm,tumor,2.164055192
TCGA-EE-A29E-06A-11R-A18T-07,skcm,tumor,2.773592328
TCGA-EE-A29G-06A-12R-A18T-07,skcm,tumor,1.69922404
TCGA-EE-A29H-06A-12R-A18S-07,skcm,tumor,2.208795564
TCGA-EE-A29L-06A-12R-A18S-07,skcm,tumor,2.3455605
TCGA-EE-A29M-06A-11R-A18T-07,skcm,tumor,2.516706053
TCGA-EE-A29N-06A-12R-A18S-07,skcm,tumor,2.37974486
TCGA-EE-A29P-06A-11R-A18T-07,skcm,tumor,2.318303017
TCGA-EE-A29Q-06A-11R-A18T-07,skcm,tumor,2.20269145
TCGA-EE-A29R-06A-11R-A18T-07,skcm,tumor,1.885905595
TCGA-EE-A29S-06A-11R-A18T-07,skcm,tumor,2.191589808
TCGA-EE-A29T-06A-11R-A18T-07,skcm,tumor,2.326751543
TCGA-EE-A29V-06A-12R-A18S-07,skcm,tumor,2.821862569
TCGA-EE-A29W-06A-11R-A18U-07,skcm,tumor,2.443172401
TCGA-EE-A29X-06A-11R-A18T-07,skcm,tumor,2.552076051
TCGA-EE-A2A0-06A-11R-A18T-07,skcm,tumor,2.308969838
TCGA-EE-A2A1-06A-11R-A18T-07,skcm,tumor,2.638805834
TCGA-EE-A2A2-06A-11R-A18T-07,skcm,tumor,2.492565928
TCGA-EE-A2A5-06A-11R-A18T-07,skcm,tumor,2.083751525
TCGA-EE-A2A6-06A-11R-A18T-07,skcm,tumor,2.806515999
TCGA-EE-A2GB-06A-11R-A18T-07,skcm,tumor,2.68433575
TCGA-EE-A2GC-06A-11R-A18T-07,skcm,tumor,2.481650861
TCGA-EE-A2GD-06A-11R-A18T-07,skcm,tumor,1.9556535
TCGA-EE-A2GE-06A-11R-A18T-07,skcm,tumor,2.063301632
TCGA-EE-A2GH-06A-11R-A18T-07,skcm,tumor,2.860168121
TCGA-EE-A2GI-06A-11R-A18T-07,skcm,tumor,2.718430324
TCGA-EE-A2GJ-06A-11R-A18U-07,skcm,tumor,2.271581771
TCGA-EE-A2GK-06A-11R-A18S-07,skcm,tumor,1.975331948
TCGA-EE-A2GL-06A-11R-A18S-07,skcm,tumor,2.26622414
TCGA-EE-A2GM-06B-11R-A18S-07,skcm,tumor,2.602812079
TCGA-EE-A2GN-06A-11R-A18S-07,skcm,tumor,1.766005453
TCGA-EE-A2GO-06A-11R-A18S-07,skcm,tumor,1.562661117
TCGA-EE-A2GP-06A-11R-A18S-07,skcm,tumor,1.89404671
TCGA-EE-A2GR-06A-11R-A18S-07,skcm,tumor,1.979446872
TCGA-EE-A2GS-06A-12R-A18S-07,skcm,tumor,1.936936216
TCGA-EE-A2GT-06A-12R-A18S-07,skcm,tumor,2.588079753
TCGA-EE-A2GU-06A-11R-A18T-07,skcm,tumor,2.860261903
TCGA-EE-A2M5-06A-12R-A18S-07,skcm,tumor,2.739718596
TCGA-EE-A2M6-06A-12R-A18S-07,skcm,tumor,2.261523206
TCGA-EE-A2M7-06A-11R-A18U-07,skcm,tumor,2.563085157
TCGA-EE-A2M8-06A-12R-A18S-07,skcm,tumor,2.143097666
TCGA-EE-A2MC-06A-12R-A18S-07,skcm,tumor,2.251584119
TCGA-EE-A2MD-06A-11R-A18T-07,skcm,tumor,2.128971761
TCGA-EE-A2ME-06A-11R-A18T-07,skcm,tumor,2.633569756
TCGA-EE-A2MF-06A-11R-A21D-07,skcm,tumor,2.904922779
TCGA-EE-A2MG-06A-11R-A18T-07,skcm,tumor,2.364190281
TCGA-EE-A2MH-06A-11R-A18S-07,skcm,tumor,2.601243809
TCGA-EE-A2MI-06A-11R-A18U-07,skcm,tumor,2.324783378
TCGA-EE-A2MJ-06A-11R-A18S-07,skcm,tumor,2.841766696
TCGA-EE-A2MK-06A-11R-A18S-07,skcm,tumor,2.726993895
TCGA-EE-A2ML-06A-11R-A18S-07,skcm,tumor,2.520364835
TCGA-EE-A2MM-06A-11R-A18S-07,skcm,tumor,2.858164204
TCGA-EE-A2MN-06A-11R-A18S-07,skcm,tumor,3.197506017
TCGA-EE-A2MP-06A-11R-A18S-07,skcm,tumor,2.492100146
TCGA-EE-A2MQ-06A-11R-A18S-07,skcm,tumor,2.364826372
TCGA-EE-A2MR-06A-11R-A18S-07,skcm,tumor,2.332311874
TCGA-EE-A2MS-06A-11R-A18S-07,skcm,tumor,2.750674518
TCGA-EE-A2MT-06A-11R-A18S-07,skcm,tumor,2.482743509
TCGA-EE-A2MU-06A-21R-A18S-07,skcm,tumor,2.276273607
TCGA-EE-A3AA-06A-11R-A18S-07,skcm,tumor,2.358841567
TCGA-EE-A3AB-06A-11R-A18S-07,skcm,tumor,1.664357489
TCGA-EE-A3AC-06A-11R-A18S-07,skcm,tumor,2.896459192
TCGA-EE-A3AD-06A-11R-A18S-07,skcm,tumor,2.100706287
TCGA-EE-A3AE-06A-11R-A18S-07,skcm,tumor,2.960917119
TCGA-EE-A3AF-06A-11R-A18S-07,skcm,tumor,2.302290459
TCGA-EE-A3AG-06A-31R-A18S-07,skcm,tumor,1.967056697
TCGA-EE-A3AH-06A-11R-A18S-07,skcm,tumor,2.249140232
TCGA-EE-A3J3-06A-11R-A20F-07,skcm,tumor,1.45358128
TCGA-EE-A3J4-06A-11R-A20F-07,skcm,tumor,2.651077576
TCGA-EE-A3J5-06A-11R-A20F-07,skcm,tumor,2.580229232
TCGA-EE-A3J7-06A-11R-A20F-07,skcm,tumor,2.557434115
TCGA-EE-A3J8-06A-11R-A20F-07,skcm,tumor,2.3174984
TCGA-EE-A3JA-06A-11R-A20F-07,skcm,tumor,2.317004653
TCGA-EE-A3JB-06A-11R-A21D-07,skcm,tumor,1.167695334
TCGA-EE-A3JD-06A-11R-A20F-07,skcm,tumor,2.439646049
TCGA-EE-A3JE-06A-11R-A20F-07,skcm,tumor,2.458686703
TCGA-EE-A3JH-06A-11R-A21D-07,skcm,tumor,2.432879281
TCGA-EE-A3JI-06A-11R-A21D-07,skcm,tumor,2.659340705
TCGA-ER-A193-06A-12R-A18S-07,skcm,tumor,1.946709317
TCGA-ER-A194-01A-11R-A18U-07,skcm,tumor,2.30480192
TCGA-ER-A195-06A-11R-A18U-07,skcm,tumor,2.245616438
TCGA-ER-A196-01A-11R-A18T-07,skcm,tumor,2.101094603
TCGA-ER-A197-06A-32R-A18S-07,skcm,tumor,2.200678021
TCGA-ER-A198-06A-11R-A18T-07,skcm,tumor,2.437536572
TCGA-ER-A199-06A-11R-A18T-07,skcm,tumor,2.63682152
TCGA-ER-A19A-06A-21R-A18U-07,skcm,tumor,2.18867237
TCGA-ER-A19B-06A-11R-A18S-07,skcm,tumor,1.990134008
TCGA-ER-A19C-06A-11R-A18S-07,skcm,tumor,1.549856454
TCGA-ER-A19D-06A-11R-A18S-07,skcm,tumor,1.566090662
TCGA-ER-A19E-06A-11R-A18S-07,skcm,tumor,2.004374388
TCGA-ER-A19F-06A-11R-A18S-07,skcm,tumor,2.596027512
TCGA-ER-A19G-06A-11R-A18U-07,skcm,tumor,2.266927962
TCGA-ER-A19H-06A-12R-A18S-07,skcm,tumor,2.683212761
TCGA-ER-A19J-06A-11R-A18S-07,skcm,tumor,1.8663769
TCGA-ER-A19K-01A-21R-A18T-07,skcm,tumor,2.571710697
TCGA-ER-A19L-06A-12R-A18S-07,skcm,tumor,1.990003967
TCGA-ER-A19M-06A-61R-A239-07,skcm,tumor,2.323644087
TCGA-ER-A19N-06A-11R-A18S-07,skcm,tumor,2.21460685
TCGA-ER-A19O-06A-11R-A18S-07,skcm,tumor,2.357855338
TCGA-ER-A19P-06A-11R-A18S-07,skcm,tumor,2.623794373
TCGA-ER-A19Q-06A-11R-A18U-07,skcm,tumor,1.681997514
TCGA-ER-A19S-06A-11R-A18U-07,skcm,tumor,2.144985232
TCGA-ER-A19T-06A-11R-A18U-07,skcm,tumor,2.250739027
TCGA-ER-A19T-01A-11R-A18T-07,skcm,tumor,2.372902168
TCGA-ER-A19W-06A-41R-A239-07,skcm,tumor,2.756703671
TCGA-ER-A1A1-06A-11R-A18U-07,skcm,tumor,2.221176016
TCGA-ER-A2NB-01A-12R-A18S-07,skcm,tumor,2.470317324
TCGA-ER-A2NC-06A-11R-A18T-07,skcm,tumor,2.133305413
TCGA-ER-A2ND-06A-11R-A18T-07,skcm,tumor,2.390840985
TCGA-ER-A2NE-06A-21R-A18T-07,skcm,tumor,2.75796923
TCGA-ER-A2NF-06A-11R-A18T-07,skcm,tumor,3.145770849
TCGA-ER-A2NF-01A-11R-A18T-07,skcm,tumor,2.730030624
TCGA-ER-A2NG-06A-11R-A18T-07,skcm,tumor,2.73788447
TCGA-ER-A2NH-06A-11R-A18S-07,skcm,tumor,2.855246661
TCGA-ER-A3ES-06A-11R-A20F-07,skcm,tumor,2.761847218
TCGA-ER-A3ET-06A-11R-A20F-07,skcm,tumor,2.767192917
TCGA-ER-A3EV-06A-11R-A20F-07,skcm,tumor,2.508677629
TCGA-ER-A3PL-06A-11R-A239-07,skcm,tumor,1.573178464
TCGA-ER-A42H-01A-11R-A24X-07,skcm,tumor,2.497994523
TCGA-ER-A42K-06A-11R-A24X-07,skcm,tumor,2.170835527
TCGA-ER-A42L-06A-11R-A24X-07,skcm,tumor,2.925940808
TCGA-FR-A2OS-01A-11R-A21D-07,skcm,tumor,1.389960247
TCGA-FR-A3R1-01A-11R-A239-07,skcm,tumor,2.272108264
TCGA-FR-A3YN-06A-11R-A239-07,skcm,tumor,2.764600398
TCGA-FR-A3YO-06A-11R-A239-07,skcm,tumor,1.441748277
TCGA-FR-A44A-06A-11R-A24X-07,skcm,tumor,2.242614162
TCGA-FR-A69P-06A-21R-A311-07,skcm,tumor,2.098270061
TCGA-FR-A726-01A-11R-A32P-07,skcm,tumor,2.094960277
TCGA-FR-A728-01A-11R-A32P-07,skcm,tumor,2.33366426
TCGA-FR-A729-06A-11R-A352-07,skcm,tumor,2.77908529
TCGA-FR-A7U8-06A-21R-A352-07,skcm,tumor,1.269716787
TCGA-FR-A7U9-06A-11R-A352-07,skcm,tumor,1.877595795
TCGA-FR-A7UA-06A-32R-A352-07,skcm,tumor,2.378494603
TCGA-FR-A8YC-06A-11R-A37K-07,skcm,tumor,2.40704997
TCGA-FR-A8YD-06A-11R-A37K-07,skcm,tumor,1.659044008
TCGA-FR-A8YE-06A-11R-A37K-07,skcm,tumor,2.420245688
TCGA-FS-A1YW-06A-11R-A18T-07,skcm,tumor,2.905115633
TCGA-FS-A1YX-06A-11R-A18T-07,skcm,tumor,2.016192794
TCGA-FS-A1YY-06A-11R-A18T-07,skcm,tumor,2.31094752
TCGA-FS-A1Z0-06A-11R-A18T-07,skcm,tumor,2.117902935
TCGA-FS-A1Z3-06A-11R-A18T-07,skcm,tumor,2.264112187
TCGA-FS-A1Z4-06A-11R-A18T-07,skcm,tumor,2.377505345
TCGA-FS-A1Z7-06A-11R-A18T-07,skcm,tumor,1.181219724
TCGA-FS-A1ZA-06A-11R-A18T-07,skcm,tumor,2.154327162
TCGA-FS-A1ZB-06A-12R-A18S-07,skcm,tumor,2.530183847
TCGA-FS-A1ZC-06A-11R-A18T-07,skcm,tumor,1.43998506
TCGA-FS-A1ZD-06A-11R-A18T-07,skcm,tumor,1.995264942
TCGA-FS-A1ZE-06A-11R-A18T-07,skcm,tumor,2.430646936
TCGA-FS-A1ZF-06A-12R-A18S-07,skcm,tumor,1.891674443
TCGA-FS-A1ZG-06A-11R-A18T-07,skcm,tumor,2.751720411
TCGA-FS-A1ZH-06A-11R-A18T-07,skcm,tumor,2.086502193
TCGA-FS-A1ZJ-06A-12R-A18S-07,skcm,tumor,2.507086552
TCGA-FS-A1ZK-06A-11R-A18T-07,skcm,tumor,1.562610043
TCGA-FS-A1ZM-06A-12R-A18S-07,skcm,tumor,2.043899669
TCGA-FS-A1ZN-01A-11R-A18T-07,skcm,tumor,1.754068376
TCGA-FS-A1ZP-06A-11R-A18T-07,skcm,tumor,2.474075586
TCGA-FS-A1ZQ-06A-11R-A18U-07,skcm,tumor,2.549009177
TCGA-FS-A1ZR-06A-21R-A18U-07,skcm,tumor,2.382747122
TCGA-FS-A1ZS-06A-12R-A18T-07,skcm,tumor,1.191285032
TCGA-FS-A1ZT-06A-11R-A18U-07,skcm,tumor,2.85495319
TCGA-FS-A1ZU-06A-12R-A18T-07,skcm,tumor,1.712978256
TCGA-FS-A1ZW-06A-12R-A18T-07,skcm,tumor,2.272512239
TCGA-FS-A1ZY-06A-11R-A18S-07,skcm,tumor,2.543051266
TCGA-FS-A1ZZ-06A-11R-A18S-07,skcm,tumor,2.590612439
TCGA-FS-A4F0-06A-11R-A24X-07,skcm,tumor,2.542204326
TCGA-FS-A4F2-06A-11R-A24X-07,skcm,tumor,2.197835673
TCGA-FS-A4F4-06A-12R-A266-07,skcm,tumor,1.823991242
TCGA-FS-A4F5-06A-11R-A266-07,skcm,tumor,1.824204459
TCGA-FS-A4F8-06A-11R-A266-07,skcm,tumor,2.591695583
TCGA-FS-A4F9-06A-11R-A24X-07,skcm,tumor,2.468547055
TCGA-FS-A4FB-06A-11R-A266-07,skcm,tumor,1.936616298
TCGA-FS-A4FC-06A-11R-A24X-07,skcm,tumor,1.967204237
TCGA-FS-A4FD-06A-11R-A266-07,skcm,tumor,1.906524091
TCGA-FW-A3I3-06A-11R-A21D-07,skcm,tumor,2.559251205
TCGA-FW-A3R5-06A-11R-A239-07,skcm,tumor,2.316061971
TCGA-FW-A3TU-06A-11R-A239-07,skcm,tumor,2.395955158
TCGA-FW-A3TV-06A-11R-A239-07,skcm,tumor,2.625085383
TCGA-FW-A5DX-01A-11R-A27Q-07,skcm,tumor,2.66846408
TCGA-FW-A5DY-06A-11R-A311-07,skcm,tumor,2.176407302
TCGA-GF-A2C7-01A-11R-A18T-07,skcm,tumor,2.115247834
TCGA-GF-A3OT-06A-23R-A239-07,skcm,tumor,1.846537662
TCGA-GF-A4EO-06A-12R-A24X-07,skcm,tumor,2.270883719
TCGA-GF-A6C8-06A-12R-A311-07,skcm,tumor,2.742734851
TCGA-GF-A6C9-06A-11R-A311-07,skcm,tumor,2.267493503
TCGA-GF-A769-01A-32R-A32P-07,skcm,tumor,2.597137628
TCGA-GN-A262-06A-11R-A18T-07,skcm,tumor,2.152069422
TCGA-GN-A263-01A-11R-A18T-07,skcm,tumor,2.326907537
TCGA-GN-A264-06A-11R-A18U-07,skcm,tumor,2.151106882
TCGA-GN-A265-06A-21R-A18T-07,skcm,tumor,2.024080211
TCGA-GN-A266-06A-11R-A18T-07,skcm,tumor,1.604250738
TCGA-GN-A267-06A-21R-A18T-07,skcm,tumor,2.176489525
TCGA-GN-A268-06A-11R-A18T-07,skcm,tumor,2.812900811
TCGA-GN-A26A-06A-11R-A18T-07,skcm,tumor,1.1857817
TCGA-GN-A26C-01A-11R-A18T-07,skcm,tumor,2.025193098
TCGA-GN-A26D-06A-11R-A18T-07,skcm,tumor,2.111162862
TCGA-GN-A4U3-06A-11R-A32P-07,skcm,tumor,2.66142916
TCGA-GN-A4U4-06A-11R-A32P-07,skcm,tumor,2.501154294
TCGA-GN-A4U5-01A-11R-A32P-07,skcm,tumor,2.544971217
TCGA-GN-A4U7-06A-21R-A32P-07,skcm,tumor,1.915558589
TCGA-GN-A4U8-06A-11R-A32P-07,skcm,tumor,2.365696313
TCGA-GN-A4U9-06A-11R-A32P-07,skcm,tumor,2.403720032
TCGA-GN-A8LK-06A-11R-A37K-07,skcm,tumor,2.786231059
TCGA-GN-A8LL-06A-21R-A37K-07,skcm,tumor,2.618599947
TCGA-GN-A8LN-01A-11R-A37K-07,skcm,tumor,2.598613028
TCGA-GN-A9SD-06A-11R-A40A-07,skcm,tumor,2.64625957
TCGA-HR-A2OG-06A-21R-A18U-07,skcm,tumor,2.068069305
TCGA-HR-A2OH-06A-11R-A18U-07,skcm,tumor,2.491414692
TCGA-HR-A5NC-01A-11R-A27Q-07,skcm,tumor,2.747567529
TCGA-IH-A3EA-01A-11R-A20F-07,skcm,tumor,2.406922735
TCGA-LH-A9QB-06A-11R-A38C-07,skcm,tumor,2.389279652
TCGA-OD-A75X-06A-12R-A32P-07,skcm,tumor,2.290933258
TCGA-QB-A6FS-06A-11R-A311-07,skcm,tumor,2.723169384
TCGA-QB-AA9O-06A-11R-A39D-07,skcm,tumor,2.289292255
TCGA-RP-A690-06A-11R-A311-07,skcm,tumor,2.534620416
TCGA-RP-A693-06A-13R-A311-07,skcm,tumor,2.065991738
TCGA-RP-A694-06A-11R-A311-07,skcm,tumor,2.732517247
TCGA-RP-A695-06A-11R-A311-07,skcm,tumor,2.485136192
TCGA-RP-A6K9-06A-41R-A352-07,skcm,tumor,2.252048466
TCGA-W3-A824-06A-21R-A352-07,skcm,tumor,2.513223153
TCGA-W3-A825-06A-11R-A352-07,skcm,tumor,2.294318418
TCGA-W3-A828-06A-11R-A352-07,skcm,tumor,2.070828046
TCGA-W3-AA1O-06A-11R-A38C-07,skcm,tumor,1.848327181
TCGA-W3-AA1Q-06A-11R-A38C-07,skcm,tumor,2.881670499
TCGA-W3-AA1R-06A-11R-A39D-07,skcm,tumor,2.706286244
TCGA-W3-AA1V-06B-11R-A40A-07,skcm,tumor,2.008417825
TCGA-W3-AA1W-06A-11R-A38C-07,skcm,tumor,2.582012249
TCGA-W3-AA21-06A-11R-A38C-07,skcm,tumor,2.793941572
TCGA-WE-A8JZ-06A-11R-A37K-07,skcm,tumor,1.813726316
TCGA-WE-A8K1-06A-21R-A37K-07,skcm,tumor,2.410913875
TCGA-WE-A8K4-01A-12R-A37K-07,skcm,tumor,2.203821542
TCGA-WE-A8K5-06A-11R-A37K-07,skcm,tumor,1.811269755
TCGA-WE-A8K6-06A-11R-A37K-07,skcm,tumor,1.501915969
TCGA-WE-A8ZM-06A-11R-A37K-07,skcm,tumor,2.230196685
TCGA-WE-A8ZN-06A-11R-A37K-07,skcm,tumor,2.26796111
TCGA-WE-A8ZO-06A-11R-A37K-07,skcm,tumor,2.131943063
TCGA-WE-A8ZQ-06A-41R-A37K-07,skcm,tumor,2.195206952
TCGA-WE-A8ZR-06A-11R-A37K-07,skcm,tumor,2.480103671
TCGA-WE-A8ZT-06A-11R-A37K-07,skcm,tumor,2.762333289
TCGA-WE-A8ZX-06A-11R-A37K-07,skcm,tumor,2.578545134
TCGA-WE-A8ZY-06A-11R-A37K-07,skcm,tumor,2.243568572
TCGA-WE-AA9Y-06A-12R-A38C-07,skcm,tumor,2.663700816
TCGA-WE-AAA0-06A-11R-A38C-07,skcm,tumor,2.216682936
TCGA-WE-AAA3-06A-11R-A38C-07,skcm,tumor,2.084524094
TCGA-WE-AAA4-06A-12R-A38C-07,skcm,tumor,2.530889443
TCGA-XV-A9VZ-01A-11R-A38C-07,skcm,tumor,2.203085759
TCGA-XV-A9W2-01A-11R-A39D-07,skcm,tumor,2.348999175
TCGA-XV-A9W5-01A-11R-A38C-07,skcm,tumor,2.038602155
TCGA-XV-AAZV-01A-11R-A40A-07,skcm,tumor,2.843151753
TCGA-XV-AAZW-01A-12R-A40A-07,skcm,tumor,2.398606017
TCGA-XV-AAZY-01A-12R-A40A-07,skcm,tumor,2.728793035
TCGA-XV-AB01-06A-12R-A40A-07,skcm,tumor,2.533722654
TCGA-YD-A89C-06A-11R-A37K-07,skcm,tumor,2.894020074
TCGA-YD-A9TA-06A-11R-A39D-07,skcm,tumor,2.083999253
TCGA-YD-A9TB-06A-12R-A40A-07,skcm,tumor,2.642926618
TCGA-YG-AA3N-01A-11R-A38C-07,skcm,tumor,2.221261909
TCGA-YG-AA3O-06A-11R-A38C-07,skcm,tumor,2.841512684
TCGA-YG-AA3P-06A-11R-A38C-07,skcm,tumor,2.777787826
TCGA-Z2-A8RT-06A-11R-A37K-07,skcm,tumor,2.628937446
TCGA-Z2-AA3S-06A-11R-A39D-07,skcm,tumor,2.452820043
TCGA-Z2-AA3V-06A-11R-A39D-07,skcm,tumor,2.131154195
TCGA-3M-AB46-01A-11R-A414-31,stad,tumor,2.073235009
TCGA-3M-AB47-01A-22R-A414-31,stad,tumor,2.66753241
TCGA-B7-5816-01A-21R-1602-13,stad,tumor,2.471093181
TCGA-B7-5818-01A-11R-1602-13,stad,tumor,2.472683286
TCGA-B7-A5TI-01A-11R-A31P-31,stad,tumor,2.626475289
TCGA-B7-A5TJ-01A-11R-A31P-31,stad,tumor,1.907461085
TCGA-B7-A5TK-01A-12R-A36D-31,stad,tumor,2.805482871
TCGA-B7-A5TN-01A-21R-A31P-31,stad,tumor,2.636269725
TCGA-BR-4187-01A-01R-1131-13,stad,tumor,2.472422569
TCGA-BR-4191-01A-02R-1131-13,stad,tumor,2.494319525
TCGA-BR-4201-01A-01R-1131-13,stad,tumor,2.346000583
TCGA-BR-4253-01A-01R-1131-13,stad,tumor,2.441430707
TCGA-BR-4255-01A-01R-1131-13,stad,tumor,2.666488893
TCGA-BR-4256-01A-01R-1131-13,stad,tumor,2.924427429
TCGA-BR-4257-01A-01R-1131-13,stad,tumor,2.286321317
TCGA-BR-4267-01A-01R-1131-13,stad,tumor,2.710345222
TCGA-BR-4279-01A-01R-1131-13,stad,tumor,2.995010691
TCGA-BR-4280-01A-01R-1131-13,stad,tumor,2.956431643
TCGA-BR-4292-01A-01R-1131-13,stad,tumor,2.397534841
TCGA-BR-4294-01A-01R-1131-13,stad,tumor,2.92770065
TCGA-BR-4357-01A-01R-1157-13,stad,tumor,2.073344898
TCGA-BR-4361-01A-01R-1157-13,stad,tumor,2.238759562
TCGA-BR-4362-01A-01R-1157-13,stad,tumor,2.582028751
TCGA-BR-4363-01A-01R-1157-13,stad,tumor,2.426553089
TCGA-BR-4366-01A-01R-1157-13,stad,tumor,2.261217928
TCGA-BR-4367-01A-01R-1157-13,stad,tumor,2.471197196
TCGA-BR-4368-01A-01R-1157-13,stad,tumor,2.631140155
TCGA-BR-4369-01A-01R-1157-13,stad,tumor,2.816841732
TCGA-BR-4370-01A-01R-1157-13,stad,tumor,2.45877152
TCGA-BR-4371-01A-01R-1157-13,stad,tumor,2.502518746
TCGA-BR-6452-01A-12R-1802-13,stad,tumor,2.620270455
TCGA-BR-6453-01A-11R-1802-13,stad,tumor,2.478323711
TCGA-BR-6454-01A-11R-1802-13,stad,tumor,3.159835148
TCGA-BR-6455-01A-11R-1802-13,stad,tumor,2.751657821
TCGA-BR-6456-01A-11R-1802-13,stad,tumor,2.427906465
TCGA-BR-6457-01A-21R-1802-13,stad,tumor,2.925838695
TCGA-BR-6458-01A-11R-1802-13,stad,tumor,2.805454388
TCGA-BR-6563-01A-13R-2055-13,stad,tumor,2.832726627
TCGA-BR-6564-01A-12R-1884-13,stad,tumor,2.775240344
TCGA-BR-6565-01A-11R-1802-13,stad,tumor,2.628064448
TCGA-BR-6566-01A-11R-1802-13,stad,tumor,2.476403959
TCGA-BR-6705-01A-12R-1884-13,stad,tumor,2.807575468
TCGA-BR-6706-01A-11R-1884-13,stad,tumor,2.924646196
TCGA-BR-6707-01A-11R-1884-13,stad,tumor,2.635125676
TCGA-BR-6709-01A-11R-1884-13,stad,tumor,2.382056141
TCGA-BR-6801-01A-11R-1884-13,stad,tumor,2.269575832
TCGA-BR-6802-01A-11R-1884-13,stad,tumor,3.04336155
TCGA-BR-6803-01A-11R-1884-13,stad,tumor,2.819244364
TCGA-BR-6852-01A-11R-1884-13,stad,tumor,2.648094442
TCGA-BR-7196-01A-11R-2055-13,stad,tumor,3.120015858
TCGA-BR-7197-01A-11R-2203-13,stad,tumor,2.093477857
TCGA-BR-7703-01A-11R-2055-13,stad,tumor,2.932967857
TCGA-BR-7704-01A-11R-2055-13,stad,tumor,2.772025512
TCGA-BR-7707-01A-11R-2055-13,stad,tumor,2.628514047
TCGA-BR-7715-01A-11R-2055-13,stad,tumor,2.136586321
TCGA-BR-7716-01A-21R-2055-13,stad,tumor,2.646627974
TCGA-BR-7717-01A-11R-2055-13,stad,tumor,2.729152214
TCGA-BR-7722-01A-31R-2203-13,stad,tumor,2.553618931
TCGA-BR-7723-01A-11R-2055-13,stad,tumor,2.522799251
TCGA-BR-7851-01A-11R-2203-13,stad,tumor,2.636885467
TCGA-BR-7901-01A-11R-2203-13,stad,tumor,2.077055782
TCGA-BR-7957-01A-11R-2203-13,stad,tumor,2.80448382
TCGA-BR-7958-01A-21R-2343-13,stad,tumor,3.058244702
TCGA-BR-7959-01A-11R-2343-13,stad,tumor,2.567523686
TCGA-BR-8058-01A-31R-2343-13,stad,tumor,2.760847078
TCGA-BR-8059-01A-11R-2343-13,stad,tumor,2.513929967
TCGA-BR-8060-01A-11R-2343-13,stad,tumor,2.275186164
TCGA-BR-8077-01A-11R-2343-13,stad,tumor,2.737249011
TCGA-BR-8078-01A-11R-2343-13,stad,tumor,2.211943663
TCGA-BR-8080-01A-11R-2343-13,stad,tumor,2.629815171
TCGA-BR-8081-01A-11R-2343-13,stad,tumor,2.459548176
TCGA-BR-8284-01A-11R-2343-13,stad,tumor,2.391479948
TCGA-BR-8286-01A-12R-2343-13,stad,tumor,2.829242076
TCGA-BR-8289-01A-11R-2343-13,stad,tumor,2.420559273
TCGA-BR-8291-01A-11R-2343-13,stad,tumor,2.393301922
TCGA-BR-8295-01A-11R-2343-13,stad,tumor,2.696861988
TCGA-BR-8296-01A-11R-2343-13,stad,tumor,2.662890329
TCGA-BR-8297-01A-12R-2343-13,stad,tumor,2.55123279
TCGA-BR-8361-01A-11R-2343-13,stad,tumor,2.935961456
TCGA-BR-8362-01A-11R-2343-13,stad,tumor,2.488934992
TCGA-BR-8363-01A-11R-2343-13,stad,tumor,2.774654617
TCGA-BR-8364-01A-11R-2343-13,stad,tumor,2.532935575
TCGA-BR-8365-01A-21R-2343-13,stad,tumor,2.604634931
TCGA-BR-8366-01A-11R-2343-13,stad,tumor,2.539461171
TCGA-BR-8367-01A-11R-2343-13,stad,tumor,2.447546621
TCGA-BR-8368-01A-11R-2343-13,stad,tumor,3.051719536
TCGA-BR-8369-01A-11R-2343-13,stad,tumor,2.501047109
TCGA-BR-8371-01A-11R-2343-13,stad,tumor,2.152643504
TCGA-BR-8372-01A-11R-2343-13,stad,tumor,2.50175574
TCGA-BR-8373-01A-11R-2343-13,stad,tumor,2.54958221
TCGA-BR-8380-01A-11R-2343-13,stad,tumor,2.585772677
TCGA-BR-8381-01A-11R-2402-13,stad,tumor,2.7735973
TCGA-BR-8382-01A-11R-2402-13,stad,tumor,2.503835865
TCGA-BR-8384-01A-21R-2402-13,stad,tumor,2.593600154
TCGA-BR-8483-01A-31R-2402-13,stad,tumor,2.450775816
TCGA-BR-8484-01A-11R-2402-13,stad,tumor,2.205322503
TCGA-BR-8485-01A-11R-2402-13,stad,tumor,2.862279681
TCGA-BR-8486-01A-31R-2402-13,stad,tumor,2.620566072
TCGA-BR-8487-01A-11R-2402-13,stad,tumor,2.375209106
TCGA-BR-8588-01A-11R-2402-13,stad,tumor,2.776926503
TCGA-BR-8589-01A-11R-2402-13,stad,tumor,2.785178593
TCGA-BR-8590-01A-11R-2402-13,stad,tumor,2.883174937
TCGA-BR-8591-01A-11R-2402-13,stad,tumor,2.337717648
TCGA-BR-8592-01A-11R-2402-13,stad,tumor,2.63699912
TCGA-BR-8676-01A-11R-2402-13,stad,tumor,2.567187215
TCGA-BR-8677-01A-11R-2402-13,stad,tumor,2.765977703
TCGA-BR-8678-01A-11R-2402-13,stad,tumor,2.314352186
TCGA-BR-8679-01A-11R-2402-13,stad,tumor,2.162988487
TCGA-BR-8680-01A-11R-2402-13,stad,tumor,2.679183351
TCGA-BR-8682-01A-11R-2402-13,stad,tumor,1.797722032
TCGA-BR-8683-01A-11R-2402-13,stad,tumor,2.795032778
TCGA-BR-8686-01A-11R-2402-13,stad,tumor,2.873027847
TCGA-BR-8687-01A-11R-2402-13,stad,tumor,2.44729104
TCGA-BR-8690-01A-11R-2402-13,stad,tumor,2.639635783
TCGA-BR-A44T-01A-32R-A24K-31,stad,tumor,1.827799654
TCGA-BR-A44U-01A-11R-A36D-31,stad,tumor,2.655327939
TCGA-BR-A452-01A-91R-A251-31,stad,tumor,3.004615018
TCGA-BR-A453-01A-11R-A24K-31,stad,tumor,2.581789667
TCGA-BR-A4CR-01A-11R-A24K-31,stad,tumor,2.666917029
TCGA-BR-A4CS-01A-11R-A24K-31,stad,tumor,2.87795384
TCGA-BR-A4IU-01A-22R-A251-31,stad,tumor,2.560034921
TCGA-BR-A4IV-01A-31R-A251-31,stad,tumor,2.571490419
TCGA-BR-A4IY-01A-11R-A251-31,stad,tumor,2.747374896
TCGA-BR-A4IZ-01A-32R-A251-31,stad,tumor,2.322463587
TCGA-BR-A4J1-01A-11R-A251-31,stad,tumor,3.201648548
TCGA-BR-A4J2-01A-21R-A251-31,stad,tumor,2.567594264
TCGA-BR-A4J4-01A-12R-A251-31,stad,tumor,2.782905985
TCGA-BR-A4J5-01A-21R-A251-31,stad,tumor,2.355016038
TCGA-BR-A4J6-01A-11R-A251-31,stad,tumor,2.965456282
TCGA-BR-A4J7-01A-31R-A251-31,stad,tumor,2.630622143
TCGA-BR-A4J8-01A-11R-A251-31,stad,tumor,2.605073101
TCGA-BR-A4J9-01A-12R-A251-31,stad,tumor,2.748138042
TCGA-BR-A4PD-01A-11R-A251-31,stad,tumor,2.49445656
TCGA-BR-A4PE-01A-31R-A251-31,stad,tumor,2.006931703
TCGA-BR-A4PF-01A-11R-A251-31,stad,tumor,2.239294487
TCGA-BR-A4QI-01A-12R-A251-31,stad,tumor,2.526961578
TCGA-BR-A4QL-01A-31R-A251-31,stad,tumor,2.587014746
TCGA-BR-A4QM-01A-12R-A251-31,stad,tumor,2.593840028
TCGA-CD-5798-01A-11R-1602-13,stad,tumor,2.528552373
TCGA-CD-5799-01A-11R-1602-13,stad,tumor,2.016964642
TCGA-CD-5800-01A-11R-1602-13,stad,tumor,2.535982178
TCGA-CD-5801-01A-11R-1602-13,stad,tumor,2.827175502
TCGA-CD-5803-01A-11R-1602-13,stad,tumor,2.761564189
TCGA-CD-5804-01A-12R-2055-13,stad,tumor,2.335916019
TCGA-CD-5813-01A-11R-1602-13,stad,tumor,2.69895157
TCGA-CD-8524-01A-11R-2343-13,stad,tumor,2.903251627
TCGA-CD-8525-01A-11R-2343-13,stad,tumor,2.799004278
TCGA-CD-8526-01A-11R-2343-13,stad,tumor,2.948657769
TCGA-CD-8527-01A-11R-2343-13,stad,tumor,2.99757112
TCGA-CD-8528-01A-11R-2343-13,stad,tumor,2.693694888
TCGA-CD-8529-01A-11R-2343-13,stad,tumor,2.682755327
TCGA-CD-8530-01A-11R-2343-13,stad,tumor,2.820110727
TCGA-CD-8531-01A-11R-2343-13,stad,tumor,2.39761066
TCGA-CD-8532-01A-11R-2343-13,stad,tumor,2.459049706
TCGA-CD-8533-01A-11R-2343-13,stad,tumor,2.780092414
TCGA-CD-8534-01A-11R-2343-13,stad,tumor,2.795318745
TCGA-CD-8535-01A-11R-2343-13,stad,tumor,1.918626205
TCGA-CD-8536-01A-11R-2343-13,stad,tumor,2.924290106
TCGA-CD-A486-01A-11R-A24K-31,stad,tumor,2.030753083
TCGA-CD-A487-01A-21R-A24K-31,stad,tumor,3.186183348
TCGA-CD-A489-01A-11R-A24K-31,stad,tumor,2.585964628
TCGA-CD-A48A-01A-12R-A36D-31,stad,tumor,2.62539551
TCGA-CD-A48C-01A-11R-A24K-31,stad,tumor,2.7213313
TCGA-CD-A4MG-01A-11R-A251-31,stad,tumor,2.412789079
TCGA-CD-A4MH-01A-11R-A251-31,stad,tumor,2.954074924
TCGA-CD-A4MI-01A-21R-A251-31,stad,tumor,2.593162494
TCGA-CD-A4MJ-01A-11R-A251-31,stad,tumor,2.793632331
TCGA-CG-4301-01A-01R-1157-13,stad,tumor,2.141520025
TCGA-CG-4304-01A-01R-1157-13,stad,tumor,2.584975507
TCGA-CG-4305-01A-01R-1157-13,stad,tumor,2.315441228
TCGA-CG-4306-01A-01R-1157-13,stad,tumor,2.665604394
TCGA-CG-4436-01A-01R-1157-13,stad,tumor,2.514248084
TCGA-CG-4437-01A-01R-1802-13,stad,tumor,2.734791364
TCGA-CG-4438-01A-01R-1157-13,stad,tumor,2.074627653
TCGA-CG-4440-01A-01R-1157-13,stad,tumor,2.431427774
TCGA-CG-4441-01A-01R-1802-13,stad,tumor,2.499698029
TCGA-CG-4442-01A-01R-1157-13,stad,tumor,2.402652212
TCGA-CG-4443-01A-01R-1157-13,stad,tumor,2.578463953
TCGA-CG-4444-01A-01R-1157-13,stad,tumor,3.151646011
TCGA-CG-4449-01A-01R-1157-13,stad,tumor,2.303103836
TCGA-CG-4460-01A-01R-1157-13,stad,tumor,2.362102678
TCGA-CG-4462-01A-01R-1157-13,stad,tumor,2.409829314
TCGA-CG-4465-01A-01R-1157-13,stad,tumor,2.270603845
TCGA-CG-4466-01A-01R-1157-13,stad,tumor,2.271221589
TCGA-CG-4469-01A-01R-1157-13,stad,tumor,2.563817966
TCGA-CG-4472-01A-01R-1157-13,stad,tumor,2.250518838
TCGA-CG-4474-01A-02R-1157-13,stad,tumor,2.628747487
TCGA-CG-4475-01A-01R-1157-13,stad,tumor,2.514524563
TCGA-CG-4476-01A-01R-1157-13,stad,tumor,2.809369393
TCGA-CG-4477-01A-01R-1157-13,stad,tumor,2.652126565
TCGA-CG-5716-01A-21R-1802-13,stad,tumor,2.971878164
TCGA-CG-5717-01A-11R-1602-13,stad,tumor,2.937120912
TCGA-CG-5718-01A-11R-1602-13,stad,tumor,2.836718297
TCGA-CG-5719-01A-11R-1602-13,stad,tumor,2.04097169
TCGA-CG-5720-01A-11R-1602-13,stad,tumor,3.072202309
TCGA-CG-5721-01A-11R-1602-13,stad,tumor,2.509931572
TCGA-CG-5722-01A-21R-1602-13,stad,tumor,2.98544098
TCGA-CG-5723-01A-11R-1602-13,stad,tumor,2.742662071
TCGA-CG-5724-01A-11R-1602-13,stad,tumor,2.168617026
TCGA-CG-5725-01A-11R-1602-13,stad,tumor,2.448497435
TCGA-CG-5726-01A-11R-1602-13,stad,tumor,2.703904995
TCGA-CG-5732-01A-11R-1602-13,stad,tumor,3.111632145
TCGA-CG-5734-01A-11R-1602-13,stad,tumor,2.730093943
TCGA-D7-5577-01A-01R-1602-13,stad,tumor,2.708771257
TCGA-D7-5578-01A-01R-1602-13,stad,tumor,3.162546546
TCGA-D7-6518-01A-11R-1802-13,stad,tumor,2.591964985
TCGA-D7-6519-01A-11R-1802-13,stad,tumor,2.895603667
TCGA-D7-6520-01A-11R-1802-13,stad,tumor,2.769426935
TCGA-D7-6521-01A-11R-1802-13,stad,tumor,2.670214851
TCGA-D7-6522-01A-11R-1802-13,stad,tumor,2.65427148
TCGA-D7-6524-01A-11R-1802-13,stad,tumor,2.713864529
TCGA-D7-6525-01A-11R-1802-13,stad,tumor,2.693323259
TCGA-D7-6526-01A-11R-1802-13,stad,tumor,2.741802081
TCGA-D7-6527-01A-11R-1802-13,stad,tumor,2.954806882
TCGA-D7-6528-01A-11R-1802-13,stad,tumor,2.423799764
TCGA-D7-6815-01A-11R-1884-13,stad,tumor,2.213854031
TCGA-D7-6817-01A-11R-1884-13,stad,tumor,2.900461436
TCGA-D7-6818-01A-11R-1884-13,stad,tumor,2.265515713
TCGA-D7-6820-01A-11R-1884-13,stad,tumor,2.765952707
TCGA-D7-6822-01A-11R-1884-13,stad,tumor,2.692392737
TCGA-D7-8570-01A-11R-2343-13,stad,tumor,2.361643041
TCGA-D7-8572-01A-11R-2343-13,stad,tumor,1.826386593
TCGA-D7-8573-01A-11R-2343-13,stad,tumor,2.899963048
TCGA-D7-8574-01A-13R-2343-13,stad,tumor,2.226124039
TCGA-D7-8575-01A-11R-2343-13,stad,tumor,2.123541675
TCGA-D7-8576-01A-11R-2343-13,stad,tumor,2.346632993
TCGA-D7-8578-01A-21R-2343-13,stad,tumor,2.962836008
TCGA-D7-8579-01A-11R-2343-13,stad,tumor,2.896519472
TCGA-D7-A4YT-01A-11R-A251-31,stad,tumor,2.697300576
TCGA-D7-A4YU-01A-21R-A251-31,stad,tumor,2.710752425
TCGA-D7-A4YV-01A-11R-A251-31,stad,tumor,2.895121826
TCGA-D7-A4YX-01A-11R-A251-31,stad,tumor,2.63476952
TCGA-D7-A4YY-01A-11R-A251-31,stad,tumor,2.135708039
TCGA-D7-A4Z0-01A-22R-A251-31,stad,tumor,2.865088826
TCGA-D7-A6EV-01A-11R-A31P-31,stad,tumor,2.8788666
TCGA-D7-A6EX-01A-11R-A31P-31,stad,tumor,2.833602121
TCGA-D7-A6EY-01A-21R-A31P-31,stad,tumor,2.66921391
TCGA-D7-A6EZ-01A-11R-A31P-31,stad,tumor,2.139426386
TCGA-D7-A6F0-01A-11R-A31P-31,stad,tumor,2.35437139
TCGA-D7-A6F2-01A-12R-A31P-31,stad,tumor,2.843776036
TCGA-D7-A747-01A-22R-A33Y-31,stad,tumor,2.697168544
TCGA-D7-A748-01A-12R-A32D-31,stad,tumor,1.991857118
TCGA-D7-A74A-01A-11R-A32D-31,stad,tumor,2.845385306
TCGA-EQ-8122-01A-11R-2343-13,stad,tumor,2.392934953
TCGA-EQ-A4SO-01A-11R-A251-31,stad,tumor,2.558031336
TCGA-F1-6177-01A-11R-1802-13,stad,tumor,2.414869181
TCGA-F1-6874-01A-11R-1884-13,stad,tumor,2.163552962
TCGA-F1-6875-01A-11R-2055-13,stad,tumor,2.394477853
TCGA-F1-A448-01A-11R-A24K-31,stad,tumor,2.62711142
TCGA-F1-A72C-01A-21R-A33Y-31,stad,tumor,2.929856561
TCGA-FP-7735-01A-11R-2055-13,stad,tumor,2.633876194
TCGA-FP-7829-01A-11R-2055-13,stad,tumor,2.363091712
TCGA-FP-7916-01A-11R-2203-13,stad,tumor,2.913302946
TCGA-FP-7998-01A-11R-2203-13,stad,tumor,2.658128528
TCGA-FP-8099-01A-11R-2343-13,stad,tumor,2.464905556
TCGA-FP-8209-01A-11R-2343-13,stad,tumor,2.569378241
TCGA-FP-8210-01A-11R-2343-13,stad,tumor,2.814881443
TCGA-FP-8211-01A-11R-2343-13,stad,tumor,2.689681473
TCGA-FP-8631-01A-11R-2402-13,stad,tumor,2.737202004
TCGA-FP-A4BE-01A-12R-A24K-31,stad,tumor,2.464499251
TCGA-FP-A4BF-01A-12R-A36D-31,stad,tumor,2.70809345
TCGA-FP-A8CX-01A-11R-A36D-31,stad,tumor,2.914645408
TCGA-FP-A9TM-01A-11R-A39E-31,stad,tumor,1.798893092
TCGA-HF-7131-01A-11R-2055-13,stad,tumor,2.810635198
TCGA-HF-7132-01A-11R-2055-13,stad,tumor,2.666101162
TCGA-HF-7133-01A-11R-2055-13,stad,tumor,2.407609851
TCGA-HF-7134-01A-11R-2055-13,stad,tumor,2.855372047
TCGA-HF-7136-01A-11R-2055-13,stad,tumor,1.915305701
TCGA-HF-A5NB-01A-11R-A31P-31,stad,tumor,2.81632995
TCGA-HJ-7597-01A-21R-2203-13,stad,tumor,2.858912532
TCGA-HU-8238-01A-11R-2343-13,stad,tumor,2.892134739
TCGA-HU-8243-01A-11R-2343-13,stad,tumor,3.246664696
TCGA-HU-8244-01A-11R-2343-13,stad,tumor,2.414931062
TCGA-HU-8249-01A-11R-A36D-31,stad,tumor,2.619840128
TCGA-HU-8602-01A-11R-2402-13,stad,tumor,2.243131522
TCGA-HU-8604-01A-11R-2402-13,stad,tumor,2.615033721
TCGA-HU-8608-01A-11R-2402-13,stad,tumor,2.645708747
TCGA-HU-8610-01A-22R-2402-13,stad,tumor,2.565775016
TCGA-HU-A4G2-01A-11R-A251-31,stad,tumor,2.561877062
TCGA-HU-A4G3-01A-11R-A24K-31,stad,tumor,2.574073124
TCGA-HU-A4G6-01A-11R-A24K-31,stad,tumor,2.930903865
TCGA-HU-A4G8-01A-11R-A251-31,stad,tumor,2.426433426
TCGA-HU-A4G9-01A-11R-A24K-31,stad,tumor,2.899737171
TCGA-HU-A4GC-01A-12R-A251-31,stad,tumor,2.997912035
TCGA-HU-A4GD-01A-11R-A36D-31,stad,tumor,3.070483048
TCGA-HU-A4GF-01A-11R-A24K-31,stad,tumor,2.711744185
TCGA-HU-A4GH-01A-11R-A24K-31,stad,tumor,2.919086071
TCGA-HU-A4GJ-01A-11R-A251-31,stad,tumor,2.559444595
TCGA-HU-A4GN-01A-11R-A251-31,stad,tumor,2.906261663
TCGA-HU-A4GP-01A-11R-A251-31,stad,tumor,2.915406176
TCGA-HU-A4GQ-01A-11R-A36D-31,stad,tumor,2.716294062
TCGA-HU-A4GT-01A-21R-A251-31,stad,tumor,2.408177621
TCGA-HU-A4GU-01A-11R-A251-31,stad,tumor,2.613761585
TCGA-HU-A4GX-01A-12R-A251-31,stad,tumor,2.843255513
TCGA-HU-A4GY-01A-21R-A24K-31,stad,tumor,2.408100872
TCGA-HU-A4H0-01A-11R-A251-31,stad,tumor,2.460478512
TCGA-HU-A4H2-01A-11R-A251-31,stad,tumor,3.087996976
TCGA-HU-A4H3-01A-21R-A251-31,stad,tumor,2.86051216
TCGA-HU-A4H4-01A-21R-A251-31,stad,tumor,2.717446499
TCGA-HU-A4H5-01A-21R-A251-31,stad,tumor,2.608995182
TCGA-HU-A4H6-01A-11R-A251-31,stad,tumor,2.965151678
TCGA-HU-A4H8-01A-11R-A251-31,stad,tumor,2.928461061
TCGA-HU-A4HB-01A-12R-A251-31,stad,tumor,2.640007815
TCGA-HU-A4HD-01A-11R-A251-31,stad,tumor,2.497398665
TCGA-IN-7806-01A-11R-2055-13,stad,tumor,2.170262141
TCGA-IN-7808-01A-11R-2203-13,stad,tumor,2.460729553
TCGA-IN-8462-01A-11R-2343-13,stad,tumor,2.989200652
TCGA-IN-8663-01A-11R-2402-13,stad,tumor,2.507635018
TCGA-IN-A6RI-01A-11R-A32D-31,stad,tumor,2.433067093
TCGA-IN-A6RJ-01A-21R-A33Y-31,stad,tumor,2.996989171
TCGA-IN-A6RL-01A-11R-A32D-31,stad,tumor,2.748592435
TCGA-IN-A6RN-01A-12R-A33Y-31,stad,tumor,2.341001518
TCGA-IN-A6RO-01A-12R-A33Y-31,stad,tumor,2.657557292
TCGA-IN-A6RR-01A-12R-A32D-31,stad,tumor,3.032717182
TCGA-IN-A6RS-01A-12R-A354-31,stad,tumor,2.973875549
TCGA-IN-A7NR-01A-11R-A354-31,stad,tumor,3.094923252
TCGA-IN-A7NT-01A-21R-A354-31,stad,tumor,2.759088083
TCGA-IN-A7NU-01A-22R-A354-31,stad,tumor,2.755495055
TCGA-IN-AB1V-01A-21R-A414-31,stad,tumor,3.044982086
TCGA-IN-AB1X-01A-11R-A39E-31,stad,tumor,2.990635693
TCGA-IP-7968-01A-11R-2203-13,stad,tumor,2.920983367
TCGA-KB-A6F7-01A-12R-A32D-31,stad,tumor,2.736490604
TCGA-KB-A93G-01A-11R-A39E-31,stad,tumor,2.381357997
TCGA-KB-A93H-01A-11R-A39E-31,stad,tumor,2.628836345
TCGA-KB-A93J-01A-11R-A39E-31,stad,tumor,2.146376675
TCGA-MX-A5UG-01A-21R-A31P-31,stad,tumor,2.704248709
TCGA-MX-A5UJ-01A-11R-A31P-31,stad,tumor,2.830209914
TCGA-MX-A663-01A-11R-A31P-31,stad,tumor,2.301524534
TCGA-MX-A666-01A-11R-A31P-31,stad,tumor,2.392499407
TCGA-R5-A7O7-01A-11R-A33Y-31,stad,tumor,2.635089003
TCGA-R5-A7ZE-01B-11R-A354-31,stad,tumor,2.696514995
TCGA-R5-A7ZF-01A-11R-A354-31,stad,tumor,2.64047615
TCGA-R5-A7ZI-01A-11R-A354-31,stad,tumor,3.126592302
TCGA-R5-A7ZR-01A-11R-A354-31,stad,tumor,2.572470717
TCGA-R5-A805-01A-11R-A36D-31,stad,tumor,2.826376082
TCGA-RD-A7BS-01A-11R-A32D-31,stad,tumor,2.594390246
TCGA-RD-A7BT-01A-11R-A33Y-31,stad,tumor,2.910678858
TCGA-RD-A7BW-01A-11R-A32D-31,stad,tumor,2.171656391
TCGA-RD-A7C1-01A-11R-A32D-31,stad,tumor,2.787548625
TCGA-RD-A8MV-01A-11R-A36D-31,stad,tumor,3.047161208
TCGA-RD-A8MW-01A-11R-A36D-31,stad,tumor,2.184743754
TCGA-RD-A8N0-01A-12R-A36D-31,stad,tumor,2.800587066
TCGA-RD-A8N1-01A-12R-A36D-31,stad,tumor,2.611898082
TCGA-RD-A8N2-01A-12R-A36D-31,stad,tumor,2.852107622
TCGA-RD-A8N4-01A-21R-A36D-31,stad,tumor,2.63388039
TCGA-RD-A8N5-01A-12R-A36D-31,stad,tumor,2.258623994
TCGA-RD-A8N6-01A-11R-A36D-31,stad,tumor,2.314469293
TCGA-RD-A8N9-01A-12R-A39E-31,stad,tumor,2.974395536
TCGA-RD-A8NB-01A-12R-A39E-31,stad,tumor,2.877967267
TCGA-SW-A7EA-01A-12R-A354-31,stad,tumor,3.101744102
TCGA-SW-A7EB-01A-11R-A354-31,stad,tumor,2.897843442
TCGA-VQ-A8DT-01A-11R-A36D-31,stad,tumor,2.713075197
TCGA-VQ-A8DU-01A-11R-A36D-31,stad,tumor,2.835218911
TCGA-VQ-A8DV-01A-12R-A36D-31,stad,tumor,2.821610961
TCGA-VQ-A8DZ-01A-11R-A36D-31,stad,tumor,2.881105238
TCGA-VQ-A8E0-01A-11R-A414-31,stad,tumor,2.59881559
TCGA-VQ-A8E2-01A-11R-A36D-31,stad,tumor,2.053559928
TCGA-VQ-A8E3-01A-11R-A39E-31,stad,tumor,3.138903938
TCGA-VQ-A8E7-01B-11R-A414-31,stad,tumor,3.009724249
TCGA-VQ-A8P2-01A-11R-A36D-31,stad,tumor,2.404762813
TCGA-VQ-A8P3-01A-11R-A36D-31,stad,tumor,2.990756131
TCGA-VQ-A8P5-01A-11R-A39E-31,stad,tumor,2.862640813
TCGA-VQ-A8P8-01A-11R-A39E-31,stad,tumor,2.777838725
TCGA-VQ-A8PB-01A-11R-A39E-31,stad,tumor,2.912446875
TCGA-VQ-A8PC-01A-11R-A39E-31,stad,tumor,2.691760962
TCGA-VQ-A8PD-01A-11R-A414-31,stad,tumor,2.755595975
TCGA-VQ-A8PE-01A-11R-A414-31,stad,tumor,2.949228895
TCGA-VQ-A8PF-01A-11R-A414-31,stad,tumor,2.70567467
TCGA-VQ-A8PH-01A-12R-A414-31,stad,tumor,2.960801989
TCGA-VQ-A8PJ-01A-11R-A414-31,stad,tumor,2.731011309
TCGA-VQ-A8PK-01A-12R-A414-31,stad,tumor,2.813956619
TCGA-VQ-A8PM-01A-21R-A414-31,stad,tumor,3.09746623
TCGA-VQ-A8PO-01A-11R-A414-31,stad,tumor,2.757817146
TCGA-VQ-A8PP-01A-21R-A414-31,stad,tumor,2.76018288
TCGA-VQ-A8PQ-01A-11R-A414-31,stad,tumor,2.305964977
TCGA-VQ-A8PU-01A-12R-A414-31,stad,tumor,2.516832846
TCGA-VQ-A8PX-01A-12R-A414-31,stad,tumor,3.085905123
TCGA-VQ-A91A-01A-11R-A414-31,stad,tumor,2.216450444
TCGA-VQ-A91D-01A-11R-A414-31,stad,tumor,2.183693028
TCGA-VQ-A91E-01A-31R-A414-31,stad,tumor,2.789922212
TCGA-VQ-A91K-01A-11R-A414-31,stad,tumor,2.482569675
TCGA-VQ-A91N-01A-11R-A414-31,stad,tumor,3.024554157
TCGA-VQ-A91Q-01A-12R-A414-31,stad,tumor,2.880787552
TCGA-VQ-A91S-01A-11R-A414-31,stad,tumor,2.499794855
TCGA-VQ-A91U-01A-11R-A414-31,stad,tumor,2.737228114
TCGA-VQ-A91V-01A-11R-A414-31,stad,tumor,3.001113608
TCGA-VQ-A91W-01A-11R-A414-31,stad,tumor,2.283893231
TCGA-VQ-A91X-01A-12R-A414-31,stad,tumor,3.147757863
TCGA-VQ-A91Y-01A-11R-A414-31,stad,tumor,2.646199468
TCGA-VQ-A91Z-01A-11R-A414-31,stad,tumor,2.7315816
TCGA-VQ-A922-01A-11R-A414-31,stad,tumor,2.283978657
TCGA-VQ-A923-01A-11R-A414-31,stad,tumor,2.771459309
TCGA-VQ-A924-01A-11R-A414-31,stad,tumor,2.432131162
TCGA-VQ-A925-01A-11R-A414-31,stad,tumor,2.960321682
TCGA-VQ-A927-01A-12R-A414-31,stad,tumor,2.917620206
TCGA-VQ-A928-01A-11R-A414-31,stad,tumor,2.393675715
TCGA-VQ-A92D-01A-11R-A414-31,stad,tumor,2.61806528
TCGA-VQ-A94O-01A-11R-A414-31,stad,tumor,2.679651988
TCGA-VQ-A94P-01A-13R-A414-31,stad,tumor,2.72920977
TCGA-VQ-A94R-01A-11R-A414-31,stad,tumor,2.821812792
TCGA-VQ-A94T-01A-11R-A414-31,stad,tumor,2.507145214
TCGA-VQ-A94U-01A-12R-A414-31,stad,tumor,2.423057686
TCGA-VQ-AA64-01A-11R-A414-31,stad,tumor,2.829277455
TCGA-VQ-AA68-01A-11R-A414-31,stad,tumor,2.931919249
TCGA-VQ-AA69-01A-11R-A414-31,stad,tumor,2.614182422
TCGA-VQ-AA6A-01A-11R-A414-31,stad,tumor,2.25056646
TCGA-VQ-AA6B-01A-11R-A414-31,stad,tumor,2.731465574
TCGA-VQ-AA6D-01A-11R-A414-31,stad,tumor,2.513971681
TCGA-VQ-AA6F-01A-31R-A414-31,stad,tumor,2.973014064
TCGA-VQ-AA6G-01A-11R-A414-31,stad,tumor,2.71515693
TCGA-VQ-AA6I-01A-11R-A414-31,stad,tumor,3.03085769
TCGA-VQ-AA6J-01A-11R-A414-31,stad,tumor,2.016162284
TCGA-VQ-AA6K-01A-11R-A414-31,stad,tumor,3.078227972
TCGA-ZA-A8F6-01A-23R-A36D-31,stad,tumor,1.512808896
TCGA-ZQ-A9CR-01A-11R-A39E-31,stad,tumor,2.697986949
TCGA-2G-AAEW-01A-11R-A430-07,tgct,tumor,2.076821967
TCGA-2G-AAEX-01A-11R-A430-07,tgct,tumor,3.023981392
TCGA-2G-AAF1-01A-11R-A430-07,tgct,tumor,2.482231714
TCGA-2G-AAF4-01A-11R-A430-07,tgct,tumor,2.726168353
TCGA-2G-AAF6-01A-11R-A430-07,tgct,tumor,2.324917553
TCGA-2G-AAF8-01A-11R-A430-07,tgct,tumor,2.77833548
TCGA-2G-AAFE-01A-11R-A430-07,tgct,tumor,2.246084637
TCGA-2G-AAFG-05A-11R-A430-07,tgct,tumor,2.475389375
TCGA-2G-AAFG-01A-11R-A430-07,tgct,tumor,2.368762755
TCGA-2G-AAFH-01A-12R-A430-07,tgct,tumor,2.514997871
TCGA-2G-AAFI-01A-21R-A430-07,tgct,tumor,2.421571753
TCGA-2G-AAFJ-01A-11R-A430-07,tgct,tumor,2.465900982
TCGA-2G-AAFL-01A-21R-A430-07,tgct,tumor,2.751941365
TCGA-2G-AAFM-01A-11R-A430-07,tgct,tumor,2.579150197
TCGA-2G-AAFN-01A-31R-A430-07,tgct,tumor,2.966425107
TCGA-2G-AAFO-01A-31R-A430-07,tgct,tumor,2.60369423
TCGA-2G-AAFV-01A-11R-A430-07,tgct,tumor,1.951209118
TCGA-2G-AAFY-01A-11R-A430-07,tgct,tumor,2.289283659
TCGA-2G-AAFZ-01A-11R-A430-07,tgct,tumor,2.604070195
TCGA-2G-AAG0-01A-11R-A430-07,tgct,tumor,2.446041652
TCGA-2G-AAG3-01A-11R-A430-07,tgct,tumor,2.165580084
TCGA-2G-AAG5-01A-11R-A430-07,tgct,tumor,1.668344889
TCGA-2G-AAG6-01A-11R-A430-07,tgct,tumor,2.653558538
TCGA-2G-AAG7-01A-11R-A430-07,tgct,tumor,2.508813508
TCGA-2G-AAG8-01A-31R-A430-07,tgct,tumor,2.576150148
TCGA-2G-AAG9-01A-11R-A430-07,tgct,tumor,1.944124822
TCGA-2G-AAGA-01A-11R-A430-07,tgct,tumor,2.615096658
TCGA-2G-AAGC-01A-21R-A430-07,tgct,tumor,2.4121137
TCGA-2G-AAGE-01A-21R-A430-07,tgct,tumor,1.737227579
TCGA-2G-AAGF-01A-31R-A430-07,tgct,tumor,1.61847088
TCGA-2G-AAGG-01A-11R-A430-07,tgct,tumor,2.296691667
TCGA-2G-AAGI-05A-11R-A430-07,tgct,tumor,2.481536002
TCGA-2G-AAGI-01A-11R-A430-07,tgct,tumor,2.175438612
TCGA-2G-AAGJ-01A-11R-A430-07,tgct,tumor,2.150281935
TCGA-2G-AAGK-01A-11R-A430-07,tgct,tumor,2.357301558
TCGA-2G-AAGM-01A-11R-A430-07,tgct,tumor,2.695152948
TCGA-2G-AAGN-01A-11R-A430-07,tgct,tumor,2.206836882
TCGA-2G-AAGO-01A-11R-A430-07,tgct,tumor,2.62436058
TCGA-2G-AAGP-01A-11R-A430-07,tgct,tumor,2.166892675
TCGA-2G-AAGS-01A-11R-A430-07,tgct,tumor,1.915075366
TCGA-2G-AAGT-01A-11R-A430-07,tgct,tumor,2.026466609
TCGA-2G-AAGV-01A-11R-A430-07,tgct,tumor,3.125350057
TCGA-2G-AAGW-01A-11R-A430-07,tgct,tumor,2.989822446
TCGA-2G-AAGX-01A-11R-A430-07,tgct,tumor,2.467524391
TCGA-2G-AAGY-05A-11R-A430-07,tgct,tumor,2.790937539
TCGA-2G-AAGY-01A-11R-A430-07,tgct,tumor,2.332761411
TCGA-2G-AAGZ-01A-11R-A430-07,tgct,tumor,2.490225447
TCGA-2G-AAH0-01A-11R-A430-07,tgct,tumor,2.457954495
TCGA-2G-AAH2-01A-11R-A430-07,tgct,tumor,2.375051251
TCGA-2G-AAH3-01A-11R-A430-07,tgct,tumor,2.08714863
TCGA-2G-AAH4-01A-12R-A430-07,tgct,tumor,2.104826442
TCGA-2G-AAH8-01A-11R-A430-07,tgct,tumor,2.520264273
TCGA-2G-AAHA-01A-11R-A430-07,tgct,tumor,1.735316686
TCGA-2G-AAHC-01A-11R-A430-07,tgct,tumor,2.185635608
TCGA-2G-AAHG-01A-11R-A430-07,tgct,tumor,2.593216199
TCGA-2G-AAHL-01A-11R-A430-07,tgct,tumor,2.422666452
TCGA-2G-AAHN-01A-11R-A430-07,tgct,tumor,2.027314643
TCGA-2G-AAHP-05A-11R-A430-07,tgct,tumor,2.816678957
TCGA-2G-AAHP-01A-12R-A430-07,tgct,tumor,2.78892651
TCGA-2G-AAHT-01A-11R-A430-07,tgct,tumor,2.013233394
TCGA-2G-AAKD-01A-31R-A430-07,tgct,tumor,2.585619145
TCGA-2G-AAKG-05A-11R-A430-07,tgct,tumor,2.867274352
TCGA-2G-AAKG-01A-11R-A430-07,tgct,tumor,2.137357496
TCGA-2G-AAKH-01A-11R-A430-07,tgct,tumor,2.842023997
TCGA-2G-AAKL-01A-11R-A430-07,tgct,tumor,2.321437627
TCGA-2G-AAKM-01A-11R-A430-07,tgct,tumor,1.469484544
TCGA-2G-AAKO-05A-11R-A430-07,tgct,tumor,2.213878005
TCGA-2G-AAKO-01A-11R-A430-07,tgct,tumor,2.367417438
TCGA-2G-AAL5-01A-11R-A430-07,tgct,tumor,2.177953862
TCGA-2G-AAL7-01A-11R-A430-07,tgct,tumor,2.216727514
TCGA-2G-AALF-01A-11R-A430-07,tgct,tumor,2.420036047
TCGA-2G-AALG-01A-11R-A430-07,tgct,tumor,2.278852645
TCGA-2G-AALN-01A-11R-A430-07,tgct,tumor,1.754450973
TCGA-2G-AALO-01A-12R-A430-07,tgct,tumor,2.312118642
TCGA-2G-AALP-01A-12R-A430-07,tgct,tumor,2.237161072
TCGA-2G-AALQ-01A-12R-A430-07,tgct,tumor,2.44365473
TCGA-2G-AALR-01A-21R-A430-07,tgct,tumor,2.492754171
TCGA-2G-AALS-01A-12R-A430-07,tgct,tumor,2.685100123
TCGA-2G-AALT-01A-11R-A430-07,tgct,tumor,1.900075084
TCGA-2G-AALW-01A-11R-A430-07,tgct,tumor,2.546907544
TCGA-2G-AALX-01A-11R-A430-07,tgct,tumor,2.454823251
TCGA-2G-AALY-01A-11R-A430-07,tgct,tumor,2.155624192
TCGA-2G-AALZ-01A-11R-A430-07,tgct,tumor,2.459674795
TCGA-2G-AAM2-01A-11R-A430-07,tgct,tumor,2.787470212
TCGA-2G-AAM3-01A-11R-A430-07,tgct,tumor,1.984260836
TCGA-2G-AAM4-01A-11R-A430-07,tgct,tumor,2.573268517
TCGA-2X-A9D5-01A-11R-A430-07,tgct,tumor,2.488099083
TCGA-2X-A9D6-01A-11R-A430-07,tgct,tumor,2.304260892
TCGA-4K-AA1G-01A-11R-A430-07,tgct,tumor,2.52497836
TCGA-4K-AA1H-01A-11R-A430-07,tgct,tumor,2.554503487
TCGA-4K-AA1I-01A-11R-A430-07,tgct,tumor,2.462177101
TCGA-4K-AAAL-01A-11R-A430-07,tgct,tumor,2.735364564
TCGA-S6-A8JW-01A-11R-A430-07,tgct,tumor,2.799388354
TCGA-S6-A8JX-01A-11R-A430-07,tgct,tumor,2.465360672
TCGA-S6-A8JY-01A-11R-A431-07,tgct,tumor,2.577042583
TCGA-SB-A6J6-01A-11R-A431-07,tgct,tumor,2.562622307
TCGA-SB-A76C-01A-11R-A431-07,tgct,tumor,2.815715192
TCGA-SN-A6IS-01A-11R-A431-07,tgct,tumor,2.694166766
TCGA-SN-A84W-01A-11R-A431-07,tgct,tumor,2.322770228
TCGA-SN-A84X-01A-11R-A431-07,tgct,tumor,2.229791752
TCGA-SN-A84Y-01A-11R-A431-07,tgct,tumor,2.570089884
TCGA-SO-A8JP-01A-11R-A431-07,tgct,tumor,2.723851238
TCGA-VF-A8A8-01A-11R-A431-07,tgct,tumor,2.5084195
TCGA-VF-A8A9-01A-11R-A431-07,tgct,tumor,2.368386722
TCGA-VF-A8AA-01A-11R-A431-07,tgct,tumor,2.72207536
TCGA-VF-A8AB-01A-31R-A431-07,tgct,tumor,1.940745524
TCGA-VF-A8AC-01A-11R-A431-07,tgct,tumor,2.913069064
TCGA-VF-A8AD-01A-11R-A431-07,tgct,tumor,2.223733336
TCGA-VF-A8AE-01A-11R-A431-07,tgct,tumor,2.579550688
TCGA-W4-A7U2-01A-11R-A431-07,tgct,tumor,2.837228624
TCGA-W4-A7U3-01A-12R-A431-07,tgct,tumor,1.785225429
TCGA-W4-A7U4-01A-12R-A431-07,tgct,tumor,2.320820548
TCGA-WZ-A7V3-01A-11R-A431-07,tgct,tumor,2.804406556
TCGA-WZ-A7V4-01A-11R-A431-07,tgct,tumor,2.803698785
TCGA-WZ-A7V5-01A-11R-A431-07,tgct,tumor,2.64562429
TCGA-WZ-A8D5-01A-11R-A431-07,tgct,tumor,2.529912874
TCGA-X3-A8G4-01A-11R-A431-07,tgct,tumor,2.244955729
TCGA-XE-A8H1-01A-11R-A431-07,tgct,tumor,2.610975758
TCGA-XE-A8H4-01A-31R-A431-07,tgct,tumor,2.406026776
TCGA-XE-A8H5-01A-11R-A431-07,tgct,tumor,2.782309204
TCGA-XE-A9SE-01A-21R-A431-07,tgct,tumor,2.64825468
TCGA-XE-AANI-01A-11R-A431-07,tgct,tumor,2.379009494
TCGA-XE-AANJ-01A-11R-A431-07,tgct,tumor,2.645273042
TCGA-XE-AANR-01A-11R-A431-07,tgct,tumor,2.494303746
TCGA-XE-AANV-01A-11R-A431-07,tgct,tumor,2.479431131
TCGA-XE-AAO3-01A-11R-A431-07,tgct,tumor,2.90031997
TCGA-XE-AAO4-01A-11R-A431-07,tgct,tumor,2.613435906
TCGA-XE-AAO6-01A-31R-A431-07,tgct,tumor,2.510429086
TCGA-XE-AAOB-01A-11R-A431-07,tgct,tumor,2.293964121
TCGA-XE-AAOC-01A-11R-A431-07,tgct,tumor,1.914304017
TCGA-XE-AAOD-01A-11R-A431-07,tgct,tumor,2.854590779
TCGA-XE-AAOF-01A-11R-A431-07,tgct,tumor,2.597143221
TCGA-XE-AAOJ-01A-12R-A431-07,tgct,tumor,2.278306767
TCGA-XE-AAOL-01A-11R-A431-07,tgct,tumor,2.799140029
TCGA-XY-A89B-01A-11R-A431-07,tgct,tumor,1.977696578
TCGA-XY-A8S2-01A-11R-A431-07,tgct,tumor,2.545453097
TCGA-XY-A8S3-01B-11R-A431-07,tgct,tumor,2.236226888
TCGA-XY-A9T9-01A-11R-A431-07,tgct,tumor,2.537379481
TCGA-YU-A90P-01A-11R-A431-07,tgct,tumor,2.262268196
TCGA-YU-A90Q-01A-11R-A431-07,tgct,tumor,2.672550276
TCGA-YU-A90S-01A-11R-A431-07,tgct,tumor,1.915946101
TCGA-YU-A90W-01A-11R-A431-07,tgct,tumor,2.647503005
TCGA-YU-A90Y-01A-11R-A431-07,tgct,tumor,2.403225631
TCGA-YU-A912-01A-11R-A431-07,tgct,tumor,2.478176211
TCGA-YU-A94D-01A-11R-A431-07,tgct,tumor,2.120622418
TCGA-YU-A94I-01A-11R-A431-07,tgct,tumor,2.258345075
TCGA-YU-AA4L-01A-11R-A431-07,tgct,tumor,2.849739327
TCGA-YU-AA61-01A-11R-A431-07,tgct,tumor,1.923963862
TCGA-ZM-AA05-01A-12R-A431-07,tgct,tumor,2.397026835
TCGA-ZM-AA06-01A-12R-A431-07,tgct,tumor,2.566167453
TCGA-ZM-AA0B-01A-11R-A431-07,tgct,tumor,2.680347579
TCGA-ZM-AA0D-01A-11R-A431-07,tgct,tumor,2.407577303
TCGA-ZM-AA0E-01A-12R-A431-07,tgct,tumor,2.131132624
TCGA-ZM-AA0F-01A-21R-A431-07,tgct,tumor,1.876650134
TCGA-ZM-AA0H-01A-11R-A431-07,tgct,tumor,1.880775041
TCGA-ZM-AA0N-01A-21R-A431-07,tgct,tumor,2.735424155
TCGA-4C-A93U-01A-11R-A39I-07,thca,tumor,2.275107368
TCGA-BJ-A0YZ-01A-11R-A10U-07,thca,tumor,2.410316099
TCGA-BJ-A0Z0-01A-11R-A10U-07,thca,tumor,2.708432722
TCGA-BJ-A0Z2-01A-11R-A10U-07,thca,tumor,2.267065776
TCGA-BJ-A0Z3-01A-11R-A13Y-07,thca,tumor,2.569627332
TCGA-BJ-A0Z5-01A-11R-A10U-07,thca,tumor,2.295669106
TCGA-BJ-A0Z9-01A-11R-A10U-07,thca,tumor,2.550927667
TCGA-BJ-A0ZA-01A-11R-A10U-07,thca,tumor,2.4163901
TCGA-BJ-A0ZB-01A-11R-A10U-07,thca,tumor,2.894791269
TCGA-BJ-A0ZC-01A-12R-A13Y-07,thca,tumor,2.516715805
TCGA-BJ-A0ZE-01A-11R-A10U-07,thca,tumor,2.722431936
TCGA-BJ-A0ZG-01A-11R-A10U-07,thca,tumor,2.947842562
TCGA-BJ-A0ZH-01A-11R-A10U-07,thca,tumor,1.890349338
TCGA-BJ-A0ZJ-01A-11R-A10U-07,thca,tumor,2.276625479
TCGA-BJ-A18Y-01A-11R-A13Y-07,thca,tumor,2.679073074
TCGA-BJ-A18Z-01A-21R-A13Y-07,thca,tumor,2.563946785
TCGA-BJ-A190-01A-11R-A13Y-07,thca,tumor,2.557626836
TCGA-BJ-A191-01A-11R-A13Y-07,thca,tumor,2.383422716
TCGA-BJ-A192-01A-31R-A13Y-07,thca,tumor,1.896637883
TCGA-BJ-A28R-01A-11R-A16R-07,thca,tumor,2.999994515
TCGA-BJ-A28S-01A-11R-A19O-07,thca,tumor,2.77894967
TCGA-BJ-A28T-01A-11R-A16R-07,thca,tumor,2.63272156
TCGA-BJ-A28V-01A-11R-A19O-07,thca,tumor,2.979333263
TCGA-BJ-A28W-01A-11R-A32Y-07,thca,tumor,2.698836065
TCGA-BJ-A28X-01A-11R-A22L-07,thca,tumor,2.703538112
TCGA-BJ-A28Z-01A-11R-A16R-07,thca,tumor,2.970667675
TCGA-BJ-A290-01A-11R-A180-07,thca,tumor,2.250339976
TCGA-BJ-A291-01A-11R-A16R-07,thca,tumor,2.824225296
TCGA-BJ-A2N7-01A-11R-A18C-07,thca,tumor,2.686673573
TCGA-BJ-A2N8-01A-11R-A18C-07,thca,tumor,1.486992753
TCGA-BJ-A2N9-01A-11R-A18C-07,thca,tumor,2.78455558
TCGA-BJ-A2NA-01A-12R-A19O-07,thca,tumor,1.872286813
TCGA-BJ-A2P4-01A-11R-A18C-07,thca,tumor,2.810377112
TCGA-BJ-A3EZ-01A-11R-A206-07,thca,tumor,2.727324423
TCGA-BJ-A3F0-01A-11R-A206-07,thca,tumor,2.726183255
TCGA-BJ-A3PR-01A-11R-A220-07,thca,tumor,2.566657181
TCGA-BJ-A3PT-01A-12R-A220-07,thca,tumor,2.769011669
TCGA-BJ-A3PU-01A-11R-A220-07,thca,tumor,2.797986479
TCGA-BJ-A45C-01A-11R-A23W-07,thca,tumor,2.585205002
TCGA-BJ-A45D-01A-11R-A23W-07,thca,tumor,2.240307203
TCGA-BJ-A45E-01A-11R-A32Y-07,thca,tumor,2.909330702
TCGA-BJ-A45F-01A-12R-A23W-07,thca,tumor,2.302705579
TCGA-BJ-A45G-01A-11R-A23W-07,thca,tumor,2.507593652
TCGA-BJ-A45H-01A-12R-A23W-07,thca,tumor,2.662184813
TCGA-BJ-A45I-01A-11R-A23W-07,thca,tumor,2.665707278
TCGA-BJ-A45J-01A-11R-A23W-07,thca,tumor,3.090142933
TCGA-BJ-A45K-01A-11R-A23W-07,thca,tumor,2.862547579
TCGA-BJ-A4O8-01A-11R-A250-07,thca,tumor,2.668290371
TCGA-BJ-A4O9-01A-11R-A250-07,thca,tumor,3.1653752
TCGA-CE-A13K-01A-11R-A10U-07,thca,tumor,3.05397181
TCGA-CE-A27D-01A-11R-A16R-07,thca,tumor,2.563398007
TCGA-CE-A3MD-01A-11R-A20F-07,thca,tumor,2.739151717
TCGA-CE-A3ME-01A-11R-A20F-07,thca,tumor,2.481995868
TCGA-CE-A481-01A-21R-A23W-07,thca,tumor,2.904665432
TCGA-CE-A482-01A-11R-A23W-07,thca,tumor,2.636937503
TCGA-CE-A483-01A-11R-A23W-07,thca,tumor,2.273102165
TCGA-CE-A484-01A-11R-A23W-07,thca,tumor,2.591059554
TCGA-CE-A485-01A-11R-A23W-07,thca,tumor,2.229229891
TCGA-DE-A0XZ-01A-11R-A180-07,thca,tumor,2.631456301
TCGA-DE-A0Y2-01A-11R-A10U-07,thca,tumor,2.858978118
TCGA-DE-A0Y3-01B-11R-A10U-07,thca,tumor,2.618545945
TCGA-DE-A2OL-01A-11R-A18C-07,thca,tumor,2.72957959
TCGA-DE-A3KN-01A-11R-A20F-07,thca,tumor,2.805690477
TCGA-DE-A4M8-01A-21R-A250-07,thca,tumor,2.835156754
TCGA-DE-A4M9-01A-11R-A250-07,thca,tumor,2.47826137
TCGA-DE-A4MA-01A-11R-A250-07,thca,tumor,3.021112802
TCGA-DE-A4MB-01A-11R-A250-07,thca,tumor,2.42497555
TCGA-DE-A4MC-01A-11R-A250-07,thca,tumor,3.021063514
TCGA-DE-A4MD-06A-11R-A250-07,thca,tumor,2.544311959
TCGA-DE-A4MD-01A-11R-A250-07,thca,tumor,2.482271638
TCGA-DE-A69J-01A-21R-A39I-07,thca,tumor,2.982479695
TCGA-DE-A69K-01A-11R-A39I-07,thca,tumor,2.980457926
TCGA-DE-A7U5-01A-11R-A39I-07,thca,tumor,2.344744194
TCGA-DJ-A13L-01A-11R-A220-07,thca,tumor,2.944580826
TCGA-DJ-A13M-01A-11R-A10U-07,thca,tumor,2.522250799
TCGA-DJ-A13O-01A-11R-A10U-07,thca,tumor,2.913447958
TCGA-DJ-A13P-01A-11R-A10U-07,thca,tumor,2.679401869
TCGA-DJ-A13R-01A-11R-A10U-07,thca,tumor,2.141261619
TCGA-DJ-A13S-01A-11R-A10U-07,thca,tumor,2.734442296
TCGA-DJ-A13T-01A-11R-A10U-07,thca,tumor,2.413071881
TCGA-DJ-A13U-01A-11R-A10U-07,thca,tumor,3.087341653
TCGA-DJ-A13V-01A-11R-A10U-07,thca,tumor,2.891176227
TCGA-DJ-A13W-01A-11R-A10U-07,thca,tumor,2.90705655
TCGA-DJ-A13X-01A-11R-A10U-07,thca,tumor,1.878569657
TCGA-DJ-A1QD-01A-11R-A14Y-07,thca,tumor,2.747106345
TCGA-DJ-A1QE-01A-21R-A14Y-07,thca,tumor,3.002801766
TCGA-DJ-A1QF-01A-12R-A14Y-07,thca,tumor,2.778687757
TCGA-DJ-A1QG-01A-11R-A14Y-07,thca,tumor,2.666584775
TCGA-DJ-A1QH-01A-21R-A14Y-07,thca,tumor,2.97471379
TCGA-DJ-A1QI-01A-11R-A14Y-07,thca,tumor,2.44369104
TCGA-DJ-A1QL-01A-11R-A14Y-07,thca,tumor,2.872681729
TCGA-DJ-A1QM-01A-11R-A14Y-07,thca,tumor,2.65487354
TCGA-DJ-A1QN-01A-11R-A14Y-07,thca,tumor,2.409099062
TCGA-DJ-A1QO-01A-11R-A14Y-07,thca,tumor,1.891682953
TCGA-DJ-A1QQ-01A-11R-A14Y-07,thca,tumor,2.712006316
TCGA-DJ-A2PN-01A-21R-A19O-07,thca,tumor,2.50524354
TCGA-DJ-A2PO-01A-21R-A19O-07,thca,tumor,2.459873046
TCGA-DJ-A2PP-01A-11R-A19O-07,thca,tumor,2.992552327
TCGA-DJ-A2PQ-01A-11R-A18C-07,thca,tumor,2.758806315
TCGA-DJ-A2PR-01A-11R-A19O-07,thca,tumor,2.892254991
TCGA-DJ-A2PS-01A-11R-A18C-07,thca,tumor,2.815352625
TCGA-DJ-A2PT-01A-11R-A18C-07,thca,tumor,2.634152724
TCGA-DJ-A2PU-01A-12R-A19O-07,thca,tumor,2.677050154
TCGA-DJ-A2PV-01A-11R-A19O-07,thca,tumor,2.663121415
TCGA-DJ-A2PW-01A-11R-A19O-07,thca,tumor,2.976863313
TCGA-DJ-A2PX-01A-11R-A18C-07,thca,tumor,2.86366362
TCGA-DJ-A2PY-01A-11R-A18C-07,thca,tumor,2.592376825
TCGA-DJ-A2PZ-01A-21R-A18C-07,thca,tumor,2.526086926
TCGA-DJ-A2Q0-01A-11R-A206-07,thca,tumor,2.610578755
TCGA-DJ-A2Q1-01A-22R-A19O-07,thca,tumor,3.114462459
TCGA-DJ-A2Q2-01A-11R-A19O-07,thca,tumor,2.623404963
TCGA-DJ-A2Q3-01A-11R-A18C-07,thca,tumor,2.897886768
TCGA-DJ-A2Q4-01A-21R-A18C-07,thca,tumor,2.990215493
TCGA-DJ-A2Q5-01A-11R-A18C-07,thca,tumor,2.666111734
TCGA-DJ-A2Q6-01A-11R-A18C-07,thca,tumor,2.989376368
TCGA-DJ-A2Q7-01A-11R-A18C-07,thca,tumor,3.021070198
TCGA-DJ-A2Q9-01A-21R-A18C-07,thca,tumor,2.452698215
TCGA-DJ-A2QA-01A-11R-A18C-07,thca,tumor,2.449458937
TCGA-DJ-A2QB-01A-11R-A19O-07,thca,tumor,2.491133636
TCGA-DJ-A2QC-01A-11R-A18C-07,thca,tumor,2.883334193
TCGA-DJ-A3UK-01A-11R-A22L-07,thca,tumor,2.508488017
TCGA-DJ-A3UM-01A-11R-A22L-07,thca,tumor,2.684678229
TCGA-DJ-A3UN-01A-11R-A22L-07,thca,tumor,2.51641147
TCGA-DJ-A3UO-01A-11R-A22L-07,thca,tumor,2.35281367
TCGA-DJ-A3UP-01A-11R-A22L-07,thca,tumor,2.432817888
TCGA-DJ-A3UQ-01A-11R-A22L-07,thca,tumor,2.624930209
TCGA-DJ-A3UR-01A-11R-A22L-07,thca,tumor,2.292090157
TCGA-DJ-A3US-01A-11R-A22L-07,thca,tumor,2.291728988
TCGA-DJ-A3UT-01A-11R-A22L-07,thca,tumor,2.756384366
TCGA-DJ-A3UU-01A-11R-A22L-07,thca,tumor,2.916439223
TCGA-DJ-A3UW-01A-11R-A22L-07,thca,tumor,2.845416982
TCGA-DJ-A3UX-01A-11R-A22L-07,thca,tumor,2.694456399
TCGA-DJ-A3UY-01A-21R-A22L-07,thca,tumor,2.500644729
TCGA-DJ-A3UZ-01A-11R-A22U-07,thca,tumor,2.828752856
TCGA-DJ-A3V0-01A-11R-A22U-07,thca,tumor,2.568806503
TCGA-DJ-A3V2-01A-11R-A22U-07,thca,tumor,2.499676809
TCGA-DJ-A3V3-01A-11R-A22U-07,thca,tumor,2.535921685
TCGA-DJ-A3V4-01A-11R-A22U-07,thca,tumor,2.74268173
TCGA-DJ-A3V5-01A-11R-A22U-07,thca,tumor,2.869951294
TCGA-DJ-A3V7-01A-11R-A23N-07,thca,tumor,2.609542524
TCGA-DJ-A3V8-01A-11R-A23N-07,thca,tumor,2.539666724
TCGA-DJ-A3V9-01A-11R-A23N-07,thca,tumor,2.91357875
TCGA-DJ-A3VA-01A-11R-A23N-07,thca,tumor,2.767745867
TCGA-DJ-A3VB-01A-11R-A23N-07,thca,tumor,2.119486023
TCGA-DJ-A3VD-01A-11R-A23N-07,thca,tumor,2.843752079
TCGA-DJ-A3VE-01A-11R-A23N-07,thca,tumor,2.787768516
TCGA-DJ-A3VF-01A-11R-A23N-07,thca,tumor,2.765688806
TCGA-DJ-A3VG-01A-11R-A23N-07,thca,tumor,2.792814222
TCGA-DJ-A3VI-01A-11R-A23N-07,thca,tumor,2.785084518
TCGA-DJ-A3VJ-01A-11R-A23N-07,thca,tumor,2.73618117
TCGA-DJ-A3VK-01A-11R-A23N-07,thca,tumor,2.780770691
TCGA-DJ-A3VL-01A-11R-A23N-07,thca,tumor,2.682001807
TCGA-DJ-A3VM-01A-11R-A23N-07,thca,tumor,2.533459579
TCGA-DJ-A4UL-01A-11R-A250-07,thca,tumor,3.130935424
TCGA-DJ-A4UP-01A-11R-A250-07,thca,tumor,2.434427784
TCGA-DJ-A4UQ-01A-11R-A250-07,thca,tumor,2.862706458
TCGA-DJ-A4UR-01A-11R-A250-07,thca,tumor,2.61464539
TCGA-DJ-A4UT-01A-11R-A250-07,thca,tumor,2.994684682
TCGA-DJ-A4UW-01A-11R-A250-07,thca,tumor,2.57391758
TCGA-DJ-A4V0-01A-11R-A250-07,thca,tumor,2.552488884
TCGA-DJ-A4V2-01A-11R-A250-07,thca,tumor,2.10233184
TCGA-DJ-A4V4-01A-11R-A250-07,thca,tumor,2.768211579
TCGA-DJ-A4V5-01A-11R-A250-07,thca,tumor,2.857533833
TCGA-DO-A1JZ-01A-11R-A13Y-07,thca,tumor,2.855972794
TCGA-DO-A1K0-01A-11R-A13Y-07,thca,tumor,2.246052172
TCGA-DO-A2HM-01B-11R-A22L-07,thca,tumor,2.48485539
TCGA-E3-A3DY-01A-11R-A20F-07,thca,tumor,2.507650204
TCGA-E3-A3DZ-01A-11R-A20F-07,thca,tumor,2.252585916
TCGA-E3-A3E0-01A-11R-A20F-07,thca,tumor,2.251682957
TCGA-E3-A3E1-01A-11R-A20F-07,thca,tumor,2.259501976
TCGA-E3-A3E2-01A-11R-A20F-07,thca,tumor,2.500174944
TCGA-E3-A3E3-01A-11R-A20F-07,thca,tumor,2.877633453
TCGA-E3-A3E5-01A-11R-A20F-07,thca,tumor,2.624166621
TCGA-E8-A242-01A-21R-A16R-07,thca,tumor,3.058177293
TCGA-E8-A2EA-01A-11R-A180-07,thca,tumor,2.545394585
TCGA-E8-A2JQ-01A-11R-A180-07,thca,tumor,2.608653965
TCGA-E8-A3X7-01A-11R-A22U-07,thca,tumor,3.177629939
TCGA-E8-A413-01A-21R-A23N-07,thca,tumor,1.981191031
TCGA-E8-A414-01A-11R-A23N-07,thca,tumor,2.205042474
TCGA-E8-A415-01A-11R-A23N-07,thca,tumor,2.12089265
TCGA-E8-A416-01A-11R-A23N-07,thca,tumor,2.750298069
TCGA-E8-A417-01A-21R-A23N-07,thca,tumor,2.442990792
TCGA-E8-A418-01A-11R-A23N-07,thca,tumor,2.097739944
TCGA-E8-A419-01A-11R-A23N-07,thca,tumor,2.745196545
TCGA-E8-A432-01A-11R-A23N-07,thca,tumor,1.703502113
TCGA-E8-A433-01A-11R-A23N-07,thca,tumor,2.424025437
TCGA-E8-A434-01A-11R-A23N-07,thca,tumor,2.783088578
TCGA-E8-A436-01A-12R-A23W-07,thca,tumor,2.162572038
TCGA-E8-A437-01A-12R-A23W-07,thca,tumor,2.936616084
TCGA-E8-A438-01A-11R-A23W-07,thca,tumor,2.663744568
TCGA-E8-A44K-01A-21R-A23W-07,thca,tumor,2.860500137
TCGA-E8-A44M-01A-21R-A23W-07,thca,tumor,2.798740577
TCGA-EL-A3CL-01A-11R-A19O-07,thca,tumor,2.759153287
TCGA-EL-A3CM-01A-11R-A19O-07,thca,tumor,2.538856621
TCGA-EL-A3CN-01A-12R-A20F-07,thca,tumor,2.818223425
TCGA-EL-A3CO-01A-11R-A19O-07,thca,tumor,1.58494748
TCGA-EL-A3CP-01A-11R-A19O-07,thca,tumor,2.960672806
TCGA-EL-A3CR-01A-12R-A206-07,thca,tumor,2.382816571
TCGA-EL-A3CS-01A-21R-A19O-07,thca,tumor,2.376449494
TCGA-EL-A3CT-01A-12R-A206-07,thca,tumor,2.100489538
TCGA-EL-A3CU-01A-11R-A19O-07,thca,tumor,2.502788469
TCGA-EL-A3CV-01A-11R-A19O-07,thca,tumor,2.569551574
TCGA-EL-A3CW-01A-11R-A19O-07,thca,tumor,2.423082381
TCGA-EL-A3CX-01A-11R-A19O-07,thca,tumor,2.367101339
TCGA-EL-A3CY-01A-11R-A19O-07,thca,tumor,2.445672661
TCGA-EL-A3CZ-01A-11R-A19O-07,thca,tumor,2.688261321
TCGA-EL-A3D0-01A-12R-A206-07,thca,tumor,2.544926011
TCGA-EL-A3D1-01A-11R-A19O-07,thca,tumor,2.626018258
TCGA-EL-A3D4-01A-11R-A19O-07,thca,tumor,2.855480079
TCGA-EL-A3D5-01A-22R-A206-07,thca,tumor,2.429892328
TCGA-EL-A3D6-01A-12R-A206-07,thca,tumor,3.157836442
TCGA-EL-A3GO-01A-11R-A206-07,thca,tumor,2.739173286
TCGA-EL-A3GP-01A-11R-A206-07,thca,tumor,1.55653014
TCGA-EL-A3GQ-01A-11R-A206-07,thca,tumor,2.432035818
TCGA-EL-A3GR-01A-21R-A206-07,thca,tumor,2.69743016
TCGA-EL-A3GS-01A-11R-A20F-07,thca,tumor,2.765853163
TCGA-EL-A3GU-01A-11R-A21D-07,thca,tumor,2.329805863
TCGA-EL-A3GV-01A-11R-A21D-07,thca,tumor,2.572781662
TCGA-EL-A3GW-01A-11R-A206-07,thca,tumor,2.636215016
TCGA-EL-A3GX-01A-11R-A206-07,thca,tumor,1.290419843
TCGA-EL-A3GY-01A-21R-A206-07,thca,tumor,2.056852353
TCGA-EL-A3GZ-01A-11R-A20F-07,thca,tumor,2.71442837
TCGA-EL-A3H1-01A-11R-A21D-07,thca,tumor,2.090012285
TCGA-EL-A3H2-01A-11R-A20F-07,thca,tumor,2.930340746
TCGA-EL-A3H3-01A-11R-A206-07,thca,tumor,2.98654101
TCGA-EL-A3H4-01A-11R-A206-07,thca,tumor,2.922456257
TCGA-EL-A3H5-01A-11R-A206-07,thca,tumor,2.891367538
TCGA-EL-A3H7-01A-11R-A21D-07,thca,tumor,3.045799311
TCGA-EL-A3H8-01A-11R-A20F-07,thca,tumor,3.059454576
TCGA-EL-A3MW-01A-11R-A20F-07,thca,tumor,1.414336772
TCGA-EL-A3MX-01A-11R-A21D-07,thca,tumor,2.23919261
TCGA-EL-A3MY-01A-11R-A21D-07,thca,tumor,2.709863476
TCGA-EL-A3MZ-01A-11R-A21D-07,thca,tumor,2.579616484
TCGA-EL-A3N2-01A-11R-A20F-07,thca,tumor,2.325009298
TCGA-EL-A3N3-01A-11R-A20F-07,thca,tumor,2.573560996
TCGA-EL-A3T0-01A-22R-A22L-07,thca,tumor,2.303030574
TCGA-EL-A3T1-01A-11R-A22L-07,thca,tumor,2.784911989
TCGA-EL-A3T2-01A-11R-A22L-07,thca,tumor,2.471218288
TCGA-EL-A3T3-01A-11R-A22L-07,thca,tumor,1.807938136
TCGA-EL-A3T6-01A-11R-A220-07,thca,tumor,2.273294782
TCGA-EL-A3T7-01A-11R-A22L-07,thca,tumor,2.724299675
TCGA-EL-A3T8-01A-21R-A22L-07,thca,tumor,2.064390206
TCGA-EL-A3T9-01A-21R-A22L-07,thca,tumor,2.491434002
TCGA-EL-A3TA-01A-12R-A22L-07,thca,tumor,2.005623485
TCGA-EL-A3TB-01A-11R-A22L-07,thca,tumor,2.629405575
TCGA-EL-A3ZG-01A-11R-A23N-07,thca,tumor,2.923554346
TCGA-EL-A3ZH-01A-31R-A23N-07,thca,tumor,2.79957149
TCGA-EL-A3ZK-01A-21R-A23N-07,thca,tumor,3.098041432
TCGA-EL-A3ZL-01A-11R-A23N-07,thca,tumor,3.016485749
TCGA-EL-A3ZM-01A-12R-A23N-07,thca,tumor,2.733749973
TCGA-EL-A3ZN-01A-11R-A23N-07,thca,tumor,2.391661928
TCGA-EL-A3ZO-01A-11R-A23N-07,thca,tumor,2.898796703
TCGA-EL-A3ZP-01A-11R-A23N-07,thca,tumor,2.712171505
TCGA-EL-A3ZQ-01A-11R-A23N-07,thca,tumor,2.618083189
TCGA-EL-A3ZR-01A-11R-A23N-07,thca,tumor,2.411599968
TCGA-EL-A3ZS-01A-12R-A23N-07,thca,tumor,2.474304391
TCGA-EL-A3ZT-01A-12R-A23N-07,thca,tumor,2.506182166
TCGA-EL-A4JV-01A-11R-A250-07,thca,tumor,2.97427757
TCGA-EL-A4JW-01A-11R-A250-07,thca,tumor,2.980889049
TCGA-EL-A4JX-01A-12R-A250-07,thca,tumor,2.592403162
TCGA-EL-A4JZ-01A-11R-A250-07,thca,tumor,2.442657836
TCGA-EL-A4K0-01A-11R-A250-07,thca,tumor,2.61097034
TCGA-EL-A4K1-01A-11R-A250-07,thca,tumor,2.780401432
TCGA-EL-A4K2-01A-11R-A250-07,thca,tumor,1.912339017
TCGA-EL-A4K4-01A-11R-A250-07,thca,tumor,2.701254182
TCGA-EL-A4K6-01A-12R-A250-07,thca,tumor,2.7044858
TCGA-EL-A4K7-01A-11R-A250-07,thca,tumor,2.806024524
TCGA-EL-A4K9-01A-11R-A250-07,thca,tumor,2.470814654
TCGA-EL-A4KD-01A-11R-A250-07,thca,tumor,2.517305485
TCGA-EL-A4KG-01A-11R-A250-07,thca,tumor,2.646524256
TCGA-EL-A4KH-01A-11R-A250-07,thca,tumor,2.119519936
TCGA-EL-A4KI-01A-11R-A250-07,thca,tumor,1.919603729
TCGA-EM-A1CS-01A-11R-A13Y-07,thca,tumor,2.544601964
TCGA-EM-A1CT-01A-11R-A13Y-07,thca,tumor,1.843995108
TCGA-EM-A1CU-01A-11R-A13Y-07,thca,tumor,2.512735827
TCGA-EM-A1CV-01A-11R-A13Y-07,thca,tumor,1.695056548
TCGA-EM-A1CW-01A-21R-A13Y-07,thca,tumor,2.689011559
TCGA-EM-A1YA-01A-11R-A14Y-07,thca,tumor,2.81046734
TCGA-EM-A1YB-01A-11R-A14Y-07,thca,tumor,2.490288536
TCGA-EM-A1YC-01A-11R-A14Y-07,thca,tumor,3.043984557
TCGA-EM-A1YD-01A-11R-A14Y-07,thca,tumor,2.687888267
TCGA-EM-A1YE-01A-11R-A14Y-07,thca,tumor,2.748269593
TCGA-EM-A22I-01A-11R-A180-07,thca,tumor,2.893904212
TCGA-EM-A22J-01A-11R-A180-07,thca,tumor,2.476004694
TCGA-EM-A22K-01A-11R-A180-07,thca,tumor,2.400727791
TCGA-EM-A22L-01A-11R-A180-07,thca,tumor,2.257668263
TCGA-EM-A22M-01A-11R-A32Y-07,thca,tumor,2.854751912
TCGA-EM-A22N-01A-11R-A180-07,thca,tumor,2.462692956
TCGA-EM-A22O-01A-11R-A180-07,thca,tumor,2.763046704
TCGA-EM-A22P-01A-11R-A19O-07,thca,tumor,2.473188067
TCGA-EM-A22Q-01A-11R-A180-07,thca,tumor,2.901101134
TCGA-EM-A2CJ-01A-11R-A180-07,thca,tumor,2.464063736
TCGA-EM-A2CK-01A-11R-A180-07,thca,tumor,2.463062199
TCGA-EM-A2CL-01A-11R-A180-07,thca,tumor,2.765794563
TCGA-EM-A2CN-01A-11R-A19O-07,thca,tumor,2.481202151
TCGA-EM-A2CO-01A-11R-A19O-07,thca,tumor,2.79407006
TCGA-EM-A2CP-01A-11R-A180-07,thca,tumor,2.567752677
TCGA-EM-A2CQ-01A-11R-A180-07,thca,tumor,2.781799531
TCGA-EM-A2CR-01A-11R-A180-07,thca,tumor,1.430107081
TCGA-EM-A2CS-06A-11R-A180-07,thca,tumor,2.771686481
TCGA-EM-A2CS-01A-11R-A180-07,thca,tumor,2.436397252
TCGA-EM-A2CT-01A-11R-A180-07,thca,tumor,2.547337666
TCGA-EM-A2CU-01A-12R-A180-07,thca,tumor,2.921965794
TCGA-EM-A2OV-01A-11R-A206-07,thca,tumor,2.96307419
TCGA-EM-A2OW-01A-11R-A206-07,thca,tumor,2.306525827
TCGA-EM-A2OX-01A-11R-A206-07,thca,tumor,2.494867741
TCGA-EM-A2OY-01A-11R-A206-07,thca,tumor,2.388538742
TCGA-EM-A2OZ-01A-11R-A206-07,thca,tumor,2.27458939
TCGA-EM-A2P0-01A-11R-A206-07,thca,tumor,2.647100128
TCGA-EM-A2P1-06A-11R-A206-07,thca,tumor,2.911617027
TCGA-EM-A2P1-01A-11R-A206-07,thca,tumor,2.874513192
TCGA-EM-A2P2-01A-11R-A206-07,thca,tumor,2.645286776
TCGA-EM-A2P3-01A-11R-A206-07,thca,tumor,2.883086241
TCGA-EM-A3AI-01A-11R-A206-07,thca,tumor,2.037798144
TCGA-EM-A3AJ-01A-11R-A206-07,thca,tumor,2.599392153
TCGA-EM-A3AK-01A-11R-A206-07,thca,tumor,2.486852372
TCGA-EM-A3AL-01A-11R-A206-07,thca,tumor,2.778278149
TCGA-EM-A3AN-01A-11R-A206-07,thca,tumor,2.680113432
TCGA-EM-A3AO-01A-11R-A206-07,thca,tumor,2.99341316
TCGA-EM-A3AP-01A-12R-A20F-07,thca,tumor,2.298396374
TCGA-EM-A3AQ-01A-11R-A20F-07,thca,tumor,2.835767171
TCGA-EM-A3AR-01A-12R-A20F-07,thca,tumor,2.985186719
TCGA-EM-A3FJ-01A-11R-A21D-07,thca,tumor,3.078212166
TCGA-EM-A3FK-01A-11R-A21D-07,thca,tumor,2.934044709
TCGA-EM-A3FL-01A-11R-A21D-07,thca,tumor,2.413322964
TCGA-EM-A3FM-01A-11R-A21D-07,thca,tumor,2.557997537
TCGA-EM-A3FN-01A-11R-A21D-07,thca,tumor,2.650397556
TCGA-EM-A3FO-01A-11R-A21D-07,thca,tumor,2.607333955
TCGA-EM-A3FP-01A-11R-A21D-07,thca,tumor,2.774470191
TCGA-EM-A3FQ-06A-11R-A21D-07,thca,tumor,2.729035008
TCGA-EM-A3FQ-01A-11R-A21D-07,thca,tumor,2.821967387
TCGA-EM-A3FR-01A-11R-A220-07,thca,tumor,2.584893571
TCGA-EM-A3O3-01A-11R-A220-07,thca,tumor,3.005425793
TCGA-EM-A3O6-01A-11R-A220-07,thca,tumor,2.456040325
TCGA-EM-A3O7-01A-11R-A220-07,thca,tumor,2.977274411
TCGA-EM-A3O8-01A-11R-A220-07,thca,tumor,2.677236777
TCGA-EM-A3O9-01A-11R-A220-07,thca,tumor,2.048646791
TCGA-EM-A3OA-01A-11R-A220-07,thca,tumor,2.854527263
TCGA-EM-A3OB-01A-11R-A220-07,thca,tumor,2.38701854
TCGA-EM-A3ST-01A-11R-A22U-07,thca,tumor,2.510098989
TCGA-EM-A3SU-06A-11R-A22U-07,thca,tumor,2.277996665
TCGA-EM-A3SU-01A-11R-A22U-07,thca,tumor,2.667854402
TCGA-EM-A3SX-01A-11R-A22U-07,thca,tumor,2.669905072
TCGA-EM-A3SY-01A-11R-A22U-07,thca,tumor,2.337991982
TCGA-EM-A3SZ-01A-11R-A22U-07,thca,tumor,2.840090977
TCGA-EM-A4FF-01A-11R-A250-07,thca,tumor,2.715787163
TCGA-EM-A4FH-01A-11R-A250-07,thca,tumor,2.625391976
TCGA-EM-A4FK-01A-11R-A250-07,thca,tumor,2.84069688
TCGA-EM-A4FM-01A-11R-A250-07,thca,tumor,2.671062923
TCGA-EM-A4FN-01A-11R-A250-07,thca,tumor,1.688750851
TCGA-EM-A4FO-01A-11R-A250-07,thca,tumor,2.626362857
TCGA-EM-A4FQ-01A-11R-A250-07,thca,tumor,3.011457676
TCGA-EM-A4FR-01A-11R-A250-07,thca,tumor,2.168011811
TCGA-EM-A4FU-01A-11R-A250-07,thca,tumor,2.267604062
TCGA-EM-A4FV-01A-11R-A250-07,thca,tumor,2.21663463
TCGA-EM-A4G1-01A-11R-A250-07,thca,tumor,2.932067633
TCGA-ET-A25G-01A-11R-A16R-07,thca,tumor,2.722449571
TCGA-ET-A25I-01A-11R-A16R-07,thca,tumor,2.794144358
TCGA-ET-A25J-01A-11R-A16R-07,thca,tumor,2.785220675
TCGA-ET-A25K-01A-11R-A16R-07,thca,tumor,2.204657218
TCGA-ET-A25L-01A-11R-A16R-07,thca,tumor,2.835154048
TCGA-ET-A25M-01A-11R-A16R-07,thca,tumor,2.903971539
TCGA-ET-A25N-01A-11R-A16R-07,thca,tumor,2.710101199
TCGA-ET-A25O-01A-11R-A16R-07,thca,tumor,2.971046116
TCGA-ET-A25P-01A-11R-A16R-07,thca,tumor,2.72188429
TCGA-ET-A25R-01A-11R-A16R-07,thca,tumor,2.768515957
TCGA-ET-A2MX-01A-11R-A23N-07,thca,tumor,2.571641241
TCGA-ET-A2MY-01A-11R-A18C-07,thca,tumor,2.502312813
TCGA-ET-A2MZ-01A-12R-A19O-07,thca,tumor,2.126104121
TCGA-ET-A2N0-01A-11R-A18C-07,thca,tumor,2.974015242
TCGA-ET-A2N3-01B-21R-A23N-07,thca,tumor,2.705083312
TCGA-ET-A2N4-01A-12R-A19O-07,thca,tumor,2.233420762
TCGA-ET-A2N5-01A-11R-A18C-07,thca,tumor,2.513134973
TCGA-ET-A39I-01A-11R-A19O-07,thca,tumor,2.67973996
TCGA-ET-A39J-01A-11R-A19O-07,thca,tumor,2.931053567
TCGA-ET-A39K-01A-11R-A19O-07,thca,tumor,2.599700263
TCGA-ET-A39L-01A-12R-A19O-07,thca,tumor,2.806557994
TCGA-ET-A39M-01A-11R-A19O-07,thca,tumor,2.597605174
TCGA-ET-A39N-01A-11R-A19O-07,thca,tumor,2.579129991
TCGA-ET-A39O-01A-11R-A19O-07,thca,tumor,2.443703714
TCGA-ET-A39P-01A-21R-A19O-07,thca,tumor,2.876356783
TCGA-ET-A39R-01A-11R-A19O-07,thca,tumor,2.722871082
TCGA-ET-A39S-01A-11R-A19O-07,thca,tumor,2.724601041
TCGA-ET-A39T-01A-11R-A19O-07,thca,tumor,2.356720633
TCGA-ET-A3BN-01A-11R-A19O-07,thca,tumor,2.176917724
TCGA-ET-A3BO-01A-11R-A19O-07,thca,tumor,3.106200309
TCGA-ET-A3BP-01A-21R-A19O-07,thca,tumor,2.512725015
TCGA-ET-A3BQ-01B-11R-A206-07,thca,tumor,2.560605581
TCGA-ET-A3BS-01A-11R-A206-07,thca,tumor,2.508935601
TCGA-ET-A3BT-01A-11R-A19O-07,thca,tumor,2.742072599
TCGA-ET-A3BU-01A-11R-A19O-07,thca,tumor,2.758365254
TCGA-ET-A3BV-01A-11R-A19O-07,thca,tumor,2.896843809
TCGA-ET-A3BW-01A-11R-A19O-07,thca,tumor,2.750453685
TCGA-ET-A3BX-01A-11R-A19O-07,thca,tumor,2.302279477
TCGA-ET-A3DO-01A-11R-A19O-07,thca,tumor,2.576460109
TCGA-ET-A3DP-01A-11R-A21D-07,thca,tumor,2.611500933
TCGA-ET-A3DQ-01A-11R-A19O-07,thca,tumor,2.616623398
TCGA-ET-A3DR-01A-11R-A19O-07,thca,tumor,2.242638103
TCGA-ET-A3DS-01A-11R-A19O-07,thca,tumor,2.690666475
TCGA-ET-A3DT-01A-11R-A19O-07,thca,tumor,2.780036014
TCGA-ET-A3DU-01A-11R-A19O-07,thca,tumor,2.720173263
TCGA-ET-A3DV-01A-12R-A206-07,thca,tumor,2.563432375
TCGA-ET-A3DW-01A-11R-A19O-07,thca,tumor,3.098979805
TCGA-ET-A40P-01A-11R-A23N-07,thca,tumor,2.583509871
TCGA-ET-A40Q-01A-11R-A23N-07,thca,tumor,2.833681874
TCGA-ET-A40R-01A-11R-A23N-07,thca,tumor,2.017081972
TCGA-ET-A40S-01A-11R-A23N-07,thca,tumor,3.157694273
TCGA-ET-A40T-01A-11R-A23N-07,thca,tumor,2.479009868
TCGA-ET-A4KN-01A-11R-A250-07,thca,tumor,2.976212066
TCGA-ET-A4KQ-01A-12R-A250-07,thca,tumor,2.78610149
TCGA-FE-A22Z-01A-11R-A16R-07,thca,tumor,2.202745126
TCGA-FE-A230-01A-11R-A14Y-07,thca,tumor,2.622954194
TCGA-FE-A231-01A-11R-A14Y-07,thca,tumor,2.504285593
TCGA-FE-A232-01A-11R-A14Y-07,thca,tumor,2.426748655
TCGA-FE-A233-01A-11R-A14Y-07,thca,tumor,2.845642961
TCGA-FE-A234-01A-11R-A14Y-07,thca,tumor,2.786481596
TCGA-FE-A235-01A-11R-A16R-07,thca,tumor,2.14501552
TCGA-FE-A236-01A-11R-A16R-07,thca,tumor,2.932219006
TCGA-FE-A237-01A-11R-A16R-07,thca,tumor,2.652362945
TCGA-FE-A238-01A-11R-A16R-07,thca,tumor,2.060027188
TCGA-FE-A239-01A-11R-A16R-07,thca,tumor,2.995174313
TCGA-FE-A23A-01A-11R-A16R-07,thca,tumor,2.879264776
TCGA-FE-A3PA-01A-12R-A220-07,thca,tumor,3.099605657
TCGA-FE-A3PB-01A-11R-A220-07,thca,tumor,2.90871793
TCGA-FE-A3PC-01A-11R-A220-07,thca,tumor,1.932805284
TCGA-FE-A3PD-01A-11R-A220-07,thca,tumor,3.06556687
TCGA-FK-A3S3-01A-11R-A22L-07,thca,tumor,2.651263172
TCGA-FK-A3SB-01A-11R-A22L-07,thca,tumor,2.271214388
TCGA-FK-A3SD-01A-11R-A22L-07,thca,tumor,2.684845986
TCGA-FK-A3SE-01A-11R-A22L-07,thca,tumor,2.197727188
TCGA-FK-A3SG-01A-11R-A22L-07,thca,tumor,2.786560876
TCGA-FK-A3SH-01A-11R-A22L-07,thca,tumor,3.056359055
TCGA-FK-A4UB-01A-11R-A250-07,thca,tumor,2.791097205
TCGA-FY-A2QD-01A-11R-A19O-07,thca,tumor,2.983634691
TCGA-FY-A3BL-01A-11R-A19O-07,thca,tumor,3.110217138
TCGA-FY-A3I4-01A-11R-A21D-07,thca,tumor,2.671341792
TCGA-FY-A3I5-01B-11R-A220-07,thca,tumor,2.758509407
TCGA-FY-A3NM-01A-11R-A21D-07,thca,tumor,2.95800942
TCGA-FY-A3NN-01A-11R-A21D-07,thca,tumor,2.010540851
TCGA-FY-A3NP-01A-11R-A21D-07,thca,tumor,2.718739479
TCGA-FY-A3ON-01A-11R-A220-07,thca,tumor,2.745421461
TCGA-FY-A3R6-01A-11R-A220-07,thca,tumor,2.748447493
TCGA-FY-A3R7-01A-11R-A220-07,thca,tumor,2.666814284
TCGA-FY-A3R8-01A-11R-A220-07,thca,tumor,2.175374749
TCGA-FY-A3R9-01A-11R-A220-07,thca,tumor,2.535367194
TCGA-FY-A3RA-01A-11R-A220-07,thca,tumor,2.76896479
TCGA-FY-A3TY-01A-11R-A22U-07,thca,tumor,2.330113503
TCGA-FY-A3W9-01A-11R-A22L-07,thca,tumor,2.622729973
TCGA-FY-A3WA-01A-11R-A22L-07,thca,tumor,3.013378028
TCGA-FY-A3YR-01A-11R-A22U-07,thca,tumor,3.043813434
TCGA-FY-A40K-01A-11R-A23N-07,thca,tumor,2.135526285
TCGA-FY-A40L-01A-11R-A23N-07,thca,tumor,2.694401989
TCGA-FY-A40M-01A-11R-A23N-07,thca,tumor,2.792555825
TCGA-FY-A40N-01A-11R-A23N-07,thca,tumor,2.782045924
TCGA-FY-A4B0-01A-21R-A23W-07,thca,tumor,1.925556612
TCGA-FY-A4B3-01A-11R-A23W-07,thca,tumor,2.152430251
TCGA-FY-A4B4-01A-11R-A23W-07,thca,tumor,2.418612158
TCGA-FY-A76V-01A-11R-A39I-07,thca,tumor,2.909889396
TCGA-GE-A2C6-01A-11R-A16R-07,thca,tumor,2.916752197
TCGA-H2-A26U-01A-11R-A16R-07,thca,tumor,2.907199348
TCGA-H2-A2K9-01A-11R-A180-07,thca,tumor,2.75211063
TCGA-H2-A3RH-01A-11R-A220-07,thca,tumor,2.50749246
TCGA-H2-A3RI-01A-11R-A220-07,thca,tumor,2.557720429
TCGA-H2-A421-01A-11R-A23N-07,thca,tumor,2.759556118
TCGA-H2-A422-01A-11R-A23N-07,thca,tumor,2.234355442
TCGA-IM-A3EB-01A-11R-A206-07,thca,tumor,2.987227944
TCGA-IM-A3ED-01A-11R-A206-07,thca,tumor,2.305958179
TCGA-IM-A3U2-01A-21R-A22L-07,thca,tumor,2.269140427
TCGA-IM-A3U3-01A-11R-A22L-07,thca,tumor,3.102617843
TCGA-IM-A41Y-01A-11R-A23W-07,thca,tumor,2.638562911
TCGA-IM-A41Z-01A-11R-A23N-07,thca,tumor,2.826537394
TCGA-IM-A420-01A-11R-A23N-07,thca,tumor,2.793363362
TCGA-IM-A4EB-01A-11R-A250-07,thca,tumor,2.523229357
TCGA-J8-A3NZ-01A-11R-A21D-07,thca,tumor,2.58702764
TCGA-J8-A3O0-01A-11R-A21D-07,thca,tumor,2.397782681
TCGA-J8-A3O1-01A-11R-A21D-07,thca,tumor,2.755625199
TCGA-J8-A3O2-06A-11R-A23N-07,thca,tumor,2.810745738
TCGA-J8-A3O2-01A-11R-A23N-07,thca,tumor,2.418225893
TCGA-J8-A3YD-01A-11R-A22U-07,thca,tumor,2.918256549
TCGA-J8-A3YE-01A-12R-A23N-07,thca,tumor,2.689843389
TCGA-J8-A3YF-01A-12R-A23N-07,thca,tumor,2.71402188
TCGA-J8-A3YG-01A-11R-A22U-07,thca,tumor,1.866270605
TCGA-J8-A3YH-06A-11R-A23N-07,thca,tumor,2.298277939
TCGA-J8-A3YH-01A-11R-A22U-07,thca,tumor,2.440707675
TCGA-J8-A42S-01A-11R-A23N-07,thca,tumor,2.038804287
TCGA-J8-A4HW-06A-11R-A250-07,thca,tumor,2.59291241
TCGA-J8-A4HW-01A-11R-A250-07,thca,tumor,2.452484839
TCGA-J8-A4HY-01A-11R-A250-07,thca,tumor,2.355384291
TCGA-KS-A41F-01A-11R-A23N-07,thca,tumor,2.73180729
TCGA-KS-A41I-01A-11R-A23N-07,thca,tumor,2.737760665
TCGA-KS-A41J-01A-11R-A23N-07,thca,tumor,1.995870368
TCGA-KS-A41L-01A-11R-A23N-07,thca,tumor,2.697421313
TCGA-KS-A4I1-01A-11R-A250-07,thca,tumor,2.957374889
TCGA-KS-A4I3-01A-11R-A250-07,thca,tumor,2.859004037
TCGA-KS-A4I5-01A-11R-A250-07,thca,tumor,2.499737369
TCGA-KS-A4I7-01A-11R-A250-07,thca,tumor,2.65529496
TCGA-KS-A4I9-01A-11R-A250-07,thca,tumor,1.945199818
TCGA-KS-A4IB-01A-11R-A250-07,thca,tumor,2.546718182
TCGA-KS-A4IC-01A-11R-A250-07,thca,tumor,2.777402276
TCGA-KS-A4ID-01A-11R-A250-07,thca,tumor,2.60023628
TCGA-L6-A4EP-01A-11R-A250-07,thca,tumor,2.661437764
TCGA-L6-A4EQ-01A-11R-A250-07,thca,tumor,2.480816929
TCGA-L6-A4ET-01A-11R-A250-07,thca,tumor,3.05203771
TCGA-L6-A4EU-01A-11R-A250-07,thca,tumor,2.843881479
TCGA-MK-A4N6-01A-11R-A250-07,thca,tumor,2.32022509
TCGA-MK-A4N7-01A-11R-A250-07,thca,tumor,2.406653501
TCGA-MK-A4N9-01A-11R-A250-07,thca,tumor,2.908215001
TCGA-MK-A84Z-01A-11R-A39I-07,thca,tumor,2.723454895
TCGA-QD-A8IV-01A-11R-A39I-07,thca,tumor,2.617622324
TCGA-3G-AB0O-01A-22R-A42C-07,thym,tumor,2.485814744
TCGA-3G-AB0Q-01A-11R-A42C-07,thym,tumor,2.502309966
TCGA-3G-AB0T-01A-11R-A42C-07,thym,tumor,2.562656881
TCGA-3G-AB14-01A-11R-A42C-07,thym,tumor,2.807054281
TCGA-3G-AB19-01A-21R-A42C-07,thym,tumor,2.645205955
TCGA-3Q-A9WF-01A-11R-A42C-07,thym,tumor,2.468021434
TCGA-3S-A8YW-01A-11R-A42C-07,thym,tumor,2.885223705
TCGA-3S-AAYX-01A-11R-A42C-07,thym,tumor,2.63606438
TCGA-3T-AA9L-01A-11R-A42C-07,thym,tumor,2.518577226
TCGA-4V-A9QI-01A-11R-A42C-07,thym,tumor,2.379731706
TCGA-4V-A9QJ-01A-11R-A42C-07,thym,tumor,2.314847729
TCGA-4V-A9QL-01A-11R-A42C-07,thym,tumor,2.458214361
TCGA-4V-A9QM-01A-11R-A42C-07,thym,tumor,2.610245451
TCGA-4V-A9QN-01A-11R-A42C-07,thym,tumor,2.476243035
TCGA-4V-A9QR-01A-11R-A42C-07,thym,tumor,2.538744319
TCGA-4V-A9QS-01A-11R-A42C-07,thym,tumor,2.499948917
TCGA-4V-A9QT-01A-11R-A42C-07,thym,tumor,2.505861113
TCGA-4V-A9QU-01A-11R-A42C-07,thym,tumor,2.203321904
TCGA-4V-A9QW-01A-11R-A42C-07,thym,tumor,2.645340545
TCGA-4V-A9QX-01A-11R-A42C-07,thym,tumor,2.260772378
TCGA-4X-A9F9-01A-11R-A42C-07,thym,tumor,2.730466466
TCGA-4X-A9FA-01A-11R-A42C-07,thym,tumor,2.537275684
TCGA-4X-A9FB-01A-11R-A42C-07,thym,tumor,2.479148712
TCGA-4X-A9FC-01A-11R-A42C-07,thym,tumor,2.28979581
TCGA-4X-A9FD-01A-11R-A42C-07,thym,tumor,2.507700344
TCGA-5G-A9ZZ-01A-31R-A42C-07,thym,tumor,2.832257226
TCGA-5K-AAAP-01A-11R-A42C-07,thym,tumor,2.555751403
TCGA-5U-AB0D-01A-11R-A42C-07,thym,tumor,2.728103075
TCGA-5U-AB0E-01A-11R-A42C-07,thym,tumor,2.547078135
TCGA-5U-AB0F-01A-11R-A42C-07,thym,tumor,2.451968053
TCGA-5V-A9RR-01A-11R-A42C-07,thym,tumor,2.437362862
TCGA-X7-A8D6-01A-11R-A42C-07,thym,tumor,2.447553756
TCGA-X7-A8D7-01A-11R-A42C-07,thym,tumor,2.399086685
TCGA-X7-A8D8-01A-11R-A42C-07,thym,tumor,2.714494387
TCGA-X7-A8D9-01A-11R-A42C-07,thym,tumor,2.791065812
TCGA-X7-A8DB-01A-11R-A42C-07,thym,tumor,2.529070947
TCGA-X7-A8DD-01A-11R-A42C-07,thym,tumor,2.692569162
TCGA-X7-A8DE-01A-11R-A42C-07,thym,tumor,2.469805238
TCGA-X7-A8DF-01A-11R-A42C-07,thym,tumor,2.498339093
TCGA-X7-A8DG-01A-11R-A42C-07,thym,tumor,2.388206681
TCGA-X7-A8DJ-01A-11R-A42C-07,thym,tumor,2.63680473
TCGA-X7-A8M0-01A-11R-A42C-07,thym,tumor,2.59946909
TCGA-X7-A8M1-01A-11R-A42C-07,thym,tumor,2.728322251
TCGA-X7-A8M3-01A-11R-A42C-07,thym,tumor,2.134779933
TCGA-X7-A8M4-01A-11R-A42C-07,thym,tumor,2.352322734
TCGA-X7-A8M5-01A-11R-A42C-07,thym,tumor,2.780309528
TCGA-X7-A8M6-01A-11R-A42C-07,thym,tumor,2.537929824
TCGA-X7-A8M7-01A-11R-A42C-07,thym,tumor,2.48857131
TCGA-X7-A8M8-01A-11R-A42C-07,thym,tumor,2.555232841
TCGA-XH-A853-01A-11R-A42C-07,thym,tumor,2.503521631
TCGA-XM-A8R8-01A-11R-A42C-07,thym,tumor,2.666420486
TCGA-XM-A8R9-01A-31R-A42C-07,thym,tumor,2.540027729
TCGA-XM-A8RB-01A-11R-A42C-07,thym,tumor,2.493977853
TCGA-XM-A8RC-01A-11R-A42C-07,thym,tumor,2.57273918
TCGA-XM-A8RD-01A-11R-A42C-07,thym,tumor,2.461275579
TCGA-XM-A8RE-01A-11R-A42C-07,thym,tumor,2.506366268
TCGA-XM-A8RF-01A-11R-A42C-07,thym,tumor,2.870269452
TCGA-XM-A8RG-01A-11R-A42C-07,thym,tumor,2.877067036
TCGA-XM-A8RH-01A-11R-A42C-07,thym,tumor,2.447484507
TCGA-XM-A8RI-01A-12R-A42C-07,thym,tumor,2.72781075
TCGA-XM-A8RL-01A-11R-A42C-07,thym,tumor,2.606883673
TCGA-XM-AAZ1-01A-11R-A42C-07,thym,tumor,2.683956981
TCGA-XM-AAZ2-01A-11R-A42C-07,thym,tumor,2.880525534
TCGA-XM-AAZ3-01A-11R-A42C-07,thym,tumor,2.848714672
TCGA-XU-A92O-01A-11R-A42C-07,thym,tumor,2.792815853
TCGA-XU-A92Q-01A-11R-A42C-07,thym,tumor,2.279897576
TCGA-XU-A92T-01A-11R-A42C-07,thym,tumor,2.515459754
TCGA-XU-A92U-01A-11R-A42C-07,thym,tumor,2.550338622
TCGA-XU-A92V-01A-11R-A42C-07,thym,tumor,2.881645229
TCGA-XU-A92W-01A-11R-A42C-07,thym,tumor,2.429819693
TCGA-XU-A92X-01A-11R-A42C-07,thym,tumor,2.517800565
TCGA-XU-A92Y-01A-11R-A42C-07,thym,tumor,3.123440016
TCGA-XU-A92Z-01A-11R-A42C-07,thym,tumor,2.106243125
TCGA-XU-A930-01A-11R-A42C-07,thym,tumor,2.426681876
TCGA-XU-A931-01A-11R-A42C-07,thym,tumor,2.383932526
TCGA-XU-A932-01A-11R-A42C-07,thym,tumor,2.552983708
TCGA-XU-A933-01A-11R-A42C-07,thym,tumor,2.769016285
TCGA-XU-A936-01A-11R-A42C-07,thym,tumor,2.807952324
TCGA-XU-AAXV-01A-11R-A42C-07,thym,tumor,2.196509937
TCGA-XU-AAXW-01A-11R-A42C-07,thym,tumor,2.513987118
TCGA-XU-AAXX-01A-11R-A42C-07,thym,tumor,2.510338991
TCGA-XU-AAXY-01A-11R-A42C-07,thym,tumor,2.674920759
TCGA-XU-AAXZ-01A-11R-A466-07,thym,tumor,2.971765044
TCGA-XU-AAY0-01A-11R-A42C-07,thym,tumor,2.482117954
TCGA-XU-AAY1-01A-11R-A42C-07,thym,tumor,2.459665768
TCGA-YT-A95D-01A-11R-A42C-07,thym,tumor,2.472672167
TCGA-YT-A95E-01A-11R-A42C-07,thym,tumor,2.525488069
TCGA-YT-A95F-01A-11R-A42C-07,thym,tumor,2.179830363
TCGA-YT-A95G-01A-11R-A42S-07,thym,tumor,2.164041473
TCGA-YT-A95H-01A-11R-A42S-07,thym,tumor,2.401492635
TCGA-ZB-A961-01A-11R-A42S-07,thym,tumor,2.643313612
TCGA-ZB-A962-01A-11R-A42S-07,thym,tumor,2.323059629
TCGA-ZB-A963-01A-11R-A42S-07,thym,tumor,2.526687541
TCGA-ZB-A964-01A-11R-A42S-07,thym,tumor,2.66394692
TCGA-ZB-A965-01A-11R-A42S-07,thym,tumor,3.069606023
TCGA-ZB-A966-01A-11R-A42S-07,thym,tumor,2.584955538
TCGA-ZB-A969-01A-11R-A42S-07,thym,tumor,2.739926436
TCGA-ZB-A96A-01A-11R-A42S-07,thym,tumor,2.557820707
TCGA-ZB-A96B-01A-11R-A42S-07,thym,tumor,2.473137305
TCGA-ZB-A96C-01A-11R-A42S-07,thym,tumor,2.76616163
TCGA-ZB-A96D-01A-11R-A42S-07,thym,tumor,2.413945858
TCGA-ZB-A96E-01A-11R-A42S-07,thym,tumor,2.393388508
TCGA-ZB-A96F-01A-11R-A42S-07,thym,tumor,2.627768732
TCGA-ZB-A96G-01A-11R-A42S-07,thym,tumor,2.538623985
TCGA-ZB-A96H-01A-11R-A42S-07,thym,tumor,2.677391676
TCGA-ZB-A96I-01A-11R-A42S-07,thym,tumor,1.941638744
TCGA-ZB-A96K-01A-11R-A42S-07,thym,tumor,2.681157569
TCGA-ZB-A96L-01A-11R-A42S-07,thym,tumor,2.794561995
TCGA-ZB-A96M-01A-11R-A42S-07,thym,tumor,2.521600476
TCGA-ZB-A96O-01A-11R-A42S-07,thym,tumor,2.490315881
TCGA-ZB-A96P-01A-11R-A42S-07,thym,tumor,2.556286734
TCGA-ZB-A96Q-01A-11R-A42S-07,thym,tumor,2.703899324
TCGA-ZB-A96R-01A-11R-A42S-07,thym,tumor,2.539834217
TCGA-ZB-A96V-01A-11R-A42S-07,thym,tumor,2.430224315
TCGA-ZC-AAA7-01A-11R-A42S-07,thym,tumor,2.405821415
TCGA-ZC-AAAA-01A-11R-A42S-07,thym,tumor,2.031807463
TCGA-ZC-AAAF-01A-11R-A42S-07,thym,tumor,2.487779949
TCGA-ZC-AAAH-01A-11R-A42S-07,thym,tumor,2.645551662
TCGA-ZL-A9V6-01A-11R-A42S-07,thym,tumor,2.654293443
TCGA-ZT-A8OM-01A-11R-A42S-07,thym,tumor,2.765440834
TCGA-A5-A0G1-01A-11R-A118-07,ucec,tumor,2.692871505
TCGA-A5-A0G2-01A-11R-A16W-07,ucec,tumor,2.943502607
TCGA-A5-A0G3-01A-11R-A040-07,ucec,tumor,2.598332012
TCGA-A5-A0G5-01A-11R-A040-07,ucec,tumor,2.712435534
TCGA-A5-A0G9-01A-11R-A040-07,ucec,tumor,2.668019346
TCGA-A5-A0GA-01A-11R-A040-07,ucec,tumor,3.214059479
TCGA-A5-A0GB-01A-11R-A040-07,ucec,tumor,2.888070266
TCGA-A5-A0GD-01A-11R-A16W-07,ucec,tumor,2.600898505
TCGA-A5-A0GE-01A-11R-A16W-07,ucec,tumor,3.090775846
TCGA-A5-A0GG-01A-11R-A118-07,ucec,tumor,2.864830859
TCGA-A5-A0GH-01A-21R-A16W-07,ucec,tumor,3.134472982
TCGA-A5-A0GI-01A-11R-A040-07,ucec,tumor,2.790143488
TCGA-A5-A0GJ-01A-11R-A040-07,ucec,tumor,2.68665259
TCGA-A5-A0GM-01A-11R-A040-07,ucec,tumor,2.227496374
TCGA-A5-A0GN-01A-11R-A040-07,ucec,tumor,2.526588991
TCGA-A5-A0GP-01A-11R-A040-07,ucec,tumor,2.644544601
TCGA-A5-A0GQ-01A-11R-A118-07,ucec,tumor,2.653970334
TCGA-A5-A0GR-01A-11R-A118-07,ucec,tumor,2.883329161
TCGA-A5-A0GU-01A-11R-A16W-07,ucec,tumor,3.070424437
TCGA-A5-A0GV-01A-31R-A16W-07,ucec,tumor,2.771663086
TCGA-A5-A0GW-01A-11R-A16W-07,ucec,tumor,2.964036089
TCGA-A5-A0GX-01A-11R-A040-07,ucec,tumor,2.952149259
TCGA-A5-A0R6-01A-11R-A104-07,ucec,tumor,2.915557413
TCGA-A5-A0R7-01A-31R-A16W-07,ucec,tumor,2.990964936
TCGA-A5-A0R8-01A-11R-A104-07,ucec,tumor,2.662255914
TCGA-A5-A0R9-01A-11R-A104-07,ucec,tumor,2.529881259
TCGA-A5-A0RA-01A-21R-A104-07,ucec,tumor,2.896665613
TCGA-A5-A0VO-01A-21R-A109-07,ucec,tumor,2.782184763
TCGA-A5-A0VP-01A-21R-A104-07,ucec,tumor,3.239337064
TCGA-A5-A0VQ-01A-11R-A104-07,ucec,tumor,2.989397013
TCGA-A5-A1OF-01A-11R-A14D-07,ucec,tumor,2.582611908
TCGA-A5-A1OG-01A-11R-A14D-07,ucec,tumor,2.596496043
TCGA-A5-A1OJ-01A-11R-A14D-07,ucec,tumor,3.126188121
TCGA-A5-A1OK-01A-11R-A14M-07,ucec,tumor,2.962920067
TCGA-AJ-A23M-01A-11R-A157-07,ucec,tumor,2.323248673
TCGA-AJ-A23O-01A-11R-A157-07,ucec,tumor,2.994461919
TCGA-AJ-A2QK-01A-11R-A18M-07,ucec,tumor,2.179878598
TCGA-AJ-A2QL-01A-11R-A18M-07,ucec,tumor,2.167505079
TCGA-AJ-A2QN-01A-11R-A18M-07,ucec,tumor,2.70459078
TCGA-AP-A051-01A-21R-A00V-07,ucec,tumor,2.714336116
TCGA-AP-A052-01A-11R-A00V-07,ucec,tumor,2.160583128
TCGA-AP-A053-01A-21R-A00V-07,ucec,tumor,2.658479061
TCGA-AP-A054-01A-11R-A16W-07,ucec,tumor,2.445476338
TCGA-AP-A056-01A-11R-A00V-07,ucec,tumor,1.820115883
TCGA-AP-A059-01A-21R-A118-07,ucec,tumor,2.420407899
TCGA-AP-A05A-01A-11R-A00V-07,ucec,tumor,2.52048755
TCGA-AP-A05D-01A-11R-A00V-07,ucec,tumor,2.072367446
TCGA-AP-A05H-01A-11R-A00V-07,ucec,tumor,3.034618285
TCGA-AP-A05J-01A-11R-A00V-07,ucec,tumor,2.908965409
TCGA-AP-A05N-01A-11R-A00V-07,ucec,tumor,2.431974903
TCGA-AP-A05O-01A-12R-A118-07,ucec,tumor,2.775255672
TCGA-AP-A05P-01A-11R-A16W-07,ucec,tumor,2.866386847
TCGA-AP-A0L8-01A-11R-A040-07,ucec,tumor,2.504445592
TCGA-AP-A0L9-01A-11R-A040-07,ucec,tumor,1.635346503
TCGA-AP-A0LD-01A-11R-A040-07,ucec,tumor,2.519817863
TCGA-AP-A0LE-01A-11R-A104-07,ucec,tumor,2.796117805
TCGA-AP-A0LF-01A-11R-A118-07,ucec,tumor,2.729776323
TCGA-AP-A0LG-01A-11R-A16W-07,ucec,tumor,2.803680932
TCGA-AP-A0LH-01A-11R-A16W-07,ucec,tumor,2.892198943
TCGA-AP-A0LI-01A-11R-A040-07,ucec,tumor,2.774859296
TCGA-AP-A0LJ-01A-11R-A040-07,ucec,tumor,2.767191191
TCGA-AP-A0LL-01A-12R-A104-07,ucec,tumor,2.938261568
TCGA-AP-A0LM-01A-11R-A118-07,ucec,tumor,2.935257166
TCGA-AP-A0LN-01A-11R-A040-07,ucec,tumor,3.013637098
TCGA-AP-A0LO-01A-11R-A040-07,ucec,tumor,2.39359176
TCGA-AP-A0LP-01A-12R-A104-07,ucec,tumor,2.350748931
TCGA-AP-A0LS-01A-11R-A14D-07,ucec,tumor,2.944752758
TCGA-AP-A0LT-01A-11R-A040-07,ucec,tumor,2.608355076
TCGA-AP-A0LV-01A-11R-A040-07,ucec,tumor,2.982026139
TCGA-AP-A1DH-01A-31R-A137-07,ucec,tumor,2.719915042
TCGA-AP-A1DK-01A-11R-A137-07,ucec,tumor,2.834964497
TCGA-AP-A1DM-01A-21R-A137-07,ucec,tumor,2.551306091
TCGA-AP-A1DO-01A-11R-A137-07,ucec,tumor,2.725421024
TCGA-AP-A1DP-01A-11R-A137-07,ucec,tumor,2.588076399
TCGA-AP-A1DQ-01A-11R-A137-07,ucec,tumor,2.849822035
TCGA-AP-A1DR-01A-11R-A137-07,ucec,tumor,2.848661585
TCGA-AP-A1DV-01A-21R-A137-07,ucec,tumor,2.665097799
TCGA-AP-A1E0-01A-11R-A137-07,ucec,tumor,2.814168441
TCGA-AP-A1E1-01A-11R-A137-07,ucec,tumor,2.8126361
TCGA-AP-A1E3-01A-11R-A137-07,ucec,tumor,2.947096372
TCGA-AP-A1E4-01A-12R-A137-07,ucec,tumor,2.849200269
TCGA-AW-A1PO-01A-12R-A157-07,ucec,tumor,2.754434655
TCGA-AX-A05S-01A-11R-A00V-07,ucec,tumor,2.578946438
TCGA-AX-A05T-01A-11R-A00V-07,ucec,tumor,2.888001694
TCGA-AX-A05U-01A-11R-A00V-07,ucec,tumor,2.393429684
TCGA-AX-A05Y-01A-11R-A00V-07,ucec,tumor,3.095459227
TCGA-AX-A05Z-01A-11R-A00V-07,ucec,tumor,2.362906972
TCGA-AX-A060-01A-11R-A00V-07,ucec,tumor,2.425093371
TCGA-AX-A062-01A-11R-A00V-07,ucec,tumor,2.181423786
TCGA-AX-A063-01A-11R-A00V-07,ucec,tumor,2.845880621
TCGA-AX-A064-01A-11R-A00V-07,ucec,tumor,2.60963939
TCGA-AX-A06B-01A-11R-A00V-07,ucec,tumor,3.073002417
TCGA-AX-A06D-01A-11R-A118-07,ucec,tumor,2.931439653
TCGA-AX-A06F-01A-11R-A00V-07,ucec,tumor,2.410956889
TCGA-AX-A06H-01A-11R-A118-07,ucec,tumor,2.555290095
TCGA-AX-A06J-01A-11R-A00V-07,ucec,tumor,2.826908795
TCGA-AX-A06L-01A-11R-A118-07,ucec,tumor,2.334350604
TCGA-AX-A0IS-01A-12R-A10J-07,ucec,tumor,2.857879067
TCGA-AX-A0IU-01A-11R-A16W-07,ucec,tumor,3.108912764
TCGA-AX-A0IW-01A-11R-A040-07,ucec,tumor,2.282273357
TCGA-AX-A0IZ-01A-11R-A118-07,ucec,tumor,3.14942511
TCGA-AX-A0J0-01A-11R-A109-07,ucec,tumor,2.487871878
TCGA-AX-A0J1-01A-11R-A040-07,ucec,tumor,3.03907651
TCGA-AX-A1C4-01A-11R-A137-07,ucec,tumor,2.502649763
TCGA-AX-A1C5-01A-11R-A137-07,ucec,tumor,3.18762444
TCGA-AX-A1C7-01A-11R-A137-07,ucec,tumor,2.553095453
TCGA-AX-A1C8-01A-11R-A137-07,ucec,tumor,2.64522327
TCGA-AX-A1C9-01A-11R-A137-07,ucec,tumor,2.60155733
TCGA-AX-A1CA-01A-12R-A137-07,ucec,tumor,2.82012489
TCGA-AX-A1CC-01A-11R-A137-07,ucec,tumor,2.648068255
TCGA-AX-A1CE-01A-11R-A137-07,ucec,tumor,2.566352938
TCGA-AX-A1CF-01A-11R-A137-07,ucec,tumor,2.697608573
TCGA-AX-A1CI-01A-11R-A137-07,ucec,tumor,2.378530793
TCGA-AX-A1CJ-01A-11R-A137-07,ucec,tumor,2.384820739
TCGA-AX-A1CK-01A-11R-A137-07,ucec,tumor,2.660853139
TCGA-AX-A1CN-01A-11R-A137-07,ucec,tumor,2.687573557
TCGA-AX-A1CP-01A-11R-A137-07,ucec,tumor,2.918261931
TCGA-AX-A1CR-01A-12R-A137-07,ucec,tumor,2.732006697
TCGA-AX-A2H2-01A-11R-A180-07,ucec,tumor,2.574629961
TCGA-AX-A2H5-01A-11R-A17B-07,ucec,tumor,2.998287204
TCGA-AX-A2H7-01A-12R-A18M-07,ucec,tumor,2.500574859
TCGA-AX-A2H8-01A-11R-A17B-07,ucec,tumor,2.438762271
TCGA-AX-A2HA-01A-12R-A18M-07,ucec,tumor,2.727459492
TCGA-AX-A2HC-01A-11R-A17B-07,ucec,tumor,2.76718829
TCGA-AX-A2HD-01A-21R-A17B-07,ucec,tumor,2.659497492
TCGA-AX-A2HF-01A-11R-A17B-07,ucec,tumor,2.624087777
TCGA-AX-A2HG-01A-11R-A17B-07,ucec,tumor,2.679111788
TCGA-AX-A2HJ-01A-11R-A17B-07,ucec,tumor,1.662119279
TCGA-AX-A2HK-01A-11R-A17B-07,ucec,tumor,2.689409428
TCGA-AX-A2IO-01A-11R-A180-07,ucec,tumor,2.694663229
TCGA-B5-A0JS-01A-11R-A104-07,ucec,tumor,2.321569727
TCGA-B5-A0JT-01A-21R-A118-07,ucec,tumor,2.676050011
TCGA-B5-A0JU-01B-11R-A14D-07,ucec,tumor,2.674482388
TCGA-B5-A0JV-01A-11R-A104-07,ucec,tumor,2.923697152
TCGA-B5-A0JX-01A-21R-A14M-07,ucec,tumor,2.591528353
TCGA-B5-A0JY-01A-11R-A104-07,ucec,tumor,2.439816033
TCGA-B5-A0JZ-01A-11R-A040-07,ucec,tumor,2.747303187
TCGA-B5-A0K0-01A-11R-A16W-07,ucec,tumor,3.072607176
TCGA-B5-A0K1-01A-11R-A16W-07,ucec,tumor,2.80235936
TCGA-B5-A0K2-01A-12R-A104-07,ucec,tumor,2.598314109
TCGA-B5-A0K3-01A-11R-A040-07,ucec,tumor,2.487307917
TCGA-B5-A0K4-01A-11R-A040-07,ucec,tumor,2.175046399
TCGA-B5-A0K6-01A-11R-A040-07,ucec,tumor,2.60060924
TCGA-B5-A0K7-01A-11R-A104-07,ucec,tumor,2.692441179
TCGA-B5-A0K8-01A-11R-A14M-07,ucec,tumor,2.890821438
TCGA-B5-A0KB-01B-11R-A14D-07,ucec,tumor,2.613719222
TCGA-B5-A11E-01A-11R-A10J-07,ucec,tumor,2.976878908
TCGA-B5-A11F-01A-11R-A10J-07,ucec,tumor,2.940449243
TCGA-B5-A11G-01A-13R-A118-07,ucec,tumor,3.062103196
TCGA-B5-A11H-01A-11R-A118-07,ucec,tumor,2.50093379
TCGA-B5-A11I-01A-11R-A10J-07,ucec,tumor,1.23514065
TCGA-B5-A11J-01A-11R-A118-07,ucec,tumor,2.36368237
TCGA-B5-A11L-01B-21R-A13S-07,ucec,tumor,2.734056769
TCGA-B5-A11M-01A-11R-A118-07,ucec,tumor,3.11909245
TCGA-B5-A11N-01A-11R-A118-07,ucec,tumor,3.081068933
TCGA-B5-A11O-01A-11R-A118-07,ucec,tumor,2.460721448
TCGA-B5-A11P-01B-11R-A14D-07,ucec,tumor,2.929604393
TCGA-B5-A11Q-01A-11R-A118-07,ucec,tumor,2.538466748
TCGA-B5-A11S-01A-11R-A118-07,ucec,tumor,2.389538656
TCGA-B5-A11U-01A-11R-A118-07,ucec,tumor,2.477631948
TCGA-B5-A11V-01A-11R-A10J-07,ucec,tumor,3.218372441
TCGA-B5-A11W-01A-12R-A118-07,ucec,tumor,2.609629067
TCGA-B5-A11X-01A-11R-A10J-07,ucec,tumor,2.963417691
TCGA-B5-A11Y-01A-21R-A10J-07,ucec,tumor,2.79270438
TCGA-B5-A11Z-01A-11R-A10J-07,ucec,tumor,2.88476671
TCGA-B5-A121-01A-31R-A118-07,ucec,tumor,2.80365042
TCGA-B5-A1MR-01A-31R-A14D-07,ucec,tumor,2.390311157
TCGA-B5-A1MU-01A-11R-A13S-07,ucec,tumor,1.398196711
TCGA-B5-A1MV-01A-31R-A14D-07,ucec,tumor,2.780933383
TCGA-B5-A1MX-01A-11R-A144-07,ucec,tumor,2.476895705
TCGA-B5-A1MY-01A-11R-A144-07,ucec,tumor,2.416277526
TCGA-B5-A1MZ-01A-11R-A144-07,ucec,tumor,2.146649133
TCGA-B5-A1N2-01A-21R-A144-07,ucec,tumor,2.564944653
TCGA-BG-A0LW-01A-11R-A16W-07,ucec,tumor,2.863722492
TCGA-BG-A0LX-01A-11R-A16W-07,ucec,tumor,2.9761234
TCGA-BG-A0M0-01A-11R-A104-07,ucec,tumor,2.986958876
TCGA-BG-A0M2-01A-11R-A104-07,ucec,tumor,2.565162162
TCGA-BG-A0M3-01A-11R-A104-07,ucec,tumor,2.938649166
TCGA-BG-A0M4-01A-11R-A104-07,ucec,tumor,2.484404414
TCGA-BG-A0M6-01A-31R-A104-07,ucec,tumor,2.906860816
TCGA-BG-A0M7-01A-11R-A040-07,ucec,tumor,2.30269428
TCGA-BG-A0M8-01A-12R-A104-07,ucec,tumor,2.477205945
TCGA-BG-A0M9-01A-21R-A104-07,ucec,tumor,2.52131366
TCGA-BG-A0MA-01A-11R-A17B-07,ucec,tumor,3.092940761
TCGA-BG-A0MC-01A-21R-A040-07,ucec,tumor,2.779906661
TCGA-BG-A0MG-01A-21R-A104-07,ucec,tumor,2.56036966
TCGA-BG-A0MH-01A-11R-A118-07,ucec,tumor,2.924981123
TCGA-BG-A0MI-01A-11R-A040-07,ucec,tumor,2.730733939
TCGA-BG-A0MO-01A-11R-A040-07,ucec,tumor,2.393258689
TCGA-BG-A0MQ-01A-11R-A104-07,ucec,tumor,2.747777143
TCGA-BG-A0MS-01A-11R-A104-07,ucec,tumor,2.20021054
TCGA-BG-A0MT-01A-11R-A104-07,ucec,tumor,2.715576684
TCGA-BG-A0MU-01A-11R-A104-07,ucec,tumor,2.457765343
TCGA-BG-A0RY-01A-11R-A104-07,ucec,tumor,1.91082219
TCGA-BG-A0VT-01A-11R-A10J-07,ucec,tumor,2.806507788
TCGA-BG-A0VV-01A-21R-A118-07,ucec,tumor,2.733452404
TCGA-BG-A0VW-01A-11R-A118-07,ucec,tumor,2.585879202
TCGA-BG-A0VX-01A-11R-A118-07,ucec,tumor,2.906831984
TCGA-BG-A0VZ-01A-11R-A109-07,ucec,tumor,2.900840918
TCGA-BG-A0W1-01A-12R-A109-07,ucec,tumor,2.704839486
TCGA-BG-A0W2-01A-11R-A109-07,ucec,tumor,2.917327597
TCGA-BG-A0YU-01A-21R-A10J-07,ucec,tumor,3.204926917
TCGA-BG-A0YV-01A-11R-A10J-07,ucec,tumor,2.848732362
TCGA-BG-A186-01A-11R-A12I-07,ucec,tumor,2.958065839
TCGA-BG-A187-01A-11R-A12I-07,ucec,tumor,2.997206257
TCGA-BG-A18A-01A-21R-A12I-07,ucec,tumor,3.089225762
TCGA-BG-A18B-01A-11R-A12I-07,ucec,tumor,2.696046449
TCGA-BG-A18C-01A-11R-A12I-07,ucec,tumor,3.313105734
TCGA-BG-A220-01A-11R-A157-07,ucec,tumor,2.852635141
TCGA-BG-A221-01A-21R-A157-07,ucec,tumor,2.207791059
TCGA-BG-A222-01A-11R-A157-07,ucec,tumor,2.615386624
TCGA-BG-A2AD-01A-21R-A16F-07,ucec,tumor,2.741865801
TCGA-BG-A2AE-01A-11R-A16F-07,ucec,tumor,2.893121297
TCGA-BG-A2L7-01A-11R-A18M-07,ucec,tumor,2.766568707
TCGA-BK-A0C9-01A-11R-A00V-07,ucec,tumor,2.487759549
TCGA-BK-A0CA-01A-21R-A118-07,ucec,tumor,2.74072581
TCGA-BK-A0CB-01A-32R-A104-07,ucec,tumor,2.004414147
TCGA-BK-A0CC-01A-21R-A16W-07,ucec,tumor,2.955207269
TCGA-BK-A139-01A-11R-A118-07,ucec,tumor,1.970289352
TCGA-BK-A13C-01A-11R-A118-07,ucec,tumor,2.665099436
TCGA-BK-A26L-01A-11R-A16F-07,ucec,tumor,2.037286263
TCGA-BS-A0T9-01A-11R-A12I-07,ucec,tumor,2.781160716
TCGA-BS-A0TA-01A-11R-A104-07,ucec,tumor,2.627421492
TCGA-BS-A0TC-01A-11R-A104-07,ucec,tumor,2.906826391
TCGA-BS-A0TD-01A-11R-A104-07,ucec,tumor,2.604090389
TCGA-BS-A0TE-01A-11R-A104-07,ucec,tumor,3.216957361
TCGA-BS-A0TG-01A-32R-A16W-07,ucec,tumor,2.643664206
TCGA-BS-A0TI-01A-11R-A104-07,ucec,tumor,2.925471157
TCGA-BS-A0TJ-01A-11R-A104-07,ucec,tumor,2.766493037
TCGA-BS-A0U5-01A-11R-A109-07,ucec,tumor,2.907783958
TCGA-BS-A0U7-01A-21R-A104-07,ucec,tumor,2.861159376
TCGA-BS-A0U8-01A-11R-A104-07,ucec,tumor,2.794105275
TCGA-BS-A0U9-01B-21R-A10J-07,ucec,tumor,2.677073
TCGA-BS-A0UA-01A-11R-A118-07,ucec,tumor,2.617832779
TCGA-BS-A0UF-01A-11R-A104-07,ucec,tumor,2.511605728
TCGA-BS-A0UJ-01A-12R-A104-07,ucec,tumor,2.850579931
TCGA-BS-A0UL-01A-11R-A109-07,ucec,tumor,2.357205789
TCGA-BS-A0UM-01A-11R-A104-07,ucec,tumor,2.684342679
TCGA-BS-A0UT-01A-11R-A104-07,ucec,tumor,2.699104431
TCGA-BS-A0UV-01A-11R-A16W-07,ucec,tumor,2.528847897
TCGA-BS-A0V6-01A-11R-A118-07,ucec,tumor,2.905319262
TCGA-BS-A0V8-01A-11R-A118-07,ucec,tumor,2.839940498
TCGA-BS-A0VI-01A-11R-A14D-07,ucec,tumor,1.752601846
TCGA-BS-A0WQ-01A-21R-A109-07,ucec,tumor,2.991306426
TCGA-D1-A0ZN-01A-11R-A118-07,ucec,tumor,2.795704878
TCGA-D1-A0ZO-01A-11R-A118-07,ucec,tumor,2.840631588
TCGA-D1-A0ZP-01A-21R-A10J-07,ucec,tumor,2.801863329
TCGA-D1-A0ZQ-01A-11R-A118-07,ucec,tumor,2.536747558
TCGA-D1-A0ZR-01A-21R-A10J-07,ucec,tumor,2.825116614
TCGA-D1-A0ZS-01A-11R-A118-07,ucec,tumor,2.097286673
TCGA-D1-A0ZU-01A-11R-A10J-07,ucec,tumor,3.104761332
TCGA-D1-A0ZV-01A-11R-A10J-07,ucec,tumor,2.227307046
TCGA-D1-A0ZZ-01A-11R-A10J-07,ucec,tumor,2.816518219
TCGA-D1-A101-01A-12R-A10J-07,ucec,tumor,2.864199081
TCGA-D1-A102-01A-11R-A10J-07,ucec,tumor,2.357271498
TCGA-D1-A103-01A-11R-A10J-07,ucec,tumor,2.941354664
TCGA-D1-A15V-01A-11R-A118-07,ucec,tumor,2.725872045
TCGA-D1-A15W-01A-11R-A118-07,ucec,tumor,2.51029405
TCGA-D1-A15X-01A-11R-A118-07,ucec,tumor,3.043589009
TCGA-D1-A15Z-01A-11R-A118-07,ucec,tumor,3.043524761
TCGA-D1-A160-01A-11R-A118-07,ucec,tumor,2.813932991
TCGA-D1-A161-01A-11R-A118-07,ucec,tumor,3.140462108
TCGA-D1-A162-01A-11R-A118-07,ucec,tumor,2.136498891
TCGA-D1-A163-01A-11R-A12I-07,ucec,tumor,2.691394586
TCGA-D1-A165-01A-11R-A12I-07,ucec,tumor,3.000418306
TCGA-D1-A167-01A-11R-A12I-07,ucec,tumor,2.693521639
TCGA-D1-A168-01A-31R-A12I-07,ucec,tumor,2.392298282
TCGA-D1-A169-01A-11R-A12I-07,ucec,tumor,2.403414908
TCGA-D1-A16B-01A-11R-A12I-07,ucec,tumor,3.082054964
TCGA-D1-A16D-01A-11R-A12I-07,ucec,tumor,2.676005182
TCGA-D1-A16E-01A-22R-A12I-07,ucec,tumor,3.092985589
TCGA-D1-A16F-01A-11R-A12I-07,ucec,tumor,3.189235811
TCGA-D1-A16G-01A-31R-A12I-07,ucec,tumor,2.589809433
TCGA-D1-A16I-01A-11R-A12I-07,ucec,tumor,2.065358344
TCGA-D1-A16J-01A-11R-A12I-07,ucec,tumor,2.658771534
TCGA-D1-A16N-01A-11R-A12I-07,ucec,tumor,2.544240929
TCGA-D1-A16O-01A-11R-A12I-07,ucec,tumor,3.090236413
TCGA-D1-A16Q-01A-12R-A12I-07,ucec,tumor,2.833459085
TCGA-D1-A16R-01A-11R-A12I-07,ucec,tumor,2.865125195
TCGA-D1-A16S-01A-11R-A12I-07,ucec,tumor,2.817842751
TCGA-D1-A16V-01A-11R-A12I-07,ucec,tumor,2.959048605
TCGA-D1-A16X-01A-11R-A12I-07,ucec,tumor,2.803765563
TCGA-D1-A16Y-01A-31R-A12I-07,ucec,tumor,2.891440069
TCGA-D1-A174-01A-11R-A12I-07,ucec,tumor,2.362323062
TCGA-D1-A175-01A-11R-A12I-07,ucec,tumor,2.99375181
TCGA-D1-A176-01A-11R-A12I-07,ucec,tumor,2.896442855
TCGA-D1-A177-01A-21R-A12I-07,ucec,tumor,2.824575992
TCGA-D1-A179-01A-11R-A12I-07,ucec,tumor,2.767307518
TCGA-D1-A17A-01A-11R-A12I-07,ucec,tumor,2.944849962
TCGA-D1-A17B-01A-22R-A12I-07,ucec,tumor,2.397729476
TCGA-D1-A17C-01A-11R-A12I-07,ucec,tumor,2.846456246
TCGA-D1-A17D-01A-12R-A12I-07,ucec,tumor,2.065433825
TCGA-D1-A17F-01A-11R-A12I-07,ucec,tumor,2.770844783
TCGA-D1-A17H-01A-11R-A12I-07,ucec,tumor,2.737999829
TCGA-D1-A17K-01A-11R-A12I-07,ucec,tumor,2.33573417
TCGA-D1-A17L-01A-11R-A12I-07,ucec,tumor,2.7483065
TCGA-D1-A17M-01A-21R-A12I-07,ucec,tumor,2.752094326
TCGA-D1-A17N-01A-11R-A12I-07,ucec,tumor,2.654944707
TCGA-D1-A17Q-01A-11R-A12I-07,ucec,tumor,3.126363119
TCGA-D1-A17R-01A-11R-A12I-07,ucec,tumor,2.415687797
TCGA-D1-A17S-01A-11R-A12I-07,ucec,tumor,1.818657972
TCGA-D1-A17T-01A-11R-A12I-07,ucec,tumor,2.554431736
TCGA-D1-A17U-01A-21R-A12I-07,ucec,tumor,2.009327339
TCGA-D1-A1NS-01A-11R-A14D-07,ucec,tumor,2.12692854
TCGA-D1-A1NU-01A-11R-A14D-07,ucec,tumor,2.355499629
TCGA-D1-A1NW-01A-11R-A14M-07,ucec,tumor,2.759401168
TCGA-D1-A1NX-01A-11R-A16F-07,ucec,tumor,2.307425035
TCGA-D1-A1NY-01A-11R-A16F-07,ucec,tumor,2.282529236
TCGA-D1-A1NZ-01A-21R-A14D-07,ucec,tumor,2.642893368
TCGA-D1-A1O0-01A-11R-A17B-07,ucec,tumor,2.666274129
TCGA-D1-A1O5-01A-11R-A14D-07,ucec,tumor,2.426994722
TCGA-D1-A1O7-01A-11R-A14D-07,ucec,tumor,2.88257928
TCGA-D1-A1O8-01A-11R-A14D-07,ucec,tumor,2.618227479
TCGA-D1-A2G5-01A-11R-A17B-07,ucec,tumor,2.565286004
TCGA-D1-A2G6-01A-11R-A17B-07,ucec,tumor,2.430758249
TCGA-D1-A2G7-01A-21R-A180-07,ucec,tumor,2.936308863
TCGA-DF-A2KS-01A-11R-A18M-07,ucec,tumor,2.774320866
TCGA-DI-A0WH-01A-12R-A12I-07,ucec,tumor,2.453924342
TCGA-DI-A1BY-01A-21R-A137-07,ucec,tumor,2.568156098
TCGA-DI-A1NN-01A-11R-A16F-07,ucec,tumor,1.948998313
TCGA-DI-A1NO-01A-31R-A157-07,ucec,tumor,2.511957726
TCGA-DI-A2QU-01A-11R-A18M-07,ucec,tumor,3.049111214
TCGA-E6-A1LX-01A-11R-A14D-07,ucec,tumor,2.676339765
TCGA-E6-A1LZ-01A-11R-A144-07,ucec,tumor,2.985437568
TCGA-E6-A1M0-01A-11R-A144-07,ucec,tumor,2.640870317
TCGA-EC-A1NJ-01A-31R-A14D-07,ucec,tumor,2.796421799
TCGA-EC-A1QX-01A-31R-A16F-07,ucec,tumor,2.70226837
TCGA-EC-A24G-01A-11R-A16F-07,ucec,tumor,1.845285752
TCGA-EO-A1Y5-01A-11R-A157-07,ucec,tumor,2.157191859
TCGA-EO-A1Y8-01A-11R-A157-07,ucec,tumor,2.753082891
TCGA-EO-A22R-01A-11R-A18M-07,ucec,tumor,2.798126371
TCGA-EO-A22S-01A-11R-A18M-07,ucec,tumor,2.774562111
TCGA-EO-A22T-01A-21R-A18M-07,ucec,tumor,2.649549246
TCGA-EO-A2CG-01A-12R-A180-07,ucec,tumor,3.070131121
TCGA-EO-A2CH-01A-11R-A180-07,ucec,tumor,2.830200057
TCGA-EY-A1G7-01A-11R-A13S-07,ucec,tumor,2.119768371
TCGA-EY-A1G8-01A-11R-A13S-07,ucec,tumor,2.517283856
TCGA-EY-A1GC-01A-11R-A13S-07,ucec,tumor,2.636018759
TCGA-EY-A1GD-01A-11R-A13S-07,ucec,tumor,2.822516075
TCGA-EY-A1GE-01A-11R-A13S-07,ucec,tumor,2.067513331
TCGA-EY-A1GF-01A-11R-A13S-07,ucec,tumor,2.518265193
TCGA-EY-A1GH-01A-11R-A13S-07,ucec,tumor,2.683176495
TCGA-EY-A1GI-01A-11R-A13S-07,ucec,tumor,2.309704322
TCGA-EY-A1GK-01A-11R-A13S-07,ucec,tumor,2.878955649
TCGA-EY-A1GM-01A-12R-A14D-07,ucec,tumor,3.313740059
TCGA-EY-A1GQ-01A-21R-A13S-07,ucec,tumor,2.659324732
TCGA-EY-A1GR-01A-11R-A13S-07,ucec,tumor,2.209410407
TCGA-EY-A1GS-01A-11R-A13S-07,ucec,tumor,2.896914509
TCGA-EY-A1GT-01A-11R-A13S-07,ucec,tumor,2.689781235
TCGA-EY-A1GU-01A-11R-A13S-07,ucec,tumor,2.977168867
TCGA-EY-A1GV-01A-11R-A13S-07,ucec,tumor,2.86007307
TCGA-EY-A1GW-01A-22R-A13S-07,ucec,tumor,2.460941787
TCGA-EY-A1H0-01A-11R-A13S-07,ucec,tumor,2.720499267
TCGA-EY-A212-01A-11R-A14M-07,ucec,tumor,2.943578008
TCGA-EY-A214-01A-12R-A157-07,ucec,tumor,3.13322606
TCGA-EY-A215-01A-11R-A14M-07,ucec,tumor,2.727388226
TCGA-EY-A2OM-01A-11R-A18M-07,ucec,tumor,2.654467172
TCGA-FI-A2CX-01A-11R-A17B-07,ucec,tumor,1.693056403
TCGA-FI-A2CY-01A-11R-A17B-07,ucec,tumor,2.503011624
TCGA-FI-A2D0-01A-11R-A17B-07,ucec,tumor,2.780737892
TCGA-FI-A2D2-01A-11R-A17B-07,ucec,tumor,2.314652113
TCGA-FI-A2D4-01A-12R-A17B-07,ucec,tumor,2.445858315
TCGA-FI-A2D5-01A-11R-A17B-07,ucec,tumor,2.642072727
TCGA-FI-A2D6-01A-11R-A17B-07,ucec,tumor,2.211912333
TCGA-FI-A2EU-01A-11R-A17B-07,ucec,tumor,3.097841282
TCGA-FI-A2EW-01A-11R-A17B-07,ucec,tumor,3.155796798
TCGA-FI-A2EX-01A-11R-A17B-07,ucec,tumor,2.84272656
TCGA-FI-A2F4-01A-11R-A17B-07,ucec,tumor,2.598525665
TCGA-FI-A2F8-01A-12R-A17B-07,ucec,tumor,2.908171296
TCGA-FI-A2F9-01A-11R-A17B-07,ucec,tumor,2.582301564
TCGA-N5-A4R8-01A-11R-A28V-07,ucs,tumor,1.848852558
TCGA-N5-A4RA-01A-11R-A28V-07,ucs,tumor,2.319260938
TCGA-N5-A4RD-01A-11R-A28V-07,ucs,tumor,2.361130602
TCGA-N5-A4RF-01A-11R-A28V-07,ucs,tumor,2.011588765
TCGA-N5-A4RJ-01A-11R-A28V-07,ucs,tumor,2.69323224
TCGA-N5-A4RM-01A-11R-A28V-07,ucs,tumor,1.995092355
TCGA-N5-A4RN-01A-12R-A28V-07,ucs,tumor,2.625420013
TCGA-N5-A4RO-01A-11R-A28V-07,ucs,tumor,1.988326743
TCGA-N5-A4RS-01A-11R-A28V-07,ucs,tumor,1.869901538
TCGA-N5-A4RT-01A-11R-A28V-07,ucs,tumor,2.666208158
TCGA-N5-A4RU-01A-31R-A28V-07,ucs,tumor,2.007032719
TCGA-N5-A4RV-01A-21R-A28V-07,ucs,tumor,1.996071245
TCGA-N5-A59E-01A-11R-A28V-07,ucs,tumor,2.218843727
TCGA-N5-A59F-01A-11R-A28V-07,ucs,tumor,2.609286593
TCGA-N6-A4V9-01A-11R-A28V-07,ucs,tumor,1.713059485
TCGA-N6-A4VC-01A-11R-A28V-07,ucs,tumor,2.488699615
TCGA-N6-A4VD-01A-11R-A28V-07,ucs,tumor,2.014052517
TCGA-N6-A4VE-01A-11R-A28V-07,ucs,tumor,1.567432345
TCGA-N6-A4VF-01A-31R-A28V-07,ucs,tumor,2.147639747
TCGA-N6-A4VG-01A-31R-A28V-07,ucs,tumor,1.657151963
TCGA-N7-A4Y0-01A-12R-A28V-07,ucs,tumor,2.449862486
TCGA-N7-A4Y5-01A-12R-A28V-07,ucs,tumor,2.423380225
TCGA-N7-A4Y8-01A-11R-A28V-07,ucs,tumor,2.073619704
TCGA-N7-A59B-01A-11R-A28V-07,ucs,tumor,2.248617633
TCGA-N8-A4PI-01A-21R-A28V-07,ucs,tumor,0.911771786
TCGA-N8-A4PL-01A-11R-A28V-07,ucs,tumor,2.001725416
TCGA-N8-A4PM-01A-11R-A28V-07,ucs,tumor,2.355648539
TCGA-N8-A4PN-01A-11R-A28V-07,ucs,tumor,2.140527693
TCGA-N8-A4PO-01A-11R-A28V-07,ucs,tumor,2.205994949
TCGA-N8-A4PP-01A-11R-A28V-07,ucs,tumor,1.907844106
TCGA-N8-A4PQ-01A-11R-A28V-07,ucs,tumor,2.184552816
TCGA-N8-A56S-01A-11R-A28V-07,ucs,tumor,2.622707372
TCGA-N9-A4PZ-01A-22R-A28V-07,ucs,tumor,1.753200648
TCGA-N9-A4Q1-01A-11R-A28V-07,ucs,tumor,2.215575966
TCGA-N9-A4Q3-01A-11R-A28V-07,ucs,tumor,2.430865173
TCGA-N9-A4Q4-01A-11R-A28V-07,ucs,tumor,2.222382288
TCGA-N9-A4Q7-01A-11R-A28V-07,ucs,tumor,2.684846732
TCGA-N9-A4Q8-01A-31R-A28V-07,ucs,tumor,2.639140158
TCGA-NA-A4QV-01A-11R-A28V-07,ucs,tumor,1.7923631
TCGA-NA-A4QW-01A-11R-A28V-07,ucs,tumor,2.637152547
TCGA-NA-A4QX-01A-11R-A28V-07,ucs,tumor,2.397364208
TCGA-NA-A4QY-01A-11R-A28V-07,ucs,tumor,2.119397364
TCGA-NA-A4R0-01A-11R-A28V-07,ucs,tumor,3.108634522
TCGA-NA-A4R1-01A-11R-A28V-07,ucs,tumor,1.936150781
TCGA-NA-A5I1-01A-21R-A28V-07,ucs,tumor,2.369922764
TCGA-ND-A4W6-01A-11R-A28V-07,ucs,tumor,1.826841101
TCGA-ND-A4WA-01A-12R-A28V-07,ucs,tumor,2.478457552
TCGA-ND-A4WC-01A-21R-A28V-07,ucs,tumor,2.970550815
TCGA-ND-A4WF-01A-11R-A28V-07,ucs,tumor,2.244588164
TCGA-NF-A4WU-01A-11R-A28V-07,ucs,tumor,2.855359088
TCGA-NF-A4WX-01A-11R-A28V-07,ucs,tumor,2.085144482
TCGA-NF-A4X2-01A-11R-A28V-07,ucs,tumor,1.322687822
TCGA-NF-A5CP-01A-12R-A28V-07,ucs,tumor,1.742895924
TCGA-NG-A4VU-01A-11R-A28V-07,ucs,tumor,2.313479804
TCGA-NG-A4VW-01A-11R-A28V-07,ucs,tumor,2.24227594
TCGA-QM-A5NM-01A-11R-A28V-07,ucs,tumor,2.89494227
TCGA-QN-A5NN-01A-11R-A28V-07,ucs,tumor,2.494675827
TCGA-RZ-AB0B-01A-11R-A405-07,uvm,tumor,2.387866644
TCGA-V3-A9ZX-01A-11R-A405-07,uvm,tumor,2.198279503
TCGA-V3-A9ZY-01A-11R-A405-07,uvm,tumor,2.5096775
TCGA-V4-A9E5-01A-11R-A405-07,uvm,tumor,2.07812931
TCGA-V4-A9E7-01A-11R-A405-07,uvm,tumor,2.407109903
TCGA-V4-A9E8-01A-11R-A405-07,uvm,tumor,1.788544476
TCGA-V4-A9E9-01A-11R-A405-07,uvm,tumor,2.323282636
TCGA-V4-A9EA-01A-11R-A405-07,uvm,tumor,2.49551401
TCGA-V4-A9EC-01A-11R-A405-07,uvm,tumor,2.210999354
TCGA-V4-A9ED-01A-11R-A405-07,uvm,tumor,2.374862593
TCGA-V4-A9EE-01A-11R-A405-07,uvm,tumor,1.823240917
TCGA-V4-A9EF-01A-21R-A405-07,uvm,tumor,2.041964331
TCGA-V4-A9EH-01A-11R-A405-07,uvm,tumor,2.89719145
TCGA-V4-A9EI-01A-11R-A405-07,uvm,tumor,2.25135156
TCGA-V4-A9EJ-01A-11R-A405-07,uvm,tumor,2.413247493
TCGA-V4-A9EK-01A-11R-A405-07,uvm,tumor,2.196401887
TCGA-V4-A9EL-01A-11R-A405-07,uvm,tumor,2.375330393
TCGA-V4-A9EM-01A-11R-A405-07,uvm,tumor,2.715019131
TCGA-V4-A9EO-01A-12R-A405-07,uvm,tumor,2.548732705
TCGA-V4-A9EQ-01A-11R-A405-07,uvm,tumor,2.330067319
TCGA-V4-A9ES-01A-11R-A405-07,uvm,tumor,2.50989599
TCGA-V4-A9ET-01A-11R-A405-07,uvm,tumor,2.624973874
TCGA-V4-A9EU-01A-11R-A405-07,uvm,tumor,2.2006829
TCGA-V4-A9EV-01A-11R-A405-07,uvm,tumor,2.457123101
TCGA-V4-A9EW-01A-11R-A405-07,uvm,tumor,2.415002531
TCGA-V4-A9EX-01A-11R-A405-07,uvm,tumor,2.219796665
TCGA-V4-A9EY-01A-11R-A405-07,uvm,tumor,2.217888723
TCGA-V4-A9EZ-01A-11R-A405-07,uvm,tumor,2.691281691
TCGA-V4-A9F0-01A-11R-A405-07,uvm,tumor,2.27607437
TCGA-V4-A9F1-01A-11R-A405-07,uvm,tumor,2.241460501
TCGA-V4-A9F2-01A-11R-A405-07,uvm,tumor,2.868046686
TCGA-V4-A9F3-01A-11R-A405-07,uvm,tumor,2.507956599
TCGA-V4-A9F4-01A-11R-A405-07,uvm,tumor,2.500686645
TCGA-V4-A9F5-01A-11R-A405-07,uvm,tumor,2.164176965
TCGA-V4-A9F7-01A-11R-A405-07,uvm,tumor,2.775629875
TCGA-V4-A9F8-01A-11R-A405-07,uvm,tumor,2.645809197
TCGA-VD-A8K7-01B-11R-A405-07,uvm,tumor,2.914424994
TCGA-VD-A8K8-01A-11R-A405-07,uvm,tumor,1.876623964
TCGA-VD-A8K9-01A-11R-A405-07,uvm,tumor,2.688705324
TCGA-VD-A8KA-01B-11R-A405-07,uvm,tumor,2.326694821
TCGA-VD-A8KB-01A-11R-A405-07,uvm,tumor,2.069143098
TCGA-VD-A8KD-01A-11R-A405-07,uvm,tumor,2.057119139
TCGA-VD-A8KE-01A-11R-A405-07,uvm,tumor,2.317379603
TCGA-VD-A8KF-01A-11R-A405-07,uvm,tumor,2.844722849
TCGA-VD-A8KG-01A-11R-A405-07,uvm,tumor,2.619531554
TCGA-VD-A8KH-01A-11R-A405-07,uvm,tumor,2.839773387
TCGA-VD-A8KI-01A-11R-A405-07,uvm,tumor,2.304769384
TCGA-VD-A8KJ-01A-11R-A405-07,uvm,tumor,2.216625961
TCGA-VD-A8KK-01A-11R-A405-07,uvm,tumor,2.156131692
TCGA-VD-A8KL-01A-11R-A405-07,uvm,tumor,2.107167542
TCGA-VD-A8KM-01A-11R-A405-07,uvm,tumor,2.369321662
TCGA-VD-A8KN-01A-11R-A405-07,uvm,tumor,2.173653343
TCGA-VD-A8KO-01A-11R-A405-07,uvm,tumor,2.125073163
TCGA-VD-AA8M-01A-11R-A405-07,uvm,tumor,2.377005803
TCGA-VD-AA8N-01A-11R-A405-07,uvm,tumor,2.354407434
TCGA-VD-AA8O-01A-11R-A405-07,uvm,tumor,1.864209601
TCGA-VD-AA8P-01A-11R-A405-07,uvm,tumor,2.620199655
TCGA-VD-AA8Q-01A-11R-A405-07,uvm,tumor,2.403303653
TCGA-VD-AA8R-01A-11R-A405-07,uvm,tumor,2.730482565
TCGA-VD-AA8S-01B-11R-A405-07,uvm,tumor,2.374391801
TCGA-VD-AA8T-01A-11R-A405-07,uvm,tumor,1.938028966
TCGA-WC-A87T-01A-11R-A405-07,uvm,tumor,2.173410428
TCGA-WC-A87U-01A-11R-A405-07,uvm,tumor,2.007882944
TCGA-WC-A87W-01A-11R-A405-07,uvm,tumor,2.410385047
TCGA-WC-A87Y-01A-11R-A405-07,uvm,tumor,2.573997565
TCGA-WC-A880-01A-11R-A405-07,uvm,tumor,2.614999715
TCGA-WC-A881-01A-12R-A405-07,uvm,tumor,2.229919298
TCGA-WC-A882-01A-11R-A405-07,uvm,tumor,1.891767152
TCGA-WC-A883-01A-12R-A405-07,uvm,tumor,1.468326248
TCGA-WC-A884-01A-11R-A405-07,uvm,tumor,2.151677575
TCGA-WC-A885-01A-11R-A405-07,uvm,tumor,2.028775734
TCGA-WC-A888-01A-11R-A405-07,uvm,tumor,2.832628495
TCGA-WC-A88A-01A-11R-A405-07,uvm,tumor,1.864229719
TCGA-WC-AA9A-01A-11R-A405-07,uvm,tumor,2.10035976
TCGA-WC-AA9E-01A-11R-A405-07,uvm,tumor,2.68644329
TCGA-YZ-A980-01A-11R-A405-07,uvm,tumor,2.349600903
TCGA-YZ-A982-01A-11R-A405-07,uvm,tumor,2.117515577
TCGA-YZ-A983-01A-11R-A405-07,uvm,tumor,2.65971652
TCGA-YZ-A984-01A-11R-A405-07,uvm,tumor,2.847164964
TCGA-YZ-A985-01A-11R-A405-07,uvm,tumor,2.596529682
TCGA-BL-A13J-11A-13R-A10U-07,blca,normal,2.376216961
TCGA-BT-A20N-11A-11R-A14Y-07,blca,normal,2.919551234
TCGA-BT-A20Q-11A-11R-A14Y-07,blca,normal,2.28528831
TCGA-BT-A20R-11A-11R-A16R-07,blca,normal,2.06642376
TCGA-BT-A20U-11A-11R-A14Y-07,blca,normal,3.189601249
TCGA-BT-A20W-11A-11R-A14Y-07,blca,normal,3.011337511
TCGA-BT-A2LA-11A-11R-A18C-07,blca,normal,2.732504151
TCGA-BT-A2LB-11A-11R-A18C-07,blca,normal,3.171288225
TCGA-CU-A0YN-11A-11R-A10U-07,blca,normal,2.614243239
TCGA-CU-A0YR-11A-13R-A10U-07,blca,normal,2.680131127
TCGA-GC-A3BM-11A-11R-A22U-07,blca,normal,2.809603805
TCGA-GC-A3WC-11A-11R-A22U-07,blca,normal,2.66988697
TCGA-GC-A6I3-11A-11R-A31N-07,blca,normal,3.215058479
TCGA-GD-A2C5-11A-11R-A180-07,blca,normal,2.91210364
TCGA-GD-A3OP-11A-11R-A220-07,blca,normal,2.653793689
TCGA-GD-A3OQ-11A-21R-A220-07,blca,normal,2.597077354
TCGA-K4-A3WV-11A-21R-A22U-07,blca,normal,2.855815265
TCGA-K4-A54R-11A-11R-A26T-07,blca,normal,2.759830443
TCGA-K4-A5RI-11A-11R-A28M-07,blca,normal,3.147031313
TCGA-A7-A0CE-11A-21R-A089-07,brca,normal,2.466292907
TCGA-A7-A0CH-11A-32R-A089-07,brca,normal,2.265440167
TCGA-A7-A0D9-11A-53R-A089-07,brca,normal,1.93350045
TCGA-A7-A0DB-11A-33R-A089-07,brca,normal,1.700517501
TCGA-A7-A13E-11A-61R-A12P-07,brca,normal,2.228009193
TCGA-A7-A13F-11A-42R-A12P-07,brca,normal,2.890569261
TCGA-A7-A13G-11A-51R-A13Q-07,brca,normal,2.039624865
TCGA-AC-A23H-11A-12R-A157-07,brca,normal,2.644031628
TCGA-AC-A2FB-11A-13R-A17B-07,brca,normal,2.437222838
TCGA-AC-A2FF-11A-13R-A17B-07,brca,normal,2.171445962
TCGA-AC-A2FM-11B-32R-A19W-07,brca,normal,2.598446276
TCGA-BH-A0AU-11A-11R-A12P-07,brca,normal,2.85602579
TCGA-BH-A0AY-11A-23R-A089-07,brca,normal,2.504756526
TCGA-BH-A0AZ-11A-22R-A12P-07,brca,normal,2.38619246
TCGA-BH-A0B3-11B-21R-A089-07,brca,normal,2.612262709
TCGA-BH-A0B5-11A-23R-A12P-07,brca,normal,2.000452354
TCGA-BH-A0B7-11A-34R-A115-07,brca,normal,3.087567923
TCGA-BH-A0B8-11A-41R-A089-07,brca,normal,2.335503647
TCGA-BH-A0BA-11A-22R-A19E-07,brca,normal,2.895718857
TCGA-BH-A0BC-11A-22R-A089-07,brca,normal,2.414222555
TCGA-BH-A0BJ-11A-23R-A089-07,brca,normal,2.80980726
TCGA-BH-A0BM-11A-12R-A089-07,brca,normal,2.932662862
TCGA-BH-A0BQ-11A-33R-A115-07,brca,normal,2.880389423
TCGA-BH-A0BS-11A-11R-A12P-07,brca,normal,2.685473675
TCGA-BH-A0BT-11A-21R-A12P-07,brca,normal,2.586356464
TCGA-BH-A0BV-11A-31R-A089-07,brca,normal,2.967663232
TCGA-BH-A0BW-11A-12R-A115-07,brca,normal,2.584875944
TCGA-BH-A0BZ-11A-61R-A12P-07,brca,normal,2.351442296
TCGA-BH-A0C0-11A-21R-A089-07,brca,normal,2.709990723
TCGA-BH-A0C3-11A-23R-A12P-07,brca,normal,2.894191853
TCGA-BH-A0DD-11A-23R-A12P-07,brca,normal,1.793216632
TCGA-BH-A0DG-11A-43R-A12P-07,brca,normal,3.013835839
TCGA-BH-A0DH-11A-31R-A089-07,brca,normal,2.708301801
TCGA-BH-A0DK-11A-13R-A089-07,brca,normal,2.653892988
TCGA-BH-A0DL-11A-13R-A115-07,brca,normal,2.731697463
TCGA-BH-A0DO-11A-22R-A12D-07,brca,normal,2.878989317
TCGA-BH-A0DP-11A-12R-A089-07,brca,normal,2.835545076
TCGA-BH-A0DQ-11A-12R-A089-07,brca,normal,2.821986404
TCGA-BH-A0DT-11A-12R-A12D-07,brca,normal,2.857997726
TCGA-BH-A0DV-11A-22R-A12P-07,brca,normal,2.360259092
TCGA-BH-A0DZ-11A-22R-A089-07,brca,normal,2.704917418
TCGA-BH-A0E0-11A-13R-A089-07,brca,normal,2.662551809
TCGA-BH-A0E1-11A-13R-A089-07,brca,normal,2.514175524
TCGA-BH-A0H5-11A-62R-A115-07,brca,normal,2.993969988
TCGA-BH-A0H7-11A-13R-A089-07,brca,normal,2.755133484
TCGA-BH-A0H9-11A-22R-A466-07,brca,normal,2.026147231
TCGA-BH-A0HA-11A-31R-A12P-07,brca,normal,2.796980411
TCGA-BH-A0HK-11A-11R-A089-07,brca,normal,2.448530344
TCGA-BH-A18J-11A-31R-A12D-07,brca,normal,2.334421115
TCGA-BH-A18K-11A-13R-A12D-07,brca,normal,2.813214061
TCGA-BH-A18L-11A-42R-A12D-07,brca,normal,2.424522013
TCGA-BH-A18M-11A-33R-A12D-07,brca,normal,2.82585502
TCGA-BH-A18N-11A-43R-A12D-07,brca,normal,2.565668174
TCGA-BH-A18P-11A-43R-A12D-07,brca,normal,2.725714243
TCGA-BH-A18Q-11A-34R-A12D-07,brca,normal,3.041461343
TCGA-BH-A18R-11A-42R-A12D-07,brca,normal,2.887397213
TCGA-BH-A18S-11A-43R-A12D-07,brca,normal,1.754271355
TCGA-BH-A18U-11A-23R-A12D-07,brca,normal,2.738936416
TCGA-BH-A18V-11A-52R-A12D-07,brca,normal,2.531698487
TCGA-BH-A1EN-11A-23R-A13Q-07,brca,normal,2.457464337
TCGA-BH-A1EO-11A-31R-A137-07,brca,normal,1.771572432
TCGA-BH-A1ET-11B-23R-A137-07,brca,normal,2.451517235
TCGA-BH-A1EU-11A-23R-A137-07,brca,normal,2.451866045
TCGA-BH-A1EV-11A-24R-A137-07,brca,normal,2.306911266
TCGA-BH-A1EW-11B-33R-A137-07,brca,normal,2.850527807
TCGA-BH-A1F0-11B-23R-A137-07,brca,normal,2.831432785
TCGA-BH-A1F2-11A-32R-A13Q-07,brca,normal,2.519195803
TCGA-BH-A1F6-11B-94R-A13Q-07,brca,normal,2.084181372
TCGA-BH-A1F8-11B-21R-A13Q-07,brca,normal,2.598924415
TCGA-BH-A1FB-11A-33R-A13Q-07,brca,normal,2.880964282
TCGA-BH-A1FC-11A-32R-A13Q-07,brca,normal,2.774029747
TCGA-BH-A1FD-11B-21R-A13Q-07,brca,normal,1.966519761
TCGA-BH-A1FE-11B-14R-A13Q-07,brca,normal,2.595295269
TCGA-BH-A1FG-11B-12R-A13Q-07,brca,normal,2.897950328
TCGA-BH-A1FH-11B-42R-A13Q-07,brca,normal,2.427593272
TCGA-BH-A1FJ-11B-42R-A13Q-07,brca,normal,2.263729101
TCGA-BH-A1FM-11B-23R-A13Q-07,brca,normal,2.861274725
TCGA-BH-A1FN-11A-34R-A13Q-07,brca,normal,2.635967771
TCGA-BH-A1FR-11B-42R-A13Q-07,brca,normal,1.71234264
TCGA-BH-A1FU-11A-23R-A14D-07,brca,normal,2.826714477
TCGA-BH-A203-11A-42R-A169-07,brca,normal,2.570000429
TCGA-BH-A204-11A-53R-A157-07,brca,normal,2.250892832
TCGA-BH-A208-11A-51R-A157-07,brca,normal,2.85245624
TCGA-BH-A209-11A-42R-A157-07,brca,normal,2.550606478
TCGA-E2-A153-11A-31R-A12D-07,brca,normal,2.283537206
TCGA-E2-A158-11A-22R-A12D-07,brca,normal,2.330457171
TCGA-E2-A15I-11A-32R-A137-07,brca,normal,2.656383669
TCGA-E2-A15K-11A-13R-A12P-07,brca,normal,2.111048907
TCGA-E2-A15M-11A-22R-A12D-07,brca,normal,2.573943207
TCGA-E2-A1BC-11A-32R-A12P-07,brca,normal,2.372011884
TCGA-E2-A1IG-11A-22R-A144-07,brca,normal,2.49099196
TCGA-E2-A1L7-11A-33R-A144-07,brca,normal,2.405148217
TCGA-E2-A1LB-11A-22R-A144-07,brca,normal,2.903724504
TCGA-E2-A1LH-11A-22R-A14D-07,brca,normal,2.819295639
TCGA-E2-A1LS-11A-32R-A157-07,brca,normal,2.628761306
TCGA-E9-A1N4-11A-33R-A14M-07,brca,normal,2.751992581
TCGA-E9-A1N5-11A-41R-A14D-07,brca,normal,2.112454341
TCGA-E9-A1N6-11A-32R-A144-07,brca,normal,2.602023045
TCGA-E9-A1N9-11A-71R-A14D-07,brca,normal,2.946859409
TCGA-E9-A1NA-11A-33R-A144-07,brca,normal,2.597213307
TCGA-E9-A1ND-11A-43R-A144-07,brca,normal,1.531411582
TCGA-E9-A1NF-11A-73R-A14D-07,brca,normal,2.093884134
TCGA-E9-A1NG-11A-52R-A14M-07,brca,normal,1.895073661
TCGA-E9-A1R7-11A-42R-A14M-07,brca,normal,2.532004672
TCGA-E9-A1RB-11A-33R-A157-07,brca,normal,2.711403655
TCGA-E9-A1RC-11A-33R-A157-07,brca,normal,2.378972932
TCGA-E9-A1RD-11A-33R-A157-07,brca,normal,1.91859916
TCGA-E9-A1RF-11A-32R-A157-07,brca,normal,1.910349145
TCGA-E9-A1RH-11A-34R-A169-07,brca,normal,2.320123734
TCGA-E9-A1RI-11A-41R-A169-07,brca,normal,2.15399611
TCGA-GI-A2C8-11A-22R-A16F-07,brca,normal,2.161912708
TCGA-GI-A2C9-11A-22R-A21T-07,brca,normal,2.564050353
TCGA-FU-A3EO-11A-13R-A213-07,cesc,normal,2.867153414
TCGA-HM-A3JJ-11A-12R-A21T-07,cesc,normal,2.434187307
TCGA-MY-A5BF-11A-11R-A26T-07,cesc,normal,2.992183026
TCGA-W5-AA2I-11A-11R-A41I-07,chol,normal,2.490785538
TCGA-W5-AA2Q-11A-11R-A41I-07,chol,normal,2.507660608
TCGA-W5-AA2R-11A-11R-A41I-07,chol,normal,2.928353577
TCGA-W5-AA2U-11A-11R-A41I-07,chol,normal,2.008701005
TCGA-W5-AA2X-11A-11R-A41I-07,chol,normal,2.493697212
TCGA-W5-AA30-11A-11R-A41I-07,chol,normal,2.655042779
TCGA-W5-AA31-11A-11R-A41I-07,chol,normal,2.611221783
TCGA-W5-AA34-11A-11R-A41I-07,chol,normal,2.720919764
TCGA-ZU-A8S4-11A-11R-A41I-07,chol,normal,2.432434722
TCGA-A6-2671-11A-01R-A32Z-07,coad,normal,2.556106936
TCGA-A6-2675-11A-01R-1723-07,coad,normal,2.816390107
TCGA-A6-2678-11A-01R-A32Z-07,coad,normal,2.581387019
TCGA-A6-2679-11A-01R-A32Z-07,coad,normal,3.019180709
TCGA-A6-2680-11A-01R-A32Z-07,coad,normal,2.918240239
TCGA-A6-2682-11A-01R-A32Z-07,coad,normal,2.911029384
TCGA-A6-2683-11A-01R-A32Z-07,coad,normal,2.648345907
TCGA-A6-2684-11A-01R-A32Z-07,coad,normal,2.9878644
TCGA-A6-2685-11A-01R-A32Z-07,coad,normal,2.926118136
TCGA-A6-2686-11A-01R-A32Z-07,coad,normal,2.494256395
TCGA-A6-5659-11A-01R-1653-07,coad,normal,2.785827856
TCGA-A6-5662-11A-01R-1653-07,coad,normal,3.104133021
TCGA-A6-5665-11A-01R-1653-07,coad,normal,2.885484309
TCGA-A6-5667-11A-01R-1723-07,coad,normal,3.06115798
TCGA-AA-3489-11A-01R-1839-07,coad,normal,2.210631501
TCGA-AA-3496-11A-01R-1839-07,coad,normal,2.723021205
TCGA-AA-3511-11A-01R-1839-07,coad,normal,2.63451404
TCGA-AA-3514-11A-01R-A32Z-07,coad,normal,2.839458789
TCGA-AA-3516-11A-01R-A32Z-07,coad,normal,3.032740344
TCGA-AA-3517-11A-01R-A32Z-07,coad,normal,2.813694254
TCGA-AA-3518-11A-01R-1672-07,coad,normal,2.84700203
TCGA-AA-3520-11A-01R-A32Z-07,coad,normal,2.898545888
TCGA-AA-3522-11A-01R-A32Z-07,coad,normal,2.842966748
TCGA-AA-3525-11A-01R-A32Z-07,coad,normal,3.061053982
TCGA-AA-3527-11A-01R-A32Z-07,coad,normal,2.642546798
TCGA-AA-3531-11A-01R-A32Z-07,coad,normal,2.646071059
TCGA-AA-3534-11A-01R-A32Z-07,coad,normal,2.824588584
TCGA-AA-3655-11A-01R-1723-07,coad,normal,2.623799306
TCGA-AA-3660-11A-01R-1723-07,coad,normal,3.021540076
TCGA-AA-3662-11A-01R-1723-07,coad,normal,2.504326881
TCGA-AA-3663-11A-01R-1723-07,coad,normal,2.917220981
TCGA-AA-3697-11A-01R-1723-07,coad,normal,2.616545249
TCGA-AA-3712-11A-01R-1723-07,coad,normal,2.773428228
TCGA-AA-3713-11A-01R-1723-07,coad,normal,2.975195193
TCGA-AZ-6598-11A-01R-1774-07,coad,normal,2.729841817
TCGA-AZ-6599-11A-01R-1774-07,coad,normal,2.630662917
TCGA-AZ-6600-11A-01R-1774-07,coad,normal,3.10421271
TCGA-AZ-6601-11A-01R-1774-07,coad,normal,2.990755173
TCGA-AZ-6603-11A-02R-1839-07,coad,normal,2.515967938
TCGA-AZ-6605-11A-01R-1839-07,coad,normal,2.267178502
TCGA-F4-6704-11A-01R-1839-07,coad,normal,2.462331979
TCGA-IC-A6RE-11A-12R-A336-31,esca,normal,2.852817808
TCGA-IC-A6RF-11A-21R-A336-31,esca,normal,2.983848205
TCGA-IG-A3I8-11A-11R-A24K-31,esca,normal,2.461754757
TCGA-L5-A43C-11A-11R-A24K-31,esca,normal,2.693889275
TCGA-L5-A4OF-11A-12R-A260-31,esca,normal,2.538982519
TCGA-L5-A4OG-11A-12R-A260-31,esca,normal,2.967353866
TCGA-L5-A4OJ-11A-12R-A260-31,esca,normal,2.719274792
TCGA-L5-A4OM-11A-11R-A260-31,esca,normal,2.612196738
TCGA-L5-A4OO-11A-12R-A260-31,esca,normal,2.734786614
TCGA-L5-A4OQ-11A-12R-A260-31,esca,normal,2.189153413
TCGA-L5-A4OR-11A-11R-A260-31,esca,normal,2.976208989
TCGA-06-0675-11A-32R-A36H-07,gbm,normal,2.560443728
TCGA-06-0678-11A-32R-A36H-07,gbm,normal,2.87072506
TCGA-06-0680-11A-32R-A36H-07,gbm,normal,2.843066293
TCGA-06-0681-11A-41R-A36H-07,gbm,normal,2.72253567
TCGA-06-AABW-11A-31R-A36H-07,gbm,normal,2.438973458
TCGA-CV-6933-11A-01R-1915-07,hnsc,normal,2.861302266
TCGA-CV-6934-11A-01R-1915-07,hnsc,normal,2.637298404
TCGA-CV-6935-11A-01R-1915-07,hnsc,normal,3.027953905
TCGA-CV-6936-11A-01R-1915-07,hnsc,normal,2.418945607
TCGA-CV-6938-11A-01R-1915-07,hnsc,normal,2.476091819
TCGA-CV-6939-11A-01R-1915-07,hnsc,normal,2.400982244
TCGA-CV-6943-11A-01R-1915-07,hnsc,normal,2.957488155
TCGA-CV-6955-11A-01R-2016-07,hnsc,normal,2.730936174
TCGA-CV-6956-11A-01R-2016-07,hnsc,normal,2.432200301
TCGA-CV-6959-11A-01R-1915-07,hnsc,normal,2.928747497
TCGA-CV-6960-11A-01R-2016-07,hnsc,normal,2.731624071
TCGA-CV-6961-11A-01R-1915-07,hnsc,normal,2.849661325
TCGA-CV-6962-11A-01R-1915-07,hnsc,normal,2.594889239
TCGA-CV-7091-11A-01R-2016-07,hnsc,normal,2.537141595
TCGA-CV-7097-11A-01R-2016-07,hnsc,normal,2.479910662
TCGA-CV-7101-11A-01R-2016-07,hnsc,normal,2.928600727
TCGA-CV-7103-11A-01R-2016-07,hnsc,normal,3.209817196
TCGA-CV-7177-11A-01R-2016-07,hnsc,normal,2.731473461
TCGA-CV-7178-11A-01R-2016-07,hnsc,normal,3.286609654
TCGA-CV-7183-11A-01R-2016-07,hnsc,normal,2.924227526
TCGA-CV-7235-11A-01R-2016-07,hnsc,normal,2.589793505
TCGA-CV-7238-11A-01R-2016-07,hnsc,normal,2.76806793
TCGA-CV-7242-11A-01R-2016-07,hnsc,normal,2.667083307
TCGA-CV-7245-11A-01R-2016-07,hnsc,normal,2.497876125
TCGA-CV-7250-11A-01R-2016-07,hnsc,normal,2.862459437
TCGA-CV-7252-11A-01R-2016-07,hnsc,normal,2.502178482
TCGA-CV-7255-11A-01R-2016-07,hnsc,normal,2.770036449
TCGA-CV-7261-11A-01R-2016-07,hnsc,normal,2.881861247
TCGA-CV-7406-11A-01R-2081-07,hnsc,normal,3.239269653
TCGA-CV-7416-11A-01R-2081-07,hnsc,normal,2.608181209
TCGA-CV-7423-11A-01R-2081-07,hnsc,normal,3.103570032
TCGA-CV-7424-11A-01R-2081-07,hnsc,normal,2.705695272
TCGA-CV-7425-11A-01R-2081-07,hnsc,normal,3.012004116
TCGA-CV-7432-11A-01R-2132-07,hnsc,normal,2.536365612
TCGA-CV-7434-11A-01R-2132-07,hnsc,normal,2.689875206
TCGA-CV-7437-11A-01R-2132-07,hnsc,normal,3.356961967
TCGA-CV-7438-11A-01R-2132-07,hnsc,normal,2.985387757
TCGA-CV-7440-11A-01R-2187-07,hnsc,normal,2.969441053
TCGA-H7-A6C4-11A-21R-A466-07,hnsc,normal,3.016586326
TCGA-H7-A6C5-11A-11R-A30B-07,hnsc,normal,2.953257471
TCGA-HD-8635-11A-01R-2403-07,hnsc,normal,2.54451571
TCGA-HD-A6HZ-11A-11R-A31N-07,hnsc,normal,2.942130098
TCGA-HD-A6I0-11A-11R-A31N-07,hnsc,normal,2.970701125
TCGA-WA-A7GZ-11A-11R-A34R-07,hnsc,normal,2.766130842
TCGA-KL-8324-11A-01R-2315-07,kich,normal,2.813170754
TCGA-KL-8326-11A-01R-2315-07,kich,normal,1.975087098
TCGA-KL-8329-11A-01R-2315-07,kich,normal,2.656182451
TCGA-KL-8332-11A-01R-2315-07,kich,normal,2.594700661
TCGA-KL-8336-11A-01R-2315-07,kich,normal,2.338519576
TCGA-KL-8339-11A-01R-2315-07,kich,normal,2.779087027
TCGA-KN-8419-11A-01R-2315-07,kich,normal,2.717644433
TCGA-KN-8422-11A-01R-2315-07,kich,normal,2.28636669
TCGA-KN-8423-11A-01R-2315-07,kich,normal,2.697770953
TCGA-KN-8424-11A-01R-2315-07,kich,normal,2.509289548
TCGA-KN-8425-11A-01R-2315-07,kich,normal,2.497732955
TCGA-KN-8426-11A-01R-2315-07,kich,normal,2.691044194
TCGA-KN-8427-11A-01R-2315-07,kich,normal,3.078495631
TCGA-KN-8428-11A-01R-2315-07,kich,normal,2.468329682
TCGA-KN-8429-11A-01R-2315-07,kich,normal,2.8273299
TCGA-KN-8430-11A-01R-2315-07,kich,normal,2.301022652
TCGA-KN-8431-11A-01R-2315-07,kich,normal,2.415034311
TCGA-KN-8432-11A-01R-2315-07,kich,normal,2.761631261
TCGA-KN-8433-11A-01R-2315-07,kich,normal,2.501506622
TCGA-KN-8434-11A-01R-2315-07,kich,normal,2.857806951
TCGA-KN-8435-11A-01R-2315-07,kich,normal,2.426459048
TCGA-KN-8436-11A-01R-2315-07,kich,normal,2.884958605
TCGA-KN-8437-11A-01R-2315-07,kich,normal,2.858131089
TCGA-KO-8403-11A-01R-2315-07,kich,normal,2.576536005
TCGA-KO-8415-11A-01R-2315-07,kich,normal,2.803502179
TCGA-A3-3358-11A-01R-1541-07,kirc,normal,2.438744841
TCGA-A3-3387-11A-01R-1541-07,kirc,normal,2.807629637
TCGA-B0-4700-11A-01R-1541-07,kirc,normal,2.746109912
TCGA-B0-4712-11A-02R-1503-07,kirc,normal,2.834187082
TCGA-B0-5402-11A-01R-1503-07,kirc,normal,2.45654145
TCGA-B0-5690-11A-01R-1541-07,kirc,normal,2.356787938
TCGA-B0-5691-11A-01R-1541-07,kirc,normal,2.295876322
TCGA-B0-5694-11A-01R-1541-07,kirc,normal,2.437782936
TCGA-B0-5696-11A-01R-1541-07,kirc,normal,2.447153534
TCGA-B0-5697-11A-01R-1541-07,kirc,normal,2.470180586
TCGA-B0-5699-11A-01R-1541-07,kirc,normal,2.758817637
TCGA-B0-5701-11A-01R-1541-07,kirc,normal,2.392531177
TCGA-B0-5703-11A-01R-1541-07,kirc,normal,2.610821127
TCGA-B0-5705-11A-01R-1541-07,kirc,normal,2.716863921
TCGA-B0-5706-11A-01R-1541-07,kirc,normal,2.434091086
TCGA-B0-5709-11A-01R-1541-07,kirc,normal,2.726901126
TCGA-B0-5711-11A-01R-1672-07,kirc,normal,2.552541022
TCGA-B0-5712-11A-01R-1672-07,kirc,normal,2.46414958
TCGA-B2-5636-11A-01R-1541-07,kirc,normal,2.78732254
TCGA-B2-5641-11A-01R-1541-07,kirc,normal,2.659944373
TCGA-B8-4619-11A-01R-1758-07,kirc,normal,2.533560526
TCGA-B8-4620-11A-01R-1758-07,kirc,normal,2.191519437
TCGA-B8-4622-11A-01R-1758-07,kirc,normal,2.569533325
TCGA-B8-5549-11A-01R-1541-07,kirc,normal,2.47595096
TCGA-B8-5552-11A-01R-1672-07,kirc,normal,2.566566563
TCGA-CJ-5672-11A-01R-1541-07,kirc,normal,2.407052607
TCGA-CJ-5676-11A-01R-1541-07,kirc,normal,2.417969144
TCGA-CJ-5677-11A-01R-1541-07,kirc,normal,2.877627191
TCGA-CJ-5678-11A-01R-1541-07,kirc,normal,2.629556403
TCGA-CJ-5679-11A-01R-1541-07,kirc,normal,2.648945524
TCGA-CJ-5680-11A-01R-1541-07,kirc,normal,2.158831663
TCGA-CJ-5681-11A-01R-1541-07,kirc,normal,3.08971322
TCGA-CJ-5689-11A-01R-1541-07,kirc,normal,2.853306975
TCGA-CJ-6030-11A-01R-1672-07,kirc,normal,2.612887449
TCGA-CJ-6033-11A-01R-1858-07,kirc,normal,3.004234176
TCGA-CW-5580-11A-02R-1672-07,kirc,normal,2.742412634
TCGA-CW-5581-11A-01R-1541-07,kirc,normal,2.844980689
TCGA-CW-5584-11A-01R-1541-07,kirc,normal,2.387600608
TCGA-CW-5585-11A-01R-1541-07,kirc,normal,2.467965668
TCGA-CW-5587-11A-01R-1541-07,kirc,normal,2.568098743
TCGA-CW-5589-11A-01R-1541-07,kirc,normal,2.746275333
TCGA-CW-5591-11A-01R-1541-07,kirc,normal,2.426906643
TCGA-CW-6087-11A-01R-1672-07,kirc,normal,2.181717359
TCGA-CW-6088-11A-01R-1672-07,kirc,normal,2.62724318
TCGA-CW-6090-11A-01R-1672-07,kirc,normal,2.588352505
TCGA-CZ-4863-11A-01R-1503-07,kirc,normal,2.651371382
TCGA-CZ-4864-11A-01R-1503-07,kirc,normal,2.620756596
TCGA-CZ-4865-11A-01R-1503-07,kirc,normal,2.798822851
TCGA-CZ-5451-11A-01R-1503-07,kirc,normal,2.310515472
TCGA-CZ-5452-11A-01R-1503-07,kirc,normal,2.82866426
TCGA-CZ-5453-11A-01R-1503-07,kirc,normal,2.207680372
TCGA-CZ-5454-11A-01R-1503-07,kirc,normal,2.92734653
TCGA-CZ-5455-11A-01R-1503-07,kirc,normal,2.490768892
TCGA-CZ-5456-11A-02R-1503-07,kirc,normal,2.547770648
TCGA-CZ-5457-11A-01R-1503-07,kirc,normal,2.595908027
TCGA-CZ-5458-11A-01R-1503-07,kirc,normal,2.374224243
TCGA-CZ-5461-11A-01R-1503-07,kirc,normal,2.510435069
TCGA-CZ-5462-11A-01R-1503-07,kirc,normal,2.606974704
TCGA-CZ-5463-11A-01R-1503-07,kirc,normal,2.341404292
TCGA-CZ-5465-11A-01R-1503-07,kirc,normal,2.723187499
TCGA-CZ-5466-11A-01R-1503-07,kirc,normal,2.380630763
TCGA-CZ-5467-11A-01R-1503-07,kirc,normal,2.488389327
TCGA-CZ-5468-11A-01R-1503-07,kirc,normal,2.727733466
TCGA-CZ-5469-11A-01R-1503-07,kirc,normal,2.413819587
TCGA-CZ-5470-11A-01R-1503-07,kirc,normal,2.430944947
TCGA-CZ-5982-11A-01R-1672-07,kirc,normal,2.603839797
TCGA-CZ-5984-11A-01R-1672-07,kirc,normal,2.648373837
TCGA-CZ-5985-11A-01R-1672-07,kirc,normal,2.708559915
TCGA-CZ-5986-11A-01R-1672-07,kirc,normal,2.662234041
TCGA-CZ-5987-11A-01R-1672-07,kirc,normal,2.23002507
TCGA-CZ-5988-11A-01R-1672-07,kirc,normal,2.601095669
TCGA-CZ-5989-11A-01R-1672-07,kirc,normal,2.397758872
TCGA-A4-A4ZT-11A-11R-A26U-07,kirp,normal,2.471788401
TCGA-A4-A57E-11A-11R-A26U-07,kirp,normal,2.743472819
TCGA-B9-4115-11A-01R-1758-07,kirp,normal,2.65405371
TCGA-BQ-5875-11A-01R-1592-07,kirp,normal,2.901611046
TCGA-BQ-5877-11A-01R-1592-07,kirp,normal,2.726806625
TCGA-BQ-5878-11A-01R-1592-07,kirp,normal,2.513471463
TCGA-BQ-5879-11A-01R-1592-07,kirp,normal,2.728075221
TCGA-BQ-5882-11A-01R-1592-07,kirp,normal,2.919495339
TCGA-BQ-5884-11A-01R-1592-07,kirp,normal,2.840714933
TCGA-BQ-5887-11A-01R-1965-07,kirp,normal,2.818640638
TCGA-BQ-5888-11A-01R-1592-07,kirp,normal,2.970670539
TCGA-BQ-5890-11A-01R-1592-07,kirp,normal,2.784808142
TCGA-BQ-5891-11A-01R-1592-07,kirp,normal,2.211761084
TCGA-BQ-5894-11A-01R-1592-07,kirp,normal,3.064037197
TCGA-BQ-7044-11A-01R-1965-07,kirp,normal,2.58964423
TCGA-BQ-7045-11A-01R-1965-07,kirp,normal,2.987508521
TCGA-BQ-7046-11A-01R-1965-07,kirp,normal,2.531014304
TCGA-BQ-7051-11A-02R-1965-07,kirp,normal,2.951312735
TCGA-BQ-7055-11A-01R-1965-07,kirp,normal,2.669789901
TCGA-BQ-7059-11A-01R-1965-07,kirp,normal,2.855600567
TCGA-BQ-7061-11A-01R-1965-07,kirp,normal,2.438814349
TCGA-DZ-6131-11A-01R-1965-07,kirp,normal,2.586070013
TCGA-DZ-6132-11A-01R-1965-07,kirp,normal,2.585587329
TCGA-DZ-6133-11A-01R-1965-07,kirp,normal,2.896226323
TCGA-DZ-6134-11A-01R-1965-07,kirp,normal,2.936291882
TCGA-GL-6846-11A-01R-1965-07,kirp,normal,2.832631754
TCGA-GL-7966-11A-01R-2204-07,kirp,normal,2.140021239
TCGA-GL-A59R-11A-11R-A26U-07,kirp,normal,2.834122586
TCGA-GL-A9DE-11A-11R-A37K-07,kirp,normal,2.728562173
TCGA-P4-A5E8-11A-12R-A28H-07,kirp,normal,2.789233496
TCGA-P4-A5ED-11A-11R-A28H-07,kirp,normal,2.917884619
TCGA-Y8-A8RY-11A-11R-A37K-07,kirp,normal,2.743741272
TCGA-BC-A10Q-11A-11R-A131-07,lihc,normal,2.383153741
TCGA-BC-A10R-11A-11R-A131-07,lihc,normal,2.281578176
TCGA-BC-A10T-11A-11R-A131-07,lihc,normal,2.968693671
TCGA-BC-A10U-11A-11R-A131-07,lihc,normal,2.088388983
TCGA-BC-A10W-11A-11R-A131-07,lihc,normal,2.561027175
TCGA-BC-A10X-11A-11R-A131-07,lihc,normal,2.445080625
TCGA-BC-A10Y-11A-11R-A131-07,lihc,normal,2.289544267
TCGA-BC-A10Z-11A-11R-A131-07,lihc,normal,2.462850682
TCGA-BC-A110-11A-11R-A131-07,lihc,normal,2.451521528
TCGA-BC-A216-11A-11R-A155-07,lihc,normal,2.550758372
TCGA-BD-A2L6-11A-21R-A213-07,lihc,normal,2.025234747
TCGA-BD-A3EP-11A-12R-A22L-07,lihc,normal,2.467461772
TCGA-DD-A113-11A-12R-A131-07,lihc,normal,2.596966431
TCGA-DD-A114-11A-12R-A131-07,lihc,normal,2.388865322
TCGA-DD-A116-11A-12R-A26B-07,lihc,normal,2.491481861
TCGA-DD-A118-11A-11R-A131-07,lihc,normal,2.338982409
TCGA-DD-A119-11A-11R-A131-07,lihc,normal,2.361035624
TCGA-DD-A11A-11A-11R-A131-07,lihc,normal,2.470893863
TCGA-DD-A11B-11A-11R-A131-07,lihc,normal,2.371615094
TCGA-DD-A11C-11A-11R-A131-07,lihc,normal,2.435555625
TCGA-DD-A11D-11A-12R-A131-07,lihc,normal,2.719652425
TCGA-DD-A1EB-11A-11R-A131-07,lihc,normal,2.537309402
TCGA-DD-A1EC-11A-11R-A131-07,lihc,normal,2.634159435
TCGA-DD-A1EE-11A-11R-A131-07,lihc,normal,2.474817922
TCGA-DD-A1EG-11A-11R-A213-07,lihc,normal,2.38754274
TCGA-DD-A1EH-11A-11R-A131-07,lihc,normal,2.254951202
TCGA-DD-A1EI-11A-11R-A131-07,lihc,normal,2.362115171
TCGA-DD-A1EJ-11A-11R-A155-07,lihc,normal,2.406177464
TCGA-DD-A1EL-11A-11R-A155-07,lihc,normal,2.528152736
TCGA-DD-A39V-11A-11R-A213-07,lihc,normal,2.701587044
TCGA-DD-A39W-11A-11R-A213-07,lihc,normal,2.387163237
TCGA-DD-A39X-11A-11R-A213-07,lihc,normal,2.451315706
TCGA-DD-A39Z-11A-21R-A213-07,lihc,normal,2.842775406
TCGA-DD-A3A1-11A-11R-A213-07,lihc,normal,2.276062689
TCGA-DD-A3A2-11A-11R-A213-07,lihc,normal,2.43021191
TCGA-DD-A3A3-11A-11R-A22L-07,lihc,normal,2.366172426
TCGA-DD-A3A4-11A-11R-A22L-07,lihc,normal,2.296114246
TCGA-DD-A3A5-11A-11R-A22L-07,lihc,normal,2.665338686
TCGA-DD-A3A6-11A-11R-A22L-07,lihc,normal,2.767223184
TCGA-DD-A3A8-11A-11R-A22L-07,lihc,normal,2.784036697
TCGA-EP-A12J-11A-11R-A131-07,lihc,normal,2.621868235
TCGA-EP-A26S-11A-12R-A16W-07,lihc,normal,2.972633089
TCGA-EP-A3RK-11A-11R-A22L-07,lihc,normal,2.895550999
TCGA-ES-A2HT-11A-11R-A180-07,lihc,normal,2.540819802
TCGA-FV-A23B-11A-11R-A16W-07,lihc,normal,2.125942493
TCGA-FV-A2QR-11A-11R-A213-07,lihc,normal,2.310900393
TCGA-FV-A3I0-11A-11R-A22L-07,lihc,normal,2.785650921
TCGA-FV-A3I1-11A-11R-A22L-07,lihc,normal,2.587634612
TCGA-FV-A3R2-11A-11R-A22L-07,lihc,normal,2.259349865
TCGA-G3-A3CH-11A-11R-A22L-07,lihc,normal,2.473446406
TCGA-38-4625-11A-01R-1758-07,luad,normal,2.729098009
TCGA-38-4626-11A-01R-1758-07,luad,normal,2.134473528
TCGA-38-4627-11A-01R-1758-07,luad,normal,2.284514474
TCGA-38-4632-11A-01R-1755-07,luad,normal,2.211004593
TCGA-44-2655-11A-01R-1758-07,luad,normal,2.767057984
TCGA-44-2657-11A-01R-1758-07,luad,normal,2.763029425
TCGA-44-2661-11A-01R-1758-07,luad,normal,2.594813579
TCGA-44-2662-11A-01R-1758-07,luad,normal,2.973715789
TCGA-44-2665-11A-01R-1758-07,luad,normal,2.6651207
TCGA-44-2668-11A-01R-1758-07,luad,normal,2.575998925
TCGA-44-3396-11A-01R-1758-07,luad,normal,2.479694675
TCGA-44-3398-11B-01R-1758-07,luad,normal,2.67631496
TCGA-44-5645-11A-01R-1628-07,luad,normal,2.431534536
TCGA-44-6144-11A-01R-1755-07,luad,normal,2.172773906
TCGA-44-6145-11A-01R-1858-07,luad,normal,2.917480777
TCGA-44-6146-11A-01R-1858-07,luad,normal,2.718250905
TCGA-44-6147-11A-01R-1858-07,luad,normal,2.719529506
TCGA-44-6148-11A-01R-1858-07,luad,normal,2.665856652
TCGA-44-6776-11A-01R-1858-07,luad,normal,2.657933898
TCGA-44-6777-11A-01R-1858-07,luad,normal,2.881189912
TCGA-44-6778-11A-01R-1858-07,luad,normal,2.714389743
TCGA-49-4490-11A-01R-1858-07,luad,normal,2.762823013
TCGA-49-4512-11A-01R-1858-07,luad,normal,2.469878552
TCGA-49-6742-11A-01R-1858-07,luad,normal,2.322545629
TCGA-49-6743-11A-01R-1858-07,luad,normal,2.774452119
TCGA-49-6744-11A-01R-1858-07,luad,normal,2.645191915
TCGA-49-6745-11A-01R-1858-07,luad,normal,2.418421398
TCGA-49-6761-11A-01R-1949-07,luad,normal,2.46355698
TCGA-50-5930-11A-01R-1755-07,luad,normal,2.714997385
TCGA-50-5931-11A-01R-1858-07,luad,normal,2.377448378
TCGA-50-5932-11A-01R-1755-07,luad,normal,2.888205554
TCGA-50-5933-11A-01R-1755-07,luad,normal,2.95722321
TCGA-50-5935-11A-01R-1858-07,luad,normal,2.401852725
TCGA-50-5936-11A-01R-1628-07,luad,normal,2.519211926
TCGA-50-5939-11A-01R-1628-07,luad,normal,2.814933887
TCGA-50-6595-11A-01R-1858-07,luad,normal,2.495706094
TCGA-55-6968-11A-01R-1949-07,luad,normal,2.4697026
TCGA-55-6969-11A-01R-1949-07,luad,normal,2.288883887
TCGA-55-6970-11A-01R-1949-07,luad,normal,2.595915482
TCGA-55-6971-11A-01R-1949-07,luad,normal,2.691093291
TCGA-55-6972-11A-01R-1949-07,luad,normal,2.531116372
TCGA-55-6975-11A-01R-1949-07,luad,normal,3.064998827
TCGA-55-6978-11A-01R-1949-07,luad,normal,2.441616287
TCGA-55-6979-11A-01R-1949-07,luad,normal,2.403303282
TCGA-55-6980-11A-01R-1949-07,luad,normal,2.497619207
TCGA-55-6981-11A-01R-1949-07,luad,normal,2.536251298
TCGA-55-6982-11A-01R-1949-07,luad,normal,2.484555801
TCGA-55-6983-11A-01R-1949-07,luad,normal,2.349418671
TCGA-55-6984-11A-01R-1949-07,luad,normal,2.490491403
TCGA-55-6985-11A-01R-1949-07,luad,normal,2.264277409
TCGA-55-6986-11A-01R-1949-07,luad,normal,2.348594586
TCGA-73-4676-11A-01R-1755-07,luad,normal,2.403563801
TCGA-91-6828-11A-01R-1858-07,luad,normal,2.842718152
TCGA-91-6829-11A-01R-1858-07,luad,normal,1.899296505
TCGA-91-6831-11A-02R-1858-07,luad,normal,2.680722895
TCGA-91-6835-11A-01R-1858-07,luad,normal,2.651724676
TCGA-91-6836-11A-01R-1858-07,luad,normal,2.199996276
TCGA-91-6847-11A-01R-1949-07,luad,normal,2.500049858
TCGA-91-6849-11A-01R-1949-07,luad,normal,2.954544239
TCGA-22-4593-11A-01R-1820-07,lusc,normal,2.6646845
TCGA-22-4609-11A-01R-2125-07,lusc,normal,2.698439621
TCGA-22-5471-11A-01R-1635-07,lusc,normal,2.637476374
TCGA-22-5472-11A-11R-1635-07,lusc,normal,2.348263819
TCGA-22-5478-11A-11R-1635-07,lusc,normal,2.684576703
TCGA-22-5481-11A-01R-1949-07,lusc,normal,2.824110154
TCGA-22-5482-11A-01R-1635-07,lusc,normal,2.686357405
TCGA-22-5483-11A-11R-1820-07,lusc,normal,2.423506599
TCGA-22-5489-11A-01R-1635-07,lusc,normal,2.645940361
TCGA-22-5491-11A-01R-1858-07,lusc,normal,2.708342147
TCGA-33-4587-11A-01R-2125-07,lusc,normal,2.575641965
TCGA-33-6737-11A-01R-1820-07,lusc,normal,2.608077227
TCGA-34-7107-11A-01R-1949-07,lusc,normal,2.723549218
TCGA-34-8454-11A-01R-2326-07,lusc,normal,2.646836896
TCGA-39-5040-11A-01R-2125-07,lusc,normal,2.642366213
TCGA-43-3394-11A-01R-1758-07,lusc,normal,2.418535682
TCGA-43-5670-11A-01R-2125-07,lusc,normal,2.760779737
TCGA-43-6143-11A-01R-1820-07,lusc,normal,2.849316349
TCGA-43-6647-11A-01R-1820-07,lusc,normal,2.904420234
TCGA-43-6771-11A-01R-1820-07,lusc,normal,2.725915085
TCGA-43-6773-11A-01R-1949-07,lusc,normal,2.899254817
TCGA-43-7657-11A-01R-2125-07,lusc,normal,2.638063551
TCGA-43-7658-11A-01R-2125-07,lusc,normal,2.293004019
TCGA-51-4079-11A-01R-1758-07,lusc,normal,2.77651641
TCGA-51-4080-11A-01R-1758-07,lusc,normal,2.333435571
TCGA-51-4081-11A-01R-1758-07,lusc,normal,2.667531569
TCGA-56-7222-11A-01R-2045-07,lusc,normal,2.592408671
TCGA-56-7579-11A-01R-2045-07,lusc,normal,3.056085399
TCGA-56-7580-11A-01R-2045-07,lusc,normal,2.147618242
TCGA-56-7582-11A-01R-2045-07,lusc,normal,2.40493609
TCGA-56-7730-11A-01R-2125-07,lusc,normal,2.714201561
TCGA-56-7731-11A-01R-2125-07,lusc,normal,2.922711761
TCGA-56-7823-11A-01R-2247-07,lusc,normal,2.287039654
TCGA-56-8082-11A-01R-2247-07,lusc,normal,3.017363504
TCGA-56-8083-11A-01R-2247-07,lusc,normal,2.632094159
TCGA-56-8201-11A-01R-2247-07,lusc,normal,2.763034177
TCGA-56-8309-11A-01R-2296-07,lusc,normal,2.376967113
TCGA-56-8623-11A-01R-A28V-07,lusc,normal,2.748633688
TCGA-58-8386-11A-01R-2296-07,lusc,normal,2.803496305
TCGA-60-2709-11A-01R-1820-07,lusc,normal,3.122860773
TCGA-77-7138-11A-01R-2045-07,lusc,normal,2.694190301
TCGA-77-7142-11A-01R-2045-07,lusc,normal,2.505449378
TCGA-77-7335-11A-01R-2045-07,lusc,normal,2.61754014
TCGA-77-7337-11A-01R-2045-07,lusc,normal,2.538032395
TCGA-77-7338-11A-01R-2045-07,lusc,normal,3.058787613
TCGA-77-8007-11A-01R-2187-07,lusc,normal,2.102313418
TCGA-77-8008-11A-01R-2187-07,lusc,normal,2.598114087
TCGA-85-7710-11A-01R-2125-07,lusc,normal,2.313195853
TCGA-90-6837-11A-01R-1949-07,lusc,normal,2.510969713
TCGA-90-7767-11A-01R-2125-07,lusc,normal,2.669083264
TCGA-92-7340-11A-01R-2045-07,lusc,normal,2.733186879
TCGA-H6-8124-11A-01R-2404-07,paad,normal,2.105045263
TCGA-H6-A45N-11A-12R-A26U-07,paad,normal,1.770221365
TCGA-HV-A5A3-11A-11R-A26U-07,paad,normal,2.568113519
TCGA-YB-A89D-11A-11R-A36G-07,paad,normal,1.908308448
TCGA-P8-A5KC-11A-11R-A35K-07,pcpg,normal,2.653267251
TCGA-P8-A5KD-11A-11R-A35K-07,pcpg,normal,2.846717761
TCGA-SQ-A6I4-11A-11R-A35L-07,pcpg,normal,2.361831062
TCGA-CH-5761-11A-01R-1580-07,prad,normal,2.571653438
TCGA-CH-5767-11B-01R-1789-07,prad,normal,2.887432088
TCGA-CH-5768-11A-01R-1580-07,prad,normal,2.21146852
TCGA-CH-5769-11A-01R-1580-07,prad,normal,2.89387944
TCGA-EJ-7115-11A-01R-2118-07,prad,normal,2.517782526
TCGA-EJ-7123-11A-01R-1965-07,prad,normal,2.736681372
TCGA-EJ-7125-11A-01R-1965-07,prad,normal,2.973138391
TCGA-EJ-7314-11A-01R-2118-07,prad,normal,2.938574091
TCGA-EJ-7315-11A-01R-2118-07,prad,normal,2.712818067
TCGA-EJ-7317-11A-01R-2118-07,prad,normal,2.527034042
TCGA-EJ-7321-11A-01R-2263-07,prad,normal,2.805603876
TCGA-EJ-7327-11A-01R-2118-07,prad,normal,2.670262475
TCGA-EJ-7328-11A-01R-2118-07,prad,normal,2.572477974
TCGA-EJ-7330-11A-01R-2118-07,prad,normal,3.016853893
TCGA-EJ-7331-11A-01R-2118-07,prad,normal,2.744801871
TCGA-EJ-7781-11A-01R-2118-07,prad,normal,2.962888453
TCGA-EJ-7782-11A-01R-2118-07,prad,normal,2.733758991
TCGA-EJ-7783-11A-01R-2118-07,prad,normal,2.702115113
TCGA-EJ-7784-11A-01R-2118-07,prad,normal,2.781096108
TCGA-EJ-7785-11A-01R-2118-07,prad,normal,2.908299587
TCGA-EJ-7786-11A-01R-2118-07,prad,normal,2.678564595
TCGA-EJ-7789-11A-01R-2118-07,prad,normal,2.676950826
TCGA-EJ-7792-11A-01R-2118-07,prad,normal,2.670632042
TCGA-EJ-7793-11A-01R-2263-07,prad,normal,2.77721252
TCGA-EJ-7794-11A-01R-2118-07,prad,normal,2.988217121
TCGA-EJ-7797-11A-01R-2263-07,prad,normal,2.802018374
TCGA-EJ-A8FO-11A-11R-A36G-07,prad,normal,2.771415764
TCGA-G9-6333-11A-01R-1965-07,prad,normal,2.877287291
TCGA-G9-6342-11A-02R-1965-07,prad,normal,2.580400398
TCGA-G9-6348-11A-01R-1789-07,prad,normal,2.845934532
TCGA-G9-6351-11A-01R-1965-07,prad,normal,2.486723165
TCGA-G9-6356-11A-01R-1789-07,prad,normal,2.753561415
TCGA-G9-6362-11A-01R-1789-07,prad,normal,2.756487775
TCGA-G9-6363-11A-01R-1789-07,prad,normal,2.749422138
TCGA-G9-6365-11A-01R-1789-07,prad,normal,2.943924063
TCGA-G9-6384-11A-01R-1858-07,prad,normal,2.563913802
TCGA-G9-6496-11A-01R-1789-07,prad,normal,2.57156917
TCGA-G9-6499-11A-02R-1965-07,prad,normal,2.764517898
TCGA-HC-7211-11A-01R-2118-07,prad,normal,1.495201218
TCGA-HC-7737-11A-02R-2118-07,prad,normal,2.432097395
TCGA-HC-7738-11A-01R-2118-07,prad,normal,2.367829039
TCGA-HC-7740-11A-01R-2118-07,prad,normal,2.375381912
TCGA-HC-7742-11A-01R-2118-07,prad,normal,2.835252876
TCGA-HC-7745-11A-01R-2118-07,prad,normal,2.587832017
TCGA-HC-7747-11A-01R-2118-07,prad,normal,1.889666616
TCGA-HC-7752-11A-01R-2118-07,prad,normal,2.885526793
TCGA-HC-7819-11A-01R-2118-07,prad,normal,2.896645094
TCGA-HC-8258-11A-01R-2263-07,prad,normal,2.279639473
TCGA-HC-8259-11A-01R-2263-07,prad,normal,2.73469608
TCGA-HC-8260-11A-01R-2263-07,prad,normal,2.834131672
TCGA-HC-8262-11A-01R-2263-07,prad,normal,3.102411867
TCGA-J4-A83J-11A-11R-A36G-07,prad,normal,2.959846988
TCGA-AF-2689-11A-01R-A32Z-07,read,normal,3.049796541
TCGA-AF-2691-11A-01R-A32Z-07,read,normal,3.133370089
TCGA-AF-2692-11A-01R-A32Z-07,read,normal,3.047835555
TCGA-AF-3400-11A-01R-A32Z-07,read,normal,2.955787717
TCGA-AF-5654-11A-11R-1660-07,read,normal,2.87210051
TCGA-AG-3725-11A-01R-1736-07,read,normal,2.612912298
TCGA-AG-3731-11A-01R-1736-07,read,normal,2.899943161
TCGA-AG-3732-11A-01R-1660-07,read,normal,2.426344918
TCGA-AG-3742-11A-01R-1660-07,read,normal,2.261085412
TCGA-AH-6643-11A-01R-1830-07,read,normal,2.782484315
TCGA-FX-A2QS-11A-11R-A21T-07,sarc,normal,2.577135601
TCGA-K1-A3PO-11A-12R-A21T-07,sarc,normal,2.406977304
TCGA-GN-A4U8-11A-11R-A32P-07,skcm,normal,2.593857745
TCGA-BR-6453-11A-01R-1802-13,stad,normal,3.103817003
TCGA-BR-6454-11A-01R-1802-13,stad,normal,3.12587948
TCGA-BR-6457-11A-01R-1802-13,stad,normal,2.696972719
TCGA-BR-6458-11A-01R-1802-13,stad,normal,3.010070448
TCGA-BR-6564-11A-01R-1884-13,stad,normal,2.975072824
TCGA-BR-6802-11A-01R-1884-13,stad,normal,2.768980519
TCGA-BR-6852-11A-01R-1884-13,stad,normal,2.79698893
TCGA-BR-7704-11A-01R-2055-13,stad,normal,2.834994513
TCGA-BR-7715-11A-01R-2055-13,stad,normal,2.842025705
TCGA-BR-7716-11A-01R-2055-13,stad,normal,3.008971332
TCGA-BR-7717-11A-01R-2055-13,stad,normal,2.781356475
TCGA-BR-7851-11A-01R-2203-13,stad,normal,3.161071367
TCGA-CG-5720-11A-01R-1602-13,stad,normal,3.151171284
TCGA-CG-5721-11A-01R-1602-13,stad,normal,2.971806581
TCGA-CG-5722-11A-02R-1602-13,stad,normal,2.883499878
TCGA-CG-5728-11A-01R-1602-13,stad,normal,2.947240509
TCGA-CG-5730-11A-01R-1602-13,stad,normal,3.03926254
TCGA-CG-5733-11A-01R-1602-13,stad,normal,2.97720849
TCGA-CG-5734-11A-01R-1602-13,stad,normal,3.012259808
TCGA-FP-7735-11A-01R-2055-13,stad,normal,2.573344107
TCGA-FP-7829-11A-01R-2055-13,stad,normal,2.277099876
TCGA-HU-8238-11A-01R-2343-13,stad,normal,3.048045583
TCGA-HU-A4G3-11A-11R-A24K-31,stad,normal,2.307701511
TCGA-HU-A4GC-11A-11R-A251-31,stad,normal,2.271237153
TCGA-HU-A4GH-11A-11R-A36D-31,stad,normal,2.52731707
TCGA-HU-A4GN-11A-12R-A251-31,stad,normal,2.719558458
TCGA-HU-A4GP-11A-21R-A251-31,stad,normal,2.476780908
TCGA-HU-A4GY-11A-11R-A36D-31,stad,normal,2.215084521
TCGA-HU-A4HB-11A-11R-A251-31,stad,normal,2.11371067
TCGA-IN-7806-11A-01R-2055-13,stad,normal,3.168335226
TCGA-IN-8462-11A-01R-2343-13,stad,normal,2.84593176
TCGA-IN-8663-11A-01R-2402-13,stad,normal,2.710188727
TCGA-IN-AB1V-11A-11R-A414-31,stad,normal,2.992965158
TCGA-IN-AB1X-11A-21R-A39E-31,stad,normal,2.801984198
TCGA-IP-7968-11A-01R-2203-13,stad,normal,2.978241934
TCGA-BJ-A28R-11A-11R-A16R-07,thca,normal,2.684312593
TCGA-BJ-A28W-11A-11R-A32Y-07,thca,normal,2.546135988
TCGA-BJ-A28X-11A-11R-A22L-07,thca,normal,2.55706565
TCGA-BJ-A290-11A-11R-A180-07,thca,normal,2.845483835
TCGA-BJ-A2N7-11A-11R-A18C-07,thca,normal,2.965457362
TCGA-BJ-A2N8-11A-11R-A18C-07,thca,normal,2.932282427
TCGA-BJ-A2N9-11A-11R-A18C-07,thca,normal,2.654118317
TCGA-BJ-A2NA-11A-11R-A19O-07,thca,normal,2.856127787
TCGA-BJ-A3PR-11A-11R-A220-07,thca,normal,2.818403515
TCGA-BJ-A3PU-11A-11R-A220-07,thca,normal,2.752991254
TCGA-DO-A1JZ-11A-11R-A13Y-07,thca,normal,1.985626564
TCGA-E8-A2JQ-11A-11R-A180-07,thca,normal,2.398192229
TCGA-EL-A3GZ-11A-11R-A20F-07,thca,normal,2.807884454
TCGA-EL-A3H1-11A-11R-A21D-07,thca,normal,2.756039572
TCGA-EL-A3H2-11A-11R-A20F-07,thca,normal,2.728257637
TCGA-EL-A3H7-11A-11R-A21D-07,thca,normal,2.775327569
TCGA-EL-A3MW-11A-11R-A20F-07,thca,normal,2.190545146
TCGA-EL-A3MX-11A-11R-A21D-07,thca,normal,2.519859916
TCGA-EL-A3MY-11A-12R-A21D-07,thca,normal,2.779612634
TCGA-EL-A3N2-11A-11R-A20F-07,thca,normal,2.775801281
TCGA-EL-A3N3-11A-11R-A20F-07,thca,normal,2.430791786
TCGA-EL-A3T0-11A-12R-A22L-07,thca,normal,2.947873957
TCGA-EL-A3T1-11A-11R-A22L-07,thca,normal,2.606213239
TCGA-EL-A3T2-11A-11R-A22L-07,thca,normal,3.062347479
TCGA-EL-A3T3-11A-11R-A22L-07,thca,normal,2.843059741
TCGA-EL-A3T6-11A-11R-A220-07,thca,normal,2.636556917
TCGA-EL-A3T7-11A-21R-A22L-07,thca,normal,3.104942762
TCGA-EL-A3T8-11A-11R-A22L-07,thca,normal,2.516364949
TCGA-EL-A3TA-11A-12R-A22L-07,thca,normal,2.187660807
TCGA-EL-A3TB-11A-11R-A22L-07,thca,normal,2.929019332
TCGA-EL-A3ZG-11A-13R-A23N-07,thca,normal,2.741979894
TCGA-EL-A3ZH-11A-11R-A23N-07,thca,normal,2.715404704
TCGA-EL-A3ZK-11A-11R-A23N-07,thca,normal,2.37917309
TCGA-EL-A3ZL-11A-11R-A23N-07,thca,normal,2.37242468
TCGA-EL-A3ZM-11A-12R-A23N-07,thca,normal,2.622927126
TCGA-EL-A3ZO-11A-12R-A23N-07,thca,normal,2.741381262
TCGA-EL-A3ZP-11A-11R-A23N-07,thca,normal,2.293906697
TCGA-EL-A3ZQ-11A-11R-A23N-07,thca,normal,2.880723733
TCGA-EL-A3ZR-11A-11R-A23N-07,thca,normal,1.899333563
TCGA-EL-A3ZS-11A-11R-A23N-07,thca,normal,2.609297498
TCGA-EL-A3ZT-11A-13R-A23N-07,thca,normal,2.634472396
TCGA-EM-A1CS-11A-21R-A13Y-07,thca,normal,2.837898382
TCGA-EM-A1CT-11A-11R-A13Y-07,thca,normal,2.858932799
TCGA-EM-A1CU-11A-11R-A13Y-07,thca,normal,2.363248107
TCGA-EM-A1CV-11A-11R-A13Y-07,thca,normal,2.662369514
TCGA-EM-A1CW-11A-12R-A13Y-07,thca,normal,3.045111899
TCGA-EM-A1YC-11A-11R-A14Y-07,thca,normal,2.786148008
TCGA-EM-A3ST-11A-11R-A22U-07,thca,normal,2.530897376
TCGA-ET-A2MX-11C-11R-A23N-07,thca,normal,2.677619824
TCGA-ET-A2N5-11B-11R-A18C-07,thca,normal,2.722171882
TCGA-ET-A3DP-11A-22R-A21D-07,thca,normal,2.661641808
TCGA-ET-A3DW-11A-11R-A19O-07,thca,normal,2.937956674
TCGA-FY-A3TY-11A-12R-A22U-07,thca,normal,2.61713276
TCGA-GE-A2C6-11A-11R-A16R-07,thca,normal,2.387246383
TCGA-H2-A2K9-11A-11R-A180-07,thca,normal,2.732869707
TCGA-H2-A3RI-11A-11R-A220-07,thca,normal,2.587094195
TCGA-KS-A41I-11A-11R-A23N-07,thca,normal,2.616488118
TCGA-KS-A41J-11A-12R-A23N-07,thca,normal,2.60160675
TCGA-KS-A41L-11A-11R-A23N-07,thca,normal,2.573997136
TCGA-X7-A8D6-11A-22R-A42C-07,thym,normal,2.607078535
TCGA-X7-A8D7-11A-11R-A42C-07,thym,normal,2.550819711
TCGA-AJ-A2QL-11A-11R-A18M-07,ucec,normal,2.725658714
TCGA-AX-A1CF-11A-11R-A137-07,ucec,normal,3.288446799
TCGA-AX-A1CI-11A-11R-A137-07,ucec,normal,2.940192358
TCGA-AX-A1CK-11A-11R-A137-07,ucec,normal,3.168668552
TCGA-AX-A2H8-11A-11R-A17B-07,ucec,normal,2.799948136
TCGA-AX-A2HA-11A-11R-A18M-07,ucec,normal,2.779320551
TCGA-BK-A0CB-11A-33R-A104-07,ucec,normal,2.712294328
TCGA-BK-A13C-11A-11R-A118-07,ucec,normal,2.612754869
TCGA-DI-A2QU-11A-11R-A18M-07,ucec,normal,2.557390964
TCGA-E6-A1M0-11A-11R-A144-07,ucec,normal,2.861369228
TCGA-FL-A1YM-11A-12R-A17B-07,ucec,normal,3.036544633
